"","C[Del(T):R1]A","C[Del(T):R2]A","C[Del(T):R3]A","C[Del(T):R4]A","C[Del(T):R(9,)]C","C[Del(T):R8]C","G[Del(T):R(9,)]A","G[Del(T):R8]A","G[Del(T):R5]C","G[Del(T):R6]C","G[Del(T):R7]C","C[Del(T):R5]G","C[Del(T):R6]G","C[Del(T):R7]G","A[Del(T):R1]G","A[Del(T):R2]G","A[Del(T):R3]G","A[Del(T):R4]G","C[Del(T):R(9,)]G","C[Del(T):R8]G","A[Del(T):R1]A","A[Del(T):R2]A","A[Del(T):R3]A","A[Del(T):R4]A","G[Del(T):R(9,)]C","G[Del(T):R8]C","A[Del(T):R(9,)]A","A[Del(T):R8]A","A[Del(T):R(9,)]G","A[Del(T):R8]G","A[Del(T):R5]C","A[Del(T):R6]C","A[Del(T):R7]C","C[Del(T):R(9,)]A","C[Del(T):R8]A","G[Del(T):R(9,)]G","G[Del(T):R8]G","A[Del(T):R5]A","A[Del(T):R6]A","A[Del(T):R7]A","C[Del(T):R5]C","C[Del(T):R6]C","C[Del(T):R7]C","C[Del(T):R5]A","C[Del(T):R6]A","C[Del(T):R7]A","G[Del(T):R5]A","G[Del(T):R6]A","G[Del(T):R7]A","G[Del(T):R5]G","G[Del(T):R6]G","G[Del(T):R7]G","A[Del(T):R(9,)]C","A[Del(T):R8]C","C[Del(T):R1]C","C[Del(T):R2]C","C[Del(T):R3]C","C[Del(T):R4]C","G[Del(T):R1]A","G[Del(T):R2]A","G[Del(T):R3]A","G[Del(T):R4]A","G[Del(T):R1]C","G[Del(T):R2]C","G[Del(T):R3]C","G[Del(T):R4]C","A[Del(T):R1]C","A[Del(T):R2]C","A[Del(T):R3]C","A[Del(T):R4]C","A[Del(T):R5]G","A[Del(T):R6]G","A[Del(T):R7]G","C[Del(T):R1]G","C[Del(T):R2]G","C[Del(T):R3]G","C[Del(T):R4]G","G[Del(T):R1]G","G[Del(T):R2]G","G[Del(T):R3]G","G[Del(T):R4]G"
"C[Del(T):R1]A",1,0.808996997514402,0.67958105308937,0.382081107280571,0.29015185462577,0.277890490476676,0.28946876220706,0.2809999314739,0.256231301467691,0.264234913192137,0.274589530764558,0.301897174864334,0.283110930956423,0.271075486360969,0.644073293702111,0.657391124820407,0.331747763937526,0.313800504347666,0.28379307523649,0.272775196187443,0.660071037745617,0.381152850556034,0.363330505401444,0.216312013487763,0.289487967700693,0.278476557578351,0.287331002508261,0.279887356971372,0.285094679497505,0.276724476587797,0.282732307574394,0.27808893856701,0.279664769058398,0.287905199160444,0.278386930608295,0.288089477255025,0.28170036665043,0.229227736969657,0.264899246908883,0.276486870854918,0.292767532798521,0.274427808144031,0.266446083998012,0.300535034053798,0.274493200173367,0.277083109960002,0.229006371126677,0.259006350210481,0.27448256404392,0.280103411490199,0.245900999060743,0.270156959099146,0.290048260538624,0.282698153623113,0.554121551286586,0.739152766212053,0.55576042854167,0.342786853646381,0.668072084920305,0.334591147052848,0.321739620480045,0.215824785405265,0.518992189860384,0.391740339936876,0.159881275439253,0.24444877454625,0.477483680140731,0.404468965223344,0.205675460899411,0.259767603413585,0.27785097065038,0.272066524249914,0.272374127319588,0.780203335923877,0.818977915935939,0.711805167161733,0.423997623912392,0.433170089059448,0.676373511263417,0.35222408056587,0.230283540503412
"C[Del(T):R2]A",0.808996997514402,1,0.672263164374284,0.387199281809552,0.265279836857324,0.26537454441733,0.263982917004998,0.270804597067398,0.254566854502714,0.26261721929093,0.265262327026928,0.290760270817619,0.277514992461613,0.263345818295916,0.582306374893822,0.598276531996781,0.322437969231351,0.309178113450375,0.26159863655684,0.260777797046485,0.607478144335415,0.650242557025515,0.362489094394474,0.241177390065854,0.262471751601683,0.266300114022627,0.265322602307305,0.269306505974851,0.262299623649892,0.262844072882357,0.279521378086162,0.271775018656537,0.270330375332201,0.26460475799119,0.26585333798993,0.262926417971392,0.268170178631837,0.236706761881139,0.264215730079371,0.269355568463245,0.28659629378223,0.271345261908719,0.259353882254339,0.296696676841971,0.271145912840725,0.268316331891123,0.235736125555904,0.260599267344594,0.268859849146388,0.277449154882012,0.246695527806651,0.26447253696542,0.265711471229622,0.268086637264757,0.498016151861013,0.706152133083708,0.500516579581515,0.33189546987484,0.599405191263881,0.621803301280291,0.33502334845543,0.228950390554364,0.454116158676776,0.391713950459135,0.17020238412523,0.248210154193149,0.436760751178337,0.381267210964427,0.211617501076501,0.263182717607865,0.273688540788742,0.266354965905009,0.266018262984572,0.662946135232193,0.727345172566214,0.637756345107285,0.398682212616214,0.391817286744938,0.623953005568638,0.346884012325476,0.230893596273115
"C[Del(T):R3]A",0.67958105308937,0.672263164374284,1,0.738122093132524,0.582192726239178,0.587454977185662,0.578419510782922,0.607361986365256,0.566549270509354,0.587086503672659,0.59569424457227,0.650106868416057,0.642388186982024,0.616075897567669,0.692894900398932,0.751685170275479,0.637617182558238,0.676154410226717,0.587856759020154,0.602039360020939,0.752750480058166,0.436426639189457,0.706715548267317,0.560247709340621,0.571855414115955,0.592158060905495,0.591252126224102,0.625733875822455,0.58335290257462,0.610090784548761,0.66063832261697,0.636487324562915,0.618708777190706,0.590230513360003,0.609882873151285,0.576344956199142,0.602422177103862,0.602437029471037,0.641486076443006,0.63524778294097,0.648608481995368,0.600850076799603,0.574791276252011,0.671242632855689,0.639351367365162,0.623807363022635,0.540156268447715,0.588641673462416,0.603185908531874,0.634284151482168,0.555810198466864,0.598095926360694,0.584809107468567,0.60226059734973,0.73107283448694,0.775838270810221,0.794020877651714,0.699294577329497,0.544023684711784,0.309382197915699,0.615910722794936,0.506149670127266,0.537473273499028,0.547769703274971,0.348553602949933,0.554608637093514,0.590643586925882,0.61997510510065,0.511445009679035,0.645244104973198,0.652552761755201,0.640348832120875,0.634106718935898,0.64267216302376,0.670878899478835,0.759825383884148,0.745887414668813,0.586859665340918,0.658808146027487,0.627251309504882,0.480675085526676
"C[Del(T):R4]A",0.382081107280571,0.387199281809552,0.738122093132524,1,0.835828579450225,0.856147027724416,0.82731826590446,0.886500466085115,0.80952455102065,0.846940794089107,0.859458993141586,0.938973563149708,0.952727629318541,0.928651276661277,0.540921689190105,0.659313583951905,0.726605008279132,0.911726288975062,0.857718883184914,0.901741281111027,0.718438399806578,0.36504554562223,0.839102073974186,0.809358334414652,0.814578335992986,0.856717595064072,0.862600389196836,0.931703097634127,0.852854114806485,0.914973972390464,0.957070795145348,0.927178985916324,0.899466921183116,0.855521327369579,0.907655163094034,0.827696510105291,0.887704357409751,0.923832039032693,0.97238796998861,0.952516614635446,0.934782081697985,0.868687681369264,0.833424649120805,0.969690486828197,0.960264662722102,0.931501981006357,0.791669042568968,0.864308309852132,0.88029561227037,0.926712265291633,0.805313814526738,0.879718434815745,0.844425790761592,0.874408719972747,0.748772559865405,0.592850580891034,0.792279148064679,0.963457511089028,0.306411585608984,0.161930352163838,0.744675839864511,0.733112468728609,0.325083611364513,0.438146034799339,0.451090672803326,0.795313579758199,0.450316829710465,0.55695445048317,0.581791043463303,0.880529553752885,0.971667019254408,0.964068476712466,0.95616646810444,0.374096400967422,0.403840825329896,0.536917743258882,0.962884784075095,0.632018612378892,0.469657949122517,0.740362627017951,0.660997415257268
"C[Del(T):R(9,)]C",0.29015185462577,0.265279836857324,0.582192726239178,0.835828579450225,1,0.958522349687853,0.997345824630495,0.964894116880292,0.839710366080313,0.870927006283124,0.920355094993209,0.896812279274379,0.896955125528378,0.918512520224139,0.533370933651251,0.613414154426,0.462392124402496,0.664222886334285,0.985153799490335,0.942252819464823,0.774315871386483,0.318217660746095,0.702138454011763,0.521740825668989,0.995455216965259,0.9499982351128,0.986476286285641,0.945493002805398,0.985280886764368,0.947921704658309,0.885417479588855,0.897240842309683,0.928147343423222,0.988208292949341,0.950302083938943,0.996615289279258,0.969686635356993,0.705446855147385,0.861253839698764,0.919302574243948,0.918238618698221,0.891527658858094,0.90752472773072,0.886595349772647,0.893872819802983,0.927379127528957,0.750194751691421,0.869313834510907,0.9308358672812,0.890064014711786,0.816162997143514,0.921436122617187,0.994668246834514,0.958582537206653,0.811485443409887,0.49887922346955,0.734204547135368,0.893529507395451,0.220875512366974,0.0885431633496186,0.531791135959998,0.635458567955998,0.305604151359242,0.453237674158959,0.440634828302632,0.746923043925576,0.435794979870483,0.578514724890186,0.346660662885064,0.685780286876016,0.871724768399834,0.884310149193508,0.911352565299753,0.31705784360065,0.266857881815441,0.380359307981364,0.851478912193407,0.677213654095159,0.45211459859249,0.642265940723541,0.66302863166322
"C[Del(T):R8]C",0.277890490476676,0.26537454441733,0.587454977185662,0.856147027724416,0.958522349687853,1,0.947859654655079,0.994537585925044,0.934285682945028,0.955852558580874,0.986495096913721,0.91276965298399,0.917955394534439,0.932896211395845,0.520699808965487,0.599101049946216,0.482244897875812,0.690772549989523,0.929562520612125,0.938769090412272,0.716053537458215,0.302377537677093,0.699066489316141,0.546528536091003,0.950777554745851,0.996491273534244,0.930973571611731,0.941535467201482,0.926932000899421,0.942373472160503,0.930996443826,0.957198485206742,0.985062671968614,0.929499560789871,0.945506610116394,0.946920748662125,0.988122769579464,0.732228110074462,0.882136895100642,0.930580406700892,0.949759330913037,0.96871500097434,0.983134699909461,0.907855187776886,0.914756718350162,0.938346047106322,0.856591014601118,0.952064931445637,0.990347918215352,0.952536304387113,0.912932738802199,0.984985001134354,0.952668640055727,0.995713852681518,0.782347955801315,0.507113854086848,0.760984451491979,0.92233034736478,0.216220228016977,0.0952261998840144,0.614575211447005,0.752334828256485,0.317461780092648,0.506128923017693,0.586029766861812,0.856332320218019,0.427046697337011,0.585312533484755,0.385576794161509,0.727803931456748,0.892038983253458,0.909266387462562,0.928977520983783,0.310245010600817,0.272010786061407,0.380824245517512,0.864401099973396,0.644137604969802,0.475314430240803,0.742973888536017,0.790540427116693
"G[Del(T):R(9,)]A",0.28946876220706,0.263982917004998,0.578419510782922,0.82731826590446,0.997345824630495,0.947859654655079,1,0.956834996391968,0.832975065533711,0.864057003210681,0.911413058877775,0.884462928661702,0.883989340658432,0.90506677459446,0.532625831911718,0.608861454539826,0.45866381090244,0.657425400325449,0.982329784170881,0.930723975248755,0.774486654421808,0.315511116917913,0.696754605186908,0.517306452499,0.997998858620224,0.942096868052477,0.985021743438231,0.935453468791782,0.983471090312537,0.937042077963485,0.876295897523013,0.887164475529341,0.916916898421071,0.985677093105741,0.938118483749851,0.998143223309757,0.961250905850944,0.696745346074306,0.850873842079355,0.907460134634804,0.907685165980431,0.88177122278674,0.897192338225774,0.874566053182148,0.881817416268416,0.913879549519039,0.745463131687,0.861722166054195,0.921501637347834,0.881072277089883,0.81110163107805,0.913052018009791,0.993327587629305,0.948861250803867,0.806931971338913,0.498064893632729,0.726650005084298,0.882089580897936,0.21745243745047,0.0887049823222645,0.532327861520816,0.632676728805821,0.306301060624786,0.45352825888788,0.442278059652193,0.742639332660452,0.436951825462794,0.574819677223555,0.345610967585071,0.679988848664262,0.859840036691185,0.8725911662665,0.899468161307674,0.314850548493874,0.264991535763541,0.37887854900882,0.840235561404314,0.671341331310708,0.450670112547963,0.641058969561679,0.660188766745966
"G[Del(T):R8]A",0.2809999314739,0.270804597067398,0.607361986365256,0.886500466085115,0.964894116880292,0.994537585925044,0.956834996391968,1,0.921692958463209,0.949981844164294,0.980505721695946,0.938888896940256,0.943425715629575,0.955694083968436,0.521871200151612,0.610879323449376,0.508554607961434,0.724204578865832,0.94619181326434,0.959063392963643,0.72426251616638,0.306414777022284,0.720207498168969,0.578592431548141,0.956342201118283,0.992249458046114,0.949704168491674,0.964289029417948,0.944413549593163,0.963061131242454,0.94734886024604,0.963200501998743,0.984481471730457,0.946273902116234,0.963965979077953,0.955108314713796,0.994979576537102,0.764106769010249,0.911491383456739,0.954910041329582,0.967847751355483,0.964332679424204,0.971577993544101,0.935491473967597,0.942588973219432,0.959585205379526,0.84777269297288,0.950182939953884,0.990220712027502,0.96014891754349,0.902414520333586,0.984442357892357,0.963364104801498,0.993840877454298,0.783318853815547,0.514422890637591,0.766448291234848,0.945134954249909,0.221116661153414,0.0931854041768319,0.620401669959747,0.740955806536112,0.310864812104956,0.490594950578258,0.550621608528873,0.846750860808421,0.430639287244143,0.581885146784526,0.400575289420844,0.751063132839098,0.920440262819371,0.934195385075011,0.952718008926442,0.309176315320348,0.280727322069435,0.398399793602341,0.894587155137145,0.652792176971723,0.468313932482933,0.733930100049311,0.765687377644809
"G[Del(T):R5]C",0.256231301467691,0.254566854502714,0.566549270509354,0.80952455102065,0.839710366080313,0.934285682945028,0.832975065533711,0.921692958463209,1,0.989436724586936,0.964684316425729,0.8068547024771,0.818590865543844,0.813122606444448,0.466092958578913,0.533193863348409,0.519739485230607,0.699468100767533,0.782498883888434,0.796956441754194,0.612421138898348,0.261094539470836,0.676810698798913,0.60201558220317,0.842025536318866,0.946323981687264,0.786345627798408,0.82053773650837,0.778333581023822,0.808186848376937,0.91098966029487,0.936926105966474,0.948056646792436,0.781710377044775,0.806501161399824,0.826618198424857,0.896160699843636,0.736071488296869,0.818415265510581,0.8266450811022,0.883872002831199,0.976820677008412,0.974868362547571,0.82284141727184,0.822250123939568,0.817192187125309,0.971398050709574,0.986782766372733,0.960313902820139,0.955486291126998,0.990917983329689,0.964067924909454,0.825457251481481,0.92874553211345,0.69539403050557,0.504492049361725,0.744010601351654,0.857013370937391,0.194606690426927,0.10469565301002,0.760026885235099,0.912261381850215,0.327897722261657,0.577225803211383,0.804927731411473,0.972118766066395,0.407828627073972,0.564373279452187,0.480245246873894,0.757844733069261,0.81537779077628,0.828993690715485,0.830832694662874,0.290355590763819,0.267859938049557,0.375732138119727,0.786925545139713,0.553218178022962,0.497529369080747,0.882837325418371,0.940573468843322
"G[Del(T):R6]C",0.264234913192137,0.26261721929093,0.587086503672659,0.846940794089107,0.870927006283124,0.955852558580874,0.864057003210681,0.949981844164294,0.989436724586936,1,0.98262673476429,0.853153998410128,0.868868284011669,0.864424205095538,0.485009532510141,0.558805695878116,0.529095969958632,0.725084362586419,0.827330915421551,0.848397602258288,0.641606226668578,0.274431021258105,0.698229531642123,0.616945550557332,0.870205636858987,0.96681840806891,0.832115938168166,0.871041168298423,0.823738274226983,0.85846546850433,0.938351918087474,0.964056628788119,0.972794920706704,0.826652144124556,0.856487536409542,0.859679527226492,0.929632443815574,0.766910974522369,0.864058100735145,0.876405618207719,0.91867458923967,0.991714106768655,0.986460052662351,0.866544443447669,0.869833663984186,0.867623603397654,0.957325784406039,0.993065120306218,0.980789474721074,0.972084601095176,0.985524987731827,0.984459165101425,0.863139229776325,0.955224013644951,0.719352722124493,0.514297613849874,0.757867535714118,0.8938405344592,0.19819694569221,0.102931013067496,0.738778212978726,0.887721695403977,0.324601757804133,0.55799395716975,0.753590561210042,0.95581765125904,0.413796638031057,0.571397134029074,0.471059108085099,0.774716635032624,0.859677892318586,0.877075869677593,0.879847654792015,0.295042614389812,0.275307972203475,0.386428176246856,0.827777759573479,0.577257387006078,0.492709366337046,0.855686981057721,0.910313794513326
"G[Del(T):R7]C",0.274589530764558,0.265262327026928,0.59569424457227,0.859458993141586,0.920355094993209,0.986495096913721,0.911413058877775,0.980505721695946,0.964684316425729,0.98262673476429,1,0.897315165082336,0.904719115180719,0.910210164909371,0.510975263076224,0.585901686529999,0.503154839374686,0.709254317983796,0.887113362550022,0.905300876561875,0.687956511085571,0.291710800067885,0.698455781490008,0.574335205475775,0.917153670173529,0.993528752990414,0.888087320975529,0.91355901005865,0.883782322114964,0.9113047317033,0.944084727029976,0.974624362643348,0.992212340643763,0.884810472764756,0.910373494426616,0.91089675716978,0.970086414022848,0.747596468564589,0.878981318259347,0.912711832423642,0.946575669983793,0.987213890347698,0.995031722709976,0.898431710765944,0.90068004544133,0.913429071502941,0.902965807301165,0.973644984210427,0.994771695603467,0.96797406826878,0.9511857470329,0.995245073103758,0.915975900759047,0.987967481620356,0.759539758602783,0.515038865099493,0.769853062117271,0.919470533538223,0.21368214178551,0.098701599586803,0.67027892344122,0.814046643652218,0.320570922857239,0.53378749410864,0.66638742420855,0.904051699555662,0.424840515324884,0.582803187964484,0.421971335244096,0.75278253686771,0.884994958453938,0.906123829201487,0.916552283873539,0.307464341146178,0.2750706700611,0.385607904875848,0.857024095524461,0.621631372778673,0.484637979983419,0.795848143573573,0.849621936391699
"C[Del(T):R5]G",0.301897174864334,0.290760270817619,0.650106868416057,0.938973563149708,0.896812279274379,0.91276965298399,0.884462928661702,0.938888896940256,0.8068547024771,0.853153998410128,0.897315165082336,1,0.988702525958403,0.989081279012933,0.51019159931341,0.636957762185744,0.557743599044551,0.787358048955468,0.925417399969792,0.978494916310487,0.71046759301552,0.302997902167548,0.73243748254819,0.623920698660383,0.87224489418835,0.906595307515754,0.922253935071022,0.97225340529505,0.917713752538771,0.977319993451081,0.940821053618706,0.923770044377545,0.923504250052699,0.918645915125674,0.973853230608393,0.888020597137503,0.950339736891497,0.808956404278365,0.946582081197607,0.977145933211103,0.982257668674689,0.88755178490775,0.872159763761469,0.987295355505015,0.984372964755699,0.981997460511029,0.733691321346297,0.861702264330954,0.918185441800246,0.926590570649252,0.785856475513626,0.912218290953075,0.906237667250833,0.921706531308016,0.746672334139458,0.525624778751096,0.758110423375965,0.982039098647483,0.267676800617974,0.0771062733470751,0.561532627887301,0.625967456230888,0.277939370979823,0.403108593302549,0.369029104067837,0.736797510200015,0.420589697350517,0.537837406063585,0.397837144269035,0.768549695740996,0.97313895397327,0.969805103091442,0.978579693917779,0.319198742021669,0.32584006672834,0.461105622092803,0.967122649806668,0.656753893101551,0.428693769958927,0.63266702994748,0.616569275002663
"C[Del(T):R6]G",0.283110930956423,0.277514992461613,0.642388186982024,0.952727629318541,0.896955125528378,0.917955394534439,0.883989340658432,0.943425715629575,0.818590865543844,0.868868284011669,0.904719115180719,0.988702525958403,1,0.993089238149837,0.497468742473365,0.626116613227329,0.600658536322918,0.824898460245428,0.923522395826841,0.977628613187802,0.698269397314308,0.30510777164526,0.766561767646114,0.683191807523383,0.871538420046423,0.911595242025627,0.922142232529255,0.981884571599442,0.915470106489176,0.979680938850964,0.956770711627238,0.944085224894214,0.937434840362743,0.918805301875659,0.978313847920025,0.887170758705107,0.951604117424786,0.857107502704638,0.973528378387729,0.991335329780751,0.975583700684358,0.900382050018708,0.880827037515233,0.991738972521815,0.994487387716477,0.990619151857362,0.763301898065128,0.878572845583351,0.925876433298012,0.939677686449754,0.806506696857755,0.922249539811838,0.905938093879959,0.929032839643671,0.741498357549791,0.511039928556733,0.751417186523792,0.979851562022189,0.24197067306464,0.0795894491145025,0.609273243216971,0.665668653708643,0.27135923094895,0.398355525065025,0.394361880798712,0.76181663098456,0.410189207474711,0.539064280844255,0.448056506881629,0.807143593940644,0.987125824701541,0.988889344431807,0.993414162926226,0.302594352799487,0.306709369409031,0.441761975196239,0.95961722973639,0.643191250682772,0.412138736668262,0.658749094625735,0.635412189722446
"C[Del(T):R7]G",0.271075486360969,0.263345818295916,0.616075897567669,0.928651276661277,0.918512520224139,0.932896211395845,0.90506677459446,0.955694083968436,0.813122606444448,0.864424205095538,0.910210164909371,0.989081279012933,0.993089238149837,1,0.500159398006371,0.619913193718619,0.550045947400132,0.779090000657772,0.943734207324171,0.99320717384002,0.706487581594259,0.30556820347914,0.736193920921061,0.625205076778825,0.893980454378133,0.923961225844195,0.942494323324385,0.988463023303737,0.937967197160927,0.992614056181523,0.941347839727377,0.934046225816394,0.938325045722459,0.938879526469295,0.99053882096951,0.909208554253173,0.967363538419195,0.813478845374805,0.954870324481217,0.989539140129039,0.975955426057457,0.899354142474036,0.888630796317488,0.982194739737402,0.98915027740923,0.995241952762498,0.742244917444762,0.872175998846913,0.931460600252546,0.9280775487625,0.79671343462193,0.926442387258268,0.928013404584652,0.940313917243287,0.749431488180948,0.493723968077617,0.739245821782836,0.971842847876208,0.23224308904851,0.0771701027211116,0.558171518199095,0.632900496868826,0.265168570412098,0.392171903120613,0.375691201527758,0.741762542499996,0.40668652068345,0.536506421877453,0.396387228877879,0.767366300468838,0.973872642550633,0.977647941938078,0.990054158730236,0.292505838294373,0.28568263562614,0.415812385724057,0.94632758623115,0.650313183768315,0.403813714951627,0.6276803039611,0.622246855167779
"A[Del(T):R1]G",0.644073293702111,0.582306374893822,0.692894900398932,0.540921689190105,0.533370933651251,0.520699808965487,0.532625831911718,0.521871200151612,0.466092958578913,0.485009532510141,0.510975263076224,0.51019159931341,0.497468742473365,0.500159398006371,1,0.736617613687075,0.451129391681759,0.462222265342158,0.526881307541409,0.511133213686621,0.741144039345551,0.381574826742159,0.534167529736545,0.335612096040336,0.535037922640643,0.522058894422925,0.530396211027516,0.511314830833368,0.531014516478516,0.515676586476957,0.498332649599351,0.504320944942726,0.513976358753204,0.528663479026547,0.512656919581296,0.535350431132372,0.528568131663751,0.390166648389274,0.469849528928117,0.499362456401366,0.513233838718687,0.498840314174584,0.501442326227542,0.503274062342326,0.489402599003324,0.503051660509299,0.416525551056776,0.473942127781247,0.508975614393556,0.497007352431914,0.455717524413035,0.507658126580577,0.537006007482566,0.526435091514413,0.712540973375851,0.698456516062638,0.70770007210417,0.541820560773066,0.557071906970376,0.25254543137019,0.427772440222392,0.374365896237751,0.573324778184802,0.550873487371968,0.297541105528301,0.43525040706139,0.652636636105411,0.681221279270092,0.333240308408317,0.444989369895052,0.491285629373893,0.490094960525307,0.499115493943734,0.680291411183015,0.577814147306392,0.639490423673225,0.565788682594954,0.561927395583056,0.617847326663703,0.490136028888133,0.401844503970742
"A[Del(T):R2]G",0.657391124820407,0.598276531996781,0.751685170275479,0.659313583951905,0.613414154426,0.599101049946216,0.608861454539826,0.610879323449376,0.533193863348409,0.558805695878116,0.585901686529999,0.636957762185744,0.626116613227329,0.619913193718619,0.736617613687075,1,0.592645541330036,0.626786501515946,0.621471322394708,0.62299058824821,0.818529879162076,0.35085379663701,0.685179455627554,0.479173413356999,0.60498806234487,0.597635588386971,0.622120786787229,0.627344832912254,0.620947387578101,0.627534428981015,0.622175469830517,0.605404485278214,0.605549298815563,0.622835073057979,0.627199739756668,0.61098433812227,0.619524507723167,0.522845403239349,0.599794921119966,0.622070505051357,0.628149501707626,0.582411280565529,0.570585642030282,0.629754964444432,0.613184559296819,0.625055423281839,0.479405237617012,0.551361589390077,0.59330622262468,0.600887324172712,0.518902086108559,0.590593517841087,0.619229339229375,0.60931926084736,0.733249139273319,0.762930517258074,0.760698699429441,0.664236419744228,0.551301143066058,0.159276623295272,0.496241410386921,0.427664282925549,0.515534935922096,0.513907326398131,0.292138081640861,0.49699177280422,0.691060602668628,0.734304976124111,0.465034326827819,0.619973754352212,0.629633500497894,0.616488608571238,0.619938810420463,0.663547925389479,0.671057105075672,0.718900632715043,0.705045775808558,0.596500295283561,0.66778165293473,0.552712631144462,0.43367975319142
"A[Del(T):R3]G",0.331747763937526,0.322437969231351,0.637617182558238,0.726605008279132,0.462392124402496,0.482244897875812,0.45866381090244,0.508554607961434,0.519739485230607,0.529095969958632,0.503154839374686,0.557743599044551,0.600658536322918,0.550045947400132,0.451129391681759,0.592645541330036,1,0.8932271685931,0.476717946099334,0.50832769228628,0.505496299252014,0.243513021416795,0.903415132212541,0.885837190454922,0.450106002649476,0.488122283295896,0.487130060260667,0.567859948562005,0.477226314211508,0.536089804082921,0.682343779150015,0.631410517412074,0.563275799345972,0.479391071436663,0.526481585326166,0.458148290005017,0.503033210041421,0.80127011183536,0.694546287575979,0.605908376245591,0.551486599715114,0.53967142036212,0.487548787727253,0.625651362453819,0.616837741265037,0.565735063177629,0.579745053417804,0.551357117025484,0.51825196831212,0.611417754884207,0.536671497494684,0.528391092159989,0.470499189747683,0.510504372766739,0.503889057952392,0.530360493338415,0.648675559055145,0.626631278043395,0.288105135365604,0.0979098274252324,0.814957718987336,0.618933320636475,0.325450584163579,0.38073892321411,0.414653679013923,0.595112511771999,0.455209809742786,0.559283491507582,0.927464450359029,0.88195801681418,0.684208872407603,0.652848290146104,0.618032959088944,0.348398551378086,0.391820960382569,0.522000115268292,0.645857405130976,0.407690631149538,0.390725408538178,0.687881550772942,0.481187574537142
"A[Del(T):R4]G",0.313800504347666,0.309178113450375,0.676154410226717,0.911726288975062,0.664222886334285,0.690772549989523,0.657425400325449,0.724204578865832,0.699468100767533,0.725084362586419,0.709254317983796,0.787358048955468,0.824898460245428,0.779090000657772,0.462222265342158,0.626786501515946,0.8932271685931,1,0.686400741566156,0.735244187579969,0.612471946773189,0.281565085100283,0.91216753687647,0.951188942805121,0.645388180372032,0.695129210120682,0.697354885148584,0.790371084182769,0.685725105246018,0.760814991660593,0.874260039227936,0.829297147742952,0.767167625945008,0.687023670729028,0.749264305502894,0.657260232249496,0.721419094913275,0.958053667735214,0.901512727113365,0.828109235655474,0.776575760167997,0.740011189847407,0.685396669960252,0.847882128341486,0.839464698035962,0.789542854956842,0.742384530236384,0.751787863986202,0.730234384390342,0.821503707849034,0.714422844647015,0.738069419477733,0.676016187781808,0.718458488192617,0.618587333345234,0.532937702481072,0.714157349223275,0.834807868839061,0.276625575697959,0.0918330145345962,0.838618210045001,0.742629644652051,0.293867645930202,0.390393536760026,0.460014901338347,0.747814571612031,0.459032049967945,0.554854503483741,0.798707169223322,0.961748390352867,0.889637812918132,0.868950774899041,0.838982371753439,0.320238122455381,0.372736543848114,0.51391450427624,0.842905990047964,0.527867086697935,0.410943512232426,0.75067296031102,0.606629587570173
"C[Del(T):R(9,)]G",0.28379307523649,0.26159863655684,0.587856759020154,0.857718883184914,0.985153799490335,0.929562520612125,0.982329784170881,0.94619181326434,0.782498883888434,0.827330915421551,0.887113362550022,0.925417399969792,0.923522395826841,0.943734207324171,0.526881307541409,0.621471322394708,0.476717946099334,0.686400741566156,1,0.967635349300426,0.772041605403495,0.319629804235685,0.707866681428112,0.537274645534268,0.973140344488705,0.918377443530675,0.995004441630586,0.96221871210018,0.99552079358329,0.96846679899802,0.881770448216114,0.880978539010181,0.904618055089094,0.998142338487444,0.969208328805073,0.986663275749337,0.961900073244172,0.724482328468314,0.881984210988232,0.938248015333146,0.927550386299171,0.859904938017926,0.867273787159595,0.911081649360247,0.918275309606386,0.947231337748812,0.693912039010174,0.828167372269987,0.90216986832405,0.874058921186107,0.763067847820951,0.895070280953024,0.985671156648022,0.933257571504517,0.799543486125723,0.492772392529291,0.720637321082569,0.909524238623283,0.223062205875699,0.0790435873788849,0.492788909299774,0.577229233949134,0.280264284232403,0.402573998969804,0.354549961714764,0.69119909927678,0.422537265320451,0.555377147031163,0.336901057764075,0.68904117864574,0.898316531075811,0.905959180590106,0.931825577613703,0.309520457122948,0.269171778264517,0.389615354371055,0.879519301114417,0.679177664203253,0.419730811204126,0.58627862758928,0.592456814170182
"C[Del(T):R8]G",0.272775196187443,0.260777797046485,0.602039360020939,0.901741281111027,0.942252819464823,0.938769090412272,0.930723975248755,0.959063392963643,0.796956441754194,0.848397602258288,0.905300876561875,0.978494916310487,0.977628613187802,0.99320717384002,0.511133213686621,0.62299058824821,0.50832769228628,0.735244187579969,0.967635349300426,1,0.726427121115825,0.309850413090958,0.714364573752275,0.57323954058062,0.920376399111533,0.927761328283943,0.964668798304337,0.987706085499958,0.962578192313667,0.996911298926731,0.917936882865496,0.914451885359769,0.928966267105213,0.962605439149244,0.995412689250753,0.936264055612673,0.974750211177221,0.769152030667049,0.928888961673242,0.978153243799846,0.966024151184765,0.885948041703955,0.884314858302465,0.963707953529633,0.972103552588707,0.988799355927127,0.712668870532977,0.853053011505542,0.924872877398485,0.907907864320045,0.777772999092149,0.919320947171272,0.951036335058808,0.94356294740263,0.76466363231249,0.488669211394826,0.728963015897025,0.955811172664513,0.234317780693299,0.0762366605654951,0.51140144673572,0.594819558624595,0.267405066874764,0.388966194243296,0.351925929176841,0.712450484621466,0.409884204946493,0.538546178738034,0.353005371673069,0.726968814494639,0.951779400338011,0.956836406494146,0.976823504487407,0.295791914295035,0.277252596120537,0.404588212421929,0.928301266846303,0.664172669276951,0.404722744788828,0.596655170763751,0.601113498848435
"A[Del(T):R1]A",0.660071037745617,0.607478144335415,0.752750480058166,0.718438399806578,0.774315871386483,0.716053537458215,0.774486654421808,0.72426251616638,0.612421138898348,0.641606226668578,0.687956511085571,0.71046759301552,0.698269397314308,0.706487581594259,0.741144039345551,0.818529879162076,0.505496299252014,0.612471946773189,0.772041605403495,0.726427121115825,1,0.440936026714124,0.688203639517937,0.467470643732855,0.773016760905541,0.71229202239757,0.775902369741079,0.731972987059436,0.777039093840969,0.734670202733806,0.688105512099539,0.687256754365086,0.701551966988259,0.776728416217479,0.731998135506661,0.777012185477867,0.73771536734693,0.557123297993656,0.667684711968257,0.710845541453015,0.708509761271309,0.665528447720514,0.669968848745484,0.700750825090531,0.688752407201339,0.715408319568806,0.539654795997763,0.634358835117724,0.691484512416021,0.676173753414355,0.594685964549855,0.686064709804711,0.776462916205864,0.725119848482215,0.839761149767062,0.727499424286864,0.762186329267582,0.725291661922556,0.55086741350547,0.236768920685965,0.484162122855645,0.465425095240694,0.505127123479011,0.504612754455262,0.307133555246704,0.547496652651175,0.658047706408945,0.681013098155781,0.364534338295351,0.608704268877896,0.689810041423875,0.689283890558378,0.704560557908227,0.618096540342561,0.607487919419895,0.633909170359291,0.750472919303044,0.691969415334735,0.650098666422187,0.553322570592413,0.483401512928458
"A[Del(T):R2]A",0.381152850556034,0.650242557025515,0.436426639189457,0.36504554562223,0.318217660746095,0.302377537677093,0.315511116917913,0.306414777022284,0.261094539470836,0.274431021258105,0.291710800067885,0.302997902167548,0.30510777164526,0.30556820347914,0.381574826742159,0.35085379663701,0.243513021416795,0.281565085100283,0.319629804235685,0.309850413090958,0.440936026714124,1,0.360394435973865,0.276670467757546,0.31265761975427,0.298925852282349,0.319176185168847,0.314794760657526,0.318171270790722,0.311715280112993,0.3044585589909,0.29920964975911,0.301684630379013,0.321977927852681,0.316407072232168,0.316544137102581,0.30952129102752,0.265089359012001,0.299220576238793,0.310713417248021,0.303829367462954,0.284156746528574,0.2838640167576,0.31262074477122,0.301562269385749,0.312187734648893,0.236575097739902,0.27349544530086,0.29529156877927,0.292239058733129,0.252867584678278,0.291122044047955,0.316384948645285,0.306020389985748,0.37126046169517,0.31348659095527,0.317462252190843,0.31001520759426,0.22903948064735,0.915165156105384,0.267034304186138,0.22072329214494,0.234025102046411,0.27575427707202,0.133293771171403,0.238644727528016,0.357823240515471,0.400521740457938,0.202883308064828,0.295908843068516,0.305660524757259,0.302704112532407,0.307095375210565,0.252461067489511,0.14943770643326,0.215316167659046,0.304942744028349,0.289062456802893,0.251386813303747,0.235659816885747,0.200670744923459
"A[Del(T):R3]A",0.363330505401444,0.362489094394474,0.706715548267317,0.839102073974186,0.702138454011763,0.699066489316141,0.696754605186908,0.720207498168969,0.676810698798913,0.698229531642123,0.698455781490008,0.73243748254819,0.766561767646114,0.736193920921061,0.534167529736545,0.685179455627554,0.903415132212541,0.91216753687647,0.707866681428112,0.714364573752275,0.688203639517937,0.360394435973865,1,0.864769859184095,0.688236572364294,0.698988184974719,0.71768037910247,0.766920768075457,0.708062999063732,0.737900142234128,0.833232192769998,0.794599191001898,0.752787817594359,0.714153863966841,0.73659161973437,0.695579203706972,0.716266528376133,0.852429615585648,0.828685541026173,0.785042623813985,0.734794785503376,0.714027573049004,0.681084927982647,0.782116753015563,0.777207492295943,0.760262689056181,0.683882431521155,0.709864637958935,0.712536139035673,0.766732931153791,0.677332673795427,0.713288479366192,0.706230146291366,0.722821113663834,0.685667417045353,0.564588759474795,0.738005198368237,0.780896066046595,0.301428305960178,0.152682675792824,0.797322746794014,0.667796747949896,0.366140806838134,0.438842639977914,0.434718844599034,0.690230209610816,0.539825957344266,0.668593740479467,0.853449602668807,0.933332997333185,0.822222511734999,0.802275348835319,0.785573655874669,0.370491039341617,0.369479269832029,0.50718846644321,0.778241878752091,0.556576977579927,0.439870893697252,0.716177173669514,0.570121211966044
"A[Del(T):R4]A",0.216312013487763,0.241177390065854,0.560247709340621,0.809358334414652,0.521740825668989,0.546528536091003,0.517306452499,0.578592431548141,0.60201558220317,0.616945550557332,0.574335205475775,0.623920698660383,0.683191807523383,0.625205076778825,0.335612096040336,0.479173413356999,0.885837190454922,0.951188942805121,0.537274645534268,0.57323954058062,0.467470643732855,0.276670467757546,0.864769859184095,1,0.505913831340555,0.553523564814931,0.552979362115367,0.653599513419683,0.538890222906142,0.608629984192221,0.769073477914924,0.72064672144234,0.641036056039534,0.542190936747781,0.597352780063449,0.515493271756101,0.569288368119632,0.946310113049597,0.810858835634879,0.699395397820494,0.621578127186388,0.619203378941087,0.554983201427088,0.712159209395675,0.706341009728402,0.645283654622374,0.696319117135045,0.651619272917478,0.594649906183085,0.712167890314278,0.634425203850279,0.607342974223292,0.530753855633542,0.578612521034636,0.477450177852394,0.405141214844506,0.573695822979084,0.68664008323339,0.178422979936622,0.123088471588495,0.858624897054039,0.739111295275932,0.211131340415748,0.299630285381296,0.457151432119682,0.693154503701702,0.351348636251936,0.449834539886707,0.83380509693375,0.923905226673171,0.772657307980354,0.752509240990073,0.710588223068872,0.209944096536195,0.257709664856033,0.386327463813277,0.689856595221989,0.397274388977721,0.284719570878448,0.702858948443721,0.553208101581623
"G[Del(T):R(9,)]C",0.289487967700693,0.262471751601683,0.571855414115955,0.814578335992986,0.995455216965259,0.950777554745851,0.997998858620224,0.956342201118283,0.842025536318866,0.870205636858987,0.917153670173529,0.87224489418835,0.871538420046423,0.893980454378133,0.535037922640643,0.60498806234487,0.450106002649476,0.645388180372032,0.973140344488705,0.920376399111533,0.773016760905541,0.31265761975427,0.688236572364294,0.505913831340555,1,0.947304455409551,0.977877543197297,0.924889148684814,0.977448842120746,0.928350176269944,0.871052280090001,0.887882236733266,0.919275196837025,0.977103598624236,0.92744464666163,0.996374896436998,0.960199332694863,0.6830404853601,0.838043056292247,0.896030374467481,0.899934166958507,0.885199526322037,0.904276555693864,0.861749117068728,0.868746128736139,0.902728833814535,0.753543110102857,0.865124744526388,0.923770826718518,0.879275556207574,0.820352381897435,0.916568968828759,0.992736158903659,0.952448247538824,0.806223858640328,0.495853954421546,0.727385031237882,0.871971018118995,0.218557612844803,0.0904326694012589,0.53607217784081,0.642679746896752,0.311355023302137,0.464189538293905,0.464812642495444,0.751494161615822,0.43840189290049,0.577090357798707,0.342614437990698,0.671606984659345,0.847754853405496,0.8627569083109,0.889467547748055,0.315368575774351,0.261307752752075,0.372904517087335,0.826673106254318,0.66984593964991,0.456249041687335,0.650632377955799,0.67593659883132
"G[Del(T):R8]C",0.278476557578351,0.266300114022627,0.592158060905495,0.856717595064072,0.9499982351128,0.996491273534244,0.942096868052477,0.992249458046114,0.946323981687264,0.96681840806891,0.993528752990414,0.906595307515754,0.911595242025627,0.923961225844195,0.522058894422925,0.597635588386971,0.488122283295896,0.695129210120682,0.918377443530675,0.927761328283943,0.71229202239757,0.298925852282349,0.698988184974719,0.553523564814931,0.947304455409551,1,0.92134139064891,0.932546367272331,0.91767874212342,0.933313316483107,0.935656719421984,0.964009687267376,0.988409206673296,0.917834575066535,0.932709815788407,0.941065313070275,0.985118348491419,0.733398012407051,0.879266365362983,0.923472064292046,0.948995358977387,0.975490551402334,0.988344647499481,0.902775371050157,0.908368975524388,0.928130931351729,0.873174027374956,0.959830621069988,0.993435041288636,0.958102788708859,0.92845304344449,0.991141451942702,0.946891206248646,0.996239776211312,0.777553938253305,0.512304310018457,0.765141967300999,0.92040844460845,0.217180777413663,0.0970238761596646,0.6357226355091,0.773835125629651,0.320959967518473,0.519087578422392,0.617146830904697,0.873597516612602,0.429860381019902,0.586835735273626,0.396935564859854,0.735003098231972,0.88766047772781,0.907270824354974,0.924169452615786,0.310120225488508,0.272896862825535,0.384513879388093,0.860553641822316,0.639415329075214,0.480269420776981,0.76391226727904,0.812696809412123
"A[Del(T):R(9,)]A",0.287331002508261,0.265322602307305,0.591252126224102,0.862600389196836,0.986476286285641,0.930973571611731,0.985021743438231,0.949704168491674,0.786345627798408,0.832115938168166,0.888087320975529,0.922253935071022,0.922142232529255,0.942494323324385,0.530396211027516,0.622120786787229,0.487130060260667,0.697354885148584,0.995004441630586,0.964668798304337,0.775902369741079,0.319176185168847,0.71768037910247,0.552979362115367,0.977877543197297,0.92134139064891,1,0.96800349015446,0.9984669419829,0.970525579563417,0.888229127985387,0.886536341609815,0.90770087495398,0.997191381918426,0.967710315793991,0.986880172936524,0.9631430032729,0.735379665737118,0.890303972770995,0.943216641502242,0.925803227958284,0.861701389427312,0.867922741016236,0.912197093432436,0.921289541366024,0.948018038741746,0.699806973792882,0.83379075840522,0.904901700449573,0.874981009273455,0.76658178076232,0.896848151924797,0.992627463089538,0.937202335189295,0.801454382839001,0.494715987000906,0.723005061527089,0.909710163600556,0.2265193213238,0.0822840391573585,0.505671962571195,0.583823877936441,0.287599270004575,0.404529992908001,0.355001668423158,0.697293940654622,0.429110771978395,0.558111283556878,0.349386614544045,0.700381227174144,0.90066287678074,0.908815758573282,0.934658288426931,0.310193142651059,0.27135425005037,0.39338186686109,0.879025462966161,0.68197777055003,0.424220681509157,0.591583322161425,0.593281146044483
"A[Del(T):R8]A",0.279887356971372,0.269306505974851,0.625733875822455,0.931703097634127,0.945493002805398,0.941535467201482,0.935453468791782,0.964289029417948,0.82053773650837,0.871041168298423,0.91355901005865,0.97225340529505,0.981884571599442,0.988463023303737,0.511314830833368,0.627344832912254,0.567859948562005,0.790371084182769,0.96221871210018,0.987706085499958,0.731972987059436,0.314794760657526,0.766920768075457,0.653599513419683,0.924889148684814,0.932546367272331,0.96800349015446,1,0.960857156790587,0.9936380052065,0.948773307538497,0.940092610079512,0.944374209290273,0.962956781588504,0.992592071533006,0.936539192942562,0.971789119719419,0.831931074413299,0.963359393849307,0.994310779527318,0.967579363780447,0.901201105542078,0.891737897692825,0.974483623541879,0.982972847598107,0.993086895879589,0.75372856487632,0.878938688669493,0.934924785216802,0.928282471800822,0.804831707518252,0.927770821395225,0.954528852282738,0.951746500335974,0.77281047057855,0.50281543453542,0.74548201492383,0.964260054763381,0.226060035899336,0.0815595925939004,0.582124749415127,0.646627193147049,0.27852428141906,0.40251497082406,0.381726482332106,0.750219026213962,0.418872153724242,0.55668477582648,0.423498406922804,0.785472903210811,0.968410018132971,0.973915913667741,0.988810549790613,0.300794496397217,0.286852193251265,0.41925083402536,0.936147468405759,0.65889772780331,0.416818884711107,0.640145786229649,0.626540349568007
"A[Del(T):R(9,)]G",0.285094679497505,0.262299623649892,0.58335290257462,0.852854114806485,0.985280886764368,0.926932000899421,0.983471090312537,0.944413549593163,0.778333581023822,0.823738274226983,0.883782322114964,0.917713752538771,0.915470106489176,0.937967197160927,0.531014516478516,0.620947387578101,0.477226314211508,0.685725105246018,0.99552079358329,0.962578192313667,0.777039093840969,0.318171270790722,0.708062999063732,0.538890222906142,0.977448842120746,0.91767874212342,0.9984669419829,0.960857156790587,1,0.96779566389137,0.878516107884409,0.879195928715214,0.901831461631967,0.996003459813875,0.962917627320228,0.987811089211554,0.961390601118663,0.721400033970578,0.879011251677389,0.934752286545286,0.92047100573457,0.854832494892654,0.86364093799665,0.904353571568033,0.912799812447238,0.941476740228223,0.689359702085917,0.823748259646627,0.89853287200041,0.867249391860216,0.759176230392041,0.892097020848965,0.992261013912969,0.933065864435204,0.800998060855366,0.490671092029374,0.718817329665531,0.902852357090899,0.228511493904367,0.0807274185447275,0.492410686549214,0.573897746837347,0.283330293604483,0.400080127281301,0.351848645825283,0.687762294188437,0.426521684215346,0.554096394444031,0.33803000581864,0.687290901630961,0.893528898423009,0.901952872180732,0.928317462730708,0.308866289519902,0.267313477819265,0.387596876592425,0.872289665759876,0.68535309031195,0.420061113004181,0.582290212641359,0.587995640212777
"A[Del(T):R8]G",0.276724476587797,0.262844072882357,0.610090784548761,0.914973972390464,0.947921704658309,0.942373472160503,0.937042077963485,0.963061131242454,0.808186848376937,0.85846546850433,0.9113047317033,0.977319993451081,0.979680938850964,0.992614056181523,0.515676586476957,0.627534428981015,0.536089804082921,0.760814991660593,0.96846679899802,0.996911298926731,0.734670202733806,0.311715280112993,0.737900142234128,0.608629984192221,0.928350176269944,0.933313316483107,0.970525579563417,0.9936380052065,0.96779566389137,1,0.932184630339216,0.927835508380208,0.937799261585493,0.965631943357414,0.994832390459167,0.941552074298655,0.977726978312707,0.795317164515222,0.943273838247874,0.985137493603387,0.967826773546932,0.893479193677177,0.889594919258664,0.968547649050102,0.976963287140271,0.990622875314744,0.73028566220838,0.86361259168538,0.930438289052313,0.91785744174029,0.790771261133241,0.925329652478646,0.959101228648317,0.95085476131484,0.771002820189045,0.492941304875886,0.738679667385159,0.960569653002825,0.236562952368471,0.0780208209880354,0.541631316098991,0.618763578128361,0.273442159412405,0.393890034534243,0.36816454304661,0.730322607324372,0.41627833694378,0.546694122777908,0.383676548081831,0.752334752193563,0.960667020781079,0.966139855876829,0.983672493835419,0.299065682836868,0.279463858072891,0.410642233292756,0.932846529081101,0.669351902802977,0.409033914426435,0.615596251857709,0.614488540851118
"A[Del(T):R5]C",0.282732307574394,0.279521378086162,0.66063832261697,0.957070795145348,0.885417479588855,0.930996443826,0.876295897523013,0.94734886024604,0.91098966029487,0.938351918087474,0.944084727029976,0.940821053618706,0.956770711627238,0.941347839727377,0.498332649599351,0.622175469830517,0.682343779150015,0.874260039227936,0.881770448216114,0.917936882865496,0.688105512099539,0.3044585589909,0.833232192769998,0.769073477914924,0.871052280090001,0.935656719421984,0.888229127985387,0.948773307538497,0.878516107884409,0.932184630339216,1,0.986001892552416,0.969576255687347,0.8811432772639,0.927247305144045,0.874838216841385,0.940688283302779,0.89922999089385,0.971462057667707,0.964444666930438,0.965898932703851,0.951889669885011,0.928288648118787,0.96496913120565,0.962338168011505,0.948488803837376,0.880650006883306,0.94405093300099,0.954425546227496,0.97831625094857,0.902278550700287,0.954350640219845,0.889828265431153,0.946159339150837,0.744660502249552,0.53464603694508,0.786625264219337,0.969253883664177,0.230990865936884,0.0945199797496542,0.756327648348665,0.812493929179701,0.307342943507514,0.47981612970396,0.576822475695363,0.882508760521824,0.440900889841288,0.591049306726302,0.585234397455747,0.89131396250636,0.968012323553261,0.970776609365071,0.965948992862047,0.306091110645441,0.305970235408334,0.447144637534628,0.931627337865181,0.623153141869946,0.453944860352577,0.793743413211527,0.775125019599105
"A[Del(T):R6]C",0.27808893856701,0.271775018656537,0.636487324562915,0.927178985916324,0.897240842309683,0.957198485206742,0.887164475529341,0.963200501998743,0.936926105966474,0.964056628788119,0.974624362643348,0.923770044377545,0.944085224894214,0.934046225816394,0.504320944942726,0.605404485278214,0.631410517412074,0.829297147742952,0.880978539010181,0.914451885359769,0.687256754365086,0.29920964975911,0.794599191001898,0.72064672144234,0.887882236733266,0.964009687267376,0.886536341609815,0.940092610079512,0.879195928715214,0.927835508380208,0.986001892552416,1,0.990579827700342,0.880278128614271,0.924233337028755,0.887218525245973,0.955113041935167,0.864993302663052,0.950293435049585,0.952945527370369,0.955530425997557,0.972176846754806,0.961559512802675,0.944338737423166,0.944456576008872,0.941876799700706,0.902673658334846,0.963414693714508,0.97599247646155,0.982279647569915,0.931852392561587,0.978166961331088,0.900314456258814,0.970225572948228,0.752383670638729,0.523746941339347,0.783409190443028,0.950079137176457,0.222161942945698,0.0969851200693661,0.742860871437268,0.832024328072124,0.310492722601672,0.500434155233168,0.62261236658985,0.902124119750858,0.42972545718499,0.586522157096501,0.540787760580127,0.85387847041603,0.946179752661266,0.961727289935459,0.958535350780442,0.304755958294612,0.292196218699276,0.419683528071574,0.901361203835727,0.62281061177778,0.462719956483555,0.804927897793872,0.812492801972654
"A[Del(T):R7]C",0.279664769058398,0.270330375332201,0.618708777190706,0.899466921183116,0.928147343423222,0.985062671968614,0.916916898421071,0.984481471730457,0.948056646792436,0.972794920706704,0.992212340643763,0.923504250052699,0.937434840362743,0.938325045722459,0.513976358753204,0.605549298815563,0.563275799345972,0.767167625945008,0.904618055089094,0.928966267105213,0.701551966988259,0.301684630379013,0.752787817594359,0.641036056039534,0.919275196837025,0.988409206673296,0.90770087495398,0.944374209290273,0.901831461631967,0.937799261585493,0.969576255687347,0.990579827700342,1,0.904133110470558,0.937792873050707,0.916637032809237,0.976504217757859,0.806552732150109,0.923538991802602,0.947883958775714,0.960754276738097,0.982913905133855,0.98408654594445,0.932324977604177,0.93518725090762,0.945338563083672,0.893017773989801,0.968155095017145,0.992632557050506,0.977179352303739,0.935969381954329,0.991753292984835,0.926810722586543,0.991187405154076,0.771547231038501,0.519959445242834,0.780781193386838,0.944063089912204,0.220745932616078,0.0969714511794938,0.69094872390642,0.806794497723523,0.317625162286538,0.5111923098425,0.621907999432867,0.892864206489477,0.43118696122266,0.59074608649955,0.471514931522655,0.800701001672623,0.92535411465311,0.943355481292413,0.95020818912204,0.309675932506111,0.283812947133993,0.403201368532728,0.88981533520891,0.635627846561008,0.473649665420083,0.787150954437314,0.817193565497628
"C[Del(T):R(9,)]A",0.287905199160444,0.26460475799119,0.590230513360003,0.855521327369579,0.988208292949341,0.929499560789871,0.985677093105741,0.946273902116234,0.781710377044775,0.826652144124556,0.884810472764756,0.918645915125674,0.918805301875659,0.938879526469295,0.528663479026547,0.622835073057979,0.479391071436663,0.687023670729028,0.998142338487444,0.962605439149244,0.776728416217479,0.321977927852681,0.714153863966841,0.542190936747781,0.977103598624236,0.917834575066535,0.997191381918426,0.962956781588504,0.996003459813875,0.965631943357414,0.8811432772639,0.880278128614271,0.904133110470558,1,0.968200011733096,0.987789653355591,0.959308128474505,0.727354446066451,0.882659752916854,0.938100102982736,0.921536319223037,0.857362380546921,0.865267615685447,0.907415960306264,0.915146560986341,0.946060563396687,0.693953240924787,0.828325181128875,0.901156738133432,0.870584087456688,0.761415911913828,0.892074770287717,0.989157412938377,0.933920939705343,0.804011710210165,0.493738321918031,0.721369598932515,0.904283635050796,0.223581499602017,0.0812572014420088,0.496292488210098,0.576757369487318,0.286052520866949,0.404604805739579,0.350641824137483,0.690401080917043,0.427567209659439,0.560290700439253,0.342316878457357,0.691382443114107,0.894877049448439,0.903316370490014,0.929165709120695,0.311313197546466,0.270455559380873,0.391126546074269,0.874676030856131,0.680752396297194,0.423545781733886,0.585833376439789,0.588734055909943
"C[Del(T):R8]A",0.278386930608295,0.26585333798993,0.609882873151285,0.907655163094034,0.950302083938943,0.945506610116394,0.938118483749851,0.963965979077953,0.806501161399824,0.856487536409542,0.910373494426616,0.973853230608393,0.978313847920025,0.99053882096951,0.512656919581296,0.627199739756668,0.526481585326166,0.749264305502894,0.969208328805073,0.995412689250753,0.731998135506661,0.316407072232168,0.73659161973437,0.597352780063449,0.92744464666163,0.932709815788407,0.967710315793991,0.992592071533006,0.962917627320228,0.994832390459167,0.927247305144045,0.924233337028755,0.937792873050707,0.968200011733096,1,0.940951708062994,0.974352044428826,0.789861595348229,0.939654910804838,0.984405308930359,0.96270963965665,0.890905385206118,0.889935096792188,0.96572591468141,0.973329528281883,0.993749864711298,0.726386531716649,0.862688072977896,0.930698471726211,0.914219175071549,0.786155514278629,0.922127303141801,0.955480892260728,0.950878476504868,0.77456276723988,0.493470485371579,0.737196073967086,0.954845449544903,0.231530737945492,0.0791371473090421,0.53389840325267,0.610117668872217,0.275326365428655,0.39509308655498,0.357911488798858,0.72378519267788,0.415959284318214,0.552465905781384,0.376399557317198,0.744408616679528,0.955642114278838,0.962023115948542,0.980175265178931,0.300086911834686,0.281216711276073,0.407694000455636,0.927613619734273,0.665145303503632,0.412516639878646,0.610130869815928,0.607432426732908
"G[Del(T):R(9,)]G",0.288089477255025,0.262926417971392,0.576344956199142,0.827696510105291,0.996615289279258,0.946920748662125,0.998143223309757,0.955108314713796,0.826618198424857,0.859679527226492,0.91089675716978,0.888020597137503,0.887170758705107,0.909208554253173,0.535350431132372,0.61098433812227,0.458148290005017,0.657260232249496,0.986663275749337,0.936264055612673,0.777012185477867,0.316544137102581,0.695579203706972,0.515493271756101,0.996374896436998,0.941065313070275,0.986880172936524,0.936539192942562,0.987811089211554,0.941552074298655,0.874838216841385,0.887218525245973,0.916637032809237,0.987789653355591,0.940951708062994,1,0.963765956581734,0.695522398328555,0.850834556587694,0.908586879988565,0.909205636828813,0.880084318959854,0.896314392471003,0.876162686605606,0.882913134827509,0.916083396959334,0.738649345035695,0.855659267902221,0.919170939487521,0.879421708070321,0.80654047082374,0.912801816096749,0.993882884695007,0.948302729792215,0.809055422638771,0.497549383670117,0.726704372899803,0.883770149718603,0.220370834302676,0.0873379841252761,0.524767323904477,0.626707227573836,0.302072284967462,0.447228179110222,0.437842865180598,0.736460624451496,0.434605332668,0.572233889006046,0.341241207448694,0.676982349886332,0.862733469136876,0.875796612774795,0.902668691189423,0.314292587430648,0.263660346857276,0.377174879300054,0.84224330570264,0.677222747640249,0.446483274870283,0.634466311736207,0.655929524600594
"G[Del(T):R8]G",0.28170036665043,0.268170178631837,0.602422177103862,0.887704357409751,0.969686635356993,0.988122769579464,0.961250905850944,0.994979576537102,0.896160699843636,0.929632443815574,0.970086414022848,0.950339736891497,0.951604117424786,0.967363538419195,0.528568131663751,0.619524507723167,0.503033210041421,0.721419094913275,0.961900073244172,0.974750211177221,0.73771536734693,0.30952129102752,0.716266528376133,0.569288368119632,0.960199332694863,0.985118348491419,0.9631430032729,0.971789119719419,0.961390601118663,0.977726978312707,0.940688283302779,0.955113041935167,0.976504217757859,0.959308128474505,0.974352044428826,0.963765956581734,1,0.757786829412105,0.912129849317128,0.960051665760142,0.971035841032473,0.951205680222453,0.958592606251834,0.940639899477262,0.948117343407971,0.966889538141587,0.81698667624473,0.927860006419959,0.978877495267802,0.950438801670744,0.878170660514229,0.975952577017835,0.972474348612548,0.98945845807702,0.788316635339019,0.510522887320642,0.761789555188461,0.949116414257974,0.22981483732304,0.0898329227672204,0.589838029334691,0.708939795488487,0.303278769055077,0.470666328168955,0.514602917896147,0.818048459818986,0.430634757524615,0.574145956116758,0.382485016786307,0.740303526893527,0.927711430663221,0.94033986569124,0.960083824957277,0.309343001398398,0.27767195732882,0.397563870353444,0.902375409781669,0.667356620039512,0.456465907920652,0.703050803493508,0.735722664601221
"A[Del(T):R5]A",0.229227736969657,0.236706761881139,0.602437029471037,0.923832039032693,0.705446855147385,0.732228110074462,0.696745346074306,0.764106769010249,0.736071488296869,0.766910974522369,0.747596468564589,0.808956404278365,0.857107502704638,0.813478845374805,0.390166648389274,0.522845403239349,0.80127011183536,0.958053667735214,0.724482328468314,0.769152030667049,0.557123297993656,0.265089359012001,0.852429615585648,0.946310113049597,0.6830404853601,0.733398012407051,0.735379665737118,0.831931074413299,0.721400033970578,0.795317164515222,0.89922999089385,0.864993302663052,0.806552732150109,0.727354446066451,0.789861595348229,0.695522398328555,0.757786829412105,1,0.943930211810129,0.869540121672918,0.802425476011036,0.776570264252888,0.723941493473213,0.875182170074913,0.873071290479249,0.829151851628914,0.788228187619204,0.798502097235398,0.770875233685598,0.859105451171854,0.756632771973389,0.7768596198852,0.712626796226619,0.757859711804406,0.599627712532614,0.447901784433956,0.664942017549726,0.848090447795525,0.18819301456455,0.082145881281637,0.816312211785722,0.77937107690094,0.222712256414227,0.341237356116029,0.464864569982793,0.780108124874984,0.346486858441138,0.465808709848547,0.700999199752456,0.922831259636889,0.912477846244169,0.905593159962233,0.876908011820081,0.236974707590559,0.27366084427177,0.411354082775686,0.840500807078731,0.506484605234283,0.335494310672552,0.728160683845008,0.629708233061686
"A[Del(T):R6]A",0.264899246908883,0.264215730079371,0.641486076443006,0.97238796998861,0.861253839698764,0.882136895100642,0.850873842079355,0.911491383456739,0.818415265510581,0.864058100735145,0.878981318259347,0.946582081197607,0.973528378387729,0.954870324481217,0.469849528928117,0.599794921119966,0.694546287575979,0.901512727113365,0.881984210988232,0.928888961673242,0.667684711968257,0.299220576238793,0.828685541026173,0.810858835634879,0.838043056292247,0.879266365362983,0.890303972770995,0.963359393849307,0.879011251677389,0.943273838247874,0.971462057667707,0.950293435049585,0.923538991802602,0.882659752916854,0.939654910804838,0.850834556587694,0.912129849317128,0.943930211810129,1,0.982183064518699,0.940311404609739,0.886395507470248,0.853912189139424,0.977682299753928,0.981254379181534,0.962907740718497,0.802588373562544,0.88268528668265,0.901844953132123,0.939129656321278,0.818156222194323,0.900325410023526,0.87180107203362,0.900938082944713,0.714572746690191,0.497101202682144,0.739899913661537,0.958562358375895,0.214809562283767,0.083097397867117,0.710789174209046,0.73425181790854,0.260532138035594,0.388714439780472,0.435009526169381,0.797571590456589,0.396814920872555,0.531728494205349,0.562884020617386,0.882896218249413,0.988640040074527,0.989556715576694,0.982974993132438,0.279964479287763,0.2932116220027,0.434316405674495,0.93850123076944,0.607386572077263,0.392343492398118,0.705736214784436,0.655209433461015
"A[Del(T):R7]A",0.276486870854918,0.269355568463245,0.63524778294097,0.952516614635446,0.919302574243948,0.930580406700892,0.907460134634804,0.954910041329582,0.8266450811022,0.876405618207719,0.912711832423642,0.977145933211103,0.991335329780751,0.989539140129039,0.499362456401366,0.622070505051357,0.605908376245591,0.828109235655474,0.938248015333146,0.978153243799846,0.710845541453015,0.310713417248021,0.785042623813985,0.699395397820494,0.896030374467481,0.923472064292046,0.943216641502242,0.994310779527318,0.934752286545286,0.985137493603387,0.964444666930438,0.952945527370369,0.947883958775714,0.938100102982736,0.984405308930359,0.908586879988565,0.960051665760142,0.869540121672918,0.982183064518699,1,0.970288666090657,0.905292825506725,0.889009646634117,0.986999018674262,0.993232104773133,0.994600515782225,0.77227862352644,0.886993965365535,0.934033447872151,0.939555819382715,0.813906614772271,0.927940013369499,0.92838556253984,0.943178526108978,0.757280773726038,0.503514497004102,0.75029794158315,0.973839398340588,0.225017071090281,0.0819044587930546,0.62020368924026,0.674487124248079,0.273751101285553,0.400609528067638,0.396838019422257,0.769204575082124,0.413606990219204,0.550910644900827,0.463366003421758,0.818887207244585,0.984220079334011,0.989414640838942,0.996911158333785,0.296169613817468,0.292228243715573,0.427140215353938,0.948342753702696,0.645745007130144,0.410270775859352,0.661357877576352,0.637981692952242
"C[Del(T):R5]C",0.292767532798521,0.28659629378223,0.648608481995368,0.934782081697985,0.918238618698221,0.949759330913037,0.907685165980431,0.967847751355483,0.883872002831199,0.91867458923967,0.946575669983793,0.982257668674689,0.975583700684358,0.975955426057457,0.513233838718687,0.628149501707626,0.551486599715114,0.776575760167997,0.927550386299171,0.966024151184765,0.708509761271309,0.303829367462954,0.734794785503376,0.621578127186388,0.899934166958507,0.948995358977387,0.925803227958284,0.967579363780447,0.92047100573457,0.967826773546932,0.965898932703851,0.955530425997557,0.960754276738097,0.921536319223037,0.96270963965665,0.909205636828813,0.971035841032473,0.802425476011036,0.940311404609739,0.970288666090657,1,0.944524110426031,0.930259830684415,0.976564424288718,0.974055311507434,0.970373911424002,0.814230747489102,0.921289254821255,0.96071692849143,0.962089841164598,0.86378420185276,0.957071073378079,0.922854031423554,0.956026075818873,0.759564002843578,0.53631616669406,0.779176851827203,0.986335305045155,0.242802949932212,0.0868393416947825,0.616481907229604,0.711940024874139,0.295145860894759,0.462023703988935,0.49510318339978,0.818457646234134,0.427205974592322,0.564138775420304,0.421381218432923,0.784667296419929,0.959165253208228,0.959129085025834,0.969819986758778,0.316702996016353,0.312441999393706,0.448726746763575,0.951557223122344,0.649766448560386,0.45520448673076,0.710416481106632,0.721516835220594
"C[Del(T):R6]C",0.274427808144031,0.271345261908719,0.600850076799603,0.868687681369264,0.891527658858094,0.96871500097434,0.88177122278674,0.964332679424204,0.976820677008412,0.991714106768655,0.987213890347698,0.88755178490775,0.900382050018708,0.899354142474036,0.498840314174584,0.582411280565529,0.53967142036212,0.740011189847407,0.859904938017926,0.885948041703955,0.665528447720514,0.284156746528574,0.714027573049004,0.619203378941087,0.885199526322037,0.975490551402334,0.861701389427312,0.901201105542078,0.854832494892654,0.893479193677177,0.951889669885011,0.972176846754806,0.982913905133855,0.857362380546921,0.890905385206118,0.880084318959854,0.951205680222453,0.776570264252888,0.886395507470248,0.905292825506725,0.944524110426031,1,0.990765042591926,0.895277346982567,0.900935866603347,0.900436209793449,0.935836520430347,0.987094923793428,0.987022115740517,0.978331095574679,0.970256932053506,0.990795764563016,0.886071903314617,0.968813450779385,0.73956931036719,0.524809345585544,0.772490313403021,0.921201442550098,0.212963547216051,0.102111552075756,0.716961291057676,0.861073171432397,0.324766345045779,0.545297859982051,0.718428272931919,0.937182299149097,0.420945960577246,0.578015349568456,0.467366094672213,0.78386881296987,0.887593196439058,0.901474270831565,0.907458210534136,0.308396975038548,0.286769937122213,0.39942612580318,0.857964258814156,0.603096786510392,0.492349638722045,0.834664278438784,0.887537463628385
"C[Del(T):R7]C",0.266446083998012,0.259353882254339,0.574791276252011,0.833424649120805,0.90752472773072,0.983134699909461,0.897192338225774,0.971577993544101,0.974868362547571,0.986460052662351,0.995031722709976,0.872159763761469,0.880827037515233,0.888630796317488,0.501442326227542,0.570585642030282,0.487548787727253,0.685396669960252,0.867273787159595,0.884314858302465,0.669968848745484,0.2838640167576,0.681084927982647,0.554983201427088,0.904276555693864,0.988344647499481,0.867922741016236,0.891737897692825,0.86364093799665,0.889594919258664,0.928288648118787,0.961559512802675,0.98408654594445,0.865267615685447,0.889935096792188,0.896314392471003,0.958592606251834,0.723941493473213,0.853912189139424,0.889009646634117,0.930259830684415,0.990765042591926,1,0.872670911818741,0.877820859148554,0.89135433483571,0.916931685067743,0.977714185422664,0.990293016136041,0.960938968984136,0.962252899942564,0.991859807952429,0.899864153169718,0.979726753709566,0.746972285010169,0.506452545421945,0.759496743880243,0.898781096189045,0.206690353159105,0.0995744368705387,0.673172490355978,0.831920145763287,0.32334737026215,0.543855729429454,0.708115243179026,0.918202328325688,0.417366624127864,0.578867207172327,0.418054779607574,0.736815793362963,0.860079235900036,0.879757855104803,0.89168602501624,0.301833660842972,0.267134154542842,0.371060100643627,0.830685084022931,0.608045678103752,0.488213863946662,0.810758752762591,0.878504923106005
"C[Del(T):R5]A",0.300535034053798,0.296696676841971,0.671242632855689,0.969690486828197,0.886595349772647,0.907855187776886,0.874566053182148,0.935491473967597,0.82284141727184,0.866544443447669,0.898431710765944,0.987295355505015,0.991738972521815,0.982194739737402,0.503274062342326,0.629754964444432,0.625651362453819,0.847882128341486,0.911081649360247,0.963707953529633,0.700750825090531,0.31262074477122,0.782116753015563,0.712159209395675,0.861749117068728,0.902775371050157,0.912197093432436,0.974483623541879,0.904353571568033,0.968547649050102,0.96496913120565,0.944338737423166,0.932324977604177,0.907415960306264,0.96572591468141,0.876162686605606,0.940639899477262,0.875182170074913,0.977682299753928,0.986999018674262,0.976564424288718,0.895277346982567,0.872670911818741,1,0.993384118796871,0.981764732932354,0.772557889035664,0.88057296793355,0.92050353439819,0.942030899984945,0.807999524290896,0.914855666744707,0.895526566602619,0.91991688558738,0.74236756940467,0.528044775735438,0.762977440050138,0.985908826443272,0.257196252253605,0.0894784640547597,0.638643945314341,0.680621023069174,0.277076899219084,0.403481338672928,0.403723747607392,0.772827812326507,0.418986234412956,0.543207635920457,0.475881746950276,0.828603117844744,0.989225107516318,0.986728708499473,0.988346540291746,0.314368499315708,0.326741856139514,0.465470617339149,0.970516288593816,0.643272337762399,0.421751667350827,0.675872917843361,0.641523591829193
"C[Del(T):R6]A",0.274493200173367,0.271145912840725,0.639351367365162,0.960264662722102,0.893872819802983,0.914756718350162,0.881817416268416,0.942588973219432,0.822250123939568,0.869833663984186,0.90068004544133,0.984372964755699,0.994487387716477,0.98915027740923,0.489402599003324,0.613184559296819,0.616837741265037,0.839464698035962,0.918275309606386,0.972103552588707,0.688752407201339,0.301562269385749,0.777207492295943,0.706341009728402,0.868746128736139,0.908368975524388,0.921289541366024,0.982972847598107,0.912799812447238,0.976963287140271,0.962338168011505,0.944456576008872,0.93518725090762,0.915146560986341,0.973329528281883,0.882913134827509,0.948117343407971,0.873071290479249,0.981254379181534,0.993232104773133,0.974055311507434,0.900935866603347,0.877820859148554,0.993384118796871,1,0.988853596085063,0.773616666030466,0.885549589580736,0.925350257996177,0.940926149397931,0.810557394890423,0.920436700852785,0.903565886110009,0.925696293071788,0.733681542743814,0.504623839573091,0.748150841783544,0.980595800238022,0.232364174458317,0.080753006604269,0.628390107675895,0.680192929566412,0.266521918783611,0.394468339049175,0.403109372005394,0.773061188916863,0.404181559461645,0.533021035478905,0.471925443224138,0.825311048449982,0.988828204507591,0.988354481396936,0.992850799716711,0.292166374853745,0.299928165630083,0.437107867031667,0.958520336331544,0.634257229510119,0.404404496609491,0.666546580858599,0.641200747075702
"C[Del(T):R7]A",0.277083109960002,0.268316331891123,0.623807363022635,0.931501981006357,0.927379127528957,0.938346047106322,0.913879549519039,0.959585205379526,0.817192187125309,0.867623603397654,0.913429071502941,0.981997460511029,0.990619151857362,0.995241952762498,0.503051660509299,0.625055423281839,0.565735063177629,0.789542854956842,0.947231337748812,0.988799355927127,0.715408319568806,0.312187734648893,0.760262689056181,0.645283654622374,0.902728833814535,0.928130931351729,0.948018038741746,0.993086895879589,0.941476740228223,0.990622875314744,0.948488803837376,0.941876799700706,0.945338563083672,0.946060563396687,0.993749864711298,0.916083396959334,0.966889538141587,0.829151851628914,0.962907740718497,0.994600515782225,0.970373911424002,0.900436209793449,0.89135433483571,0.981764732932354,0.988853596085063,1,0.748234309514606,0.876227466271402,0.934456561574066,0.929194325400545,0.799203304714248,0.926424344423615,0.934747193895226,0.946970308013606,0.761864162346563,0.498009283279048,0.74504691753123,0.968358923791825,0.229802594621967,0.079987781940625,0.5748042004124,0.639978620901585,0.273143036431466,0.397006909208611,0.373578753778523,0.746043253829385,0.412636842264952,0.551428337804633,0.420742197687213,0.783450457640726,0.973892268216112,0.9802337973988,0.991734733402403,0.297500735909937,0.28891801901193,0.417751438865367,0.941977957530167,0.653280581464528,0.409710531948762,0.632388395428179,0.620768579881625
"G[Del(T):R5]A",0.229006371126677,0.235736125555904,0.540156268447715,0.791669042568968,0.750194751691421,0.856591014601118,0.745463131687,0.84777269297288,0.971398050709574,0.957325784406039,0.902965807301165,0.733691321346297,0.763301898065128,0.742244917444762,0.416525551056776,0.479405237617012,0.579745053417804,0.742384530236384,0.693912039010174,0.712668870532977,0.539654795997763,0.236575097739902,0.683882431521155,0.696319117135045,0.753543110102857,0.873174027374956,0.699806973792882,0.75372856487632,0.689359702085917,0.73028566220838,0.880650006883306,0.902673658334846,0.893017773989801,0.693953240924787,0.726386531716649,0.738649345035695,0.81698667624473,0.788228187619204,0.802588373562544,0.77227862352644,0.814230747489102,0.935836520430347,0.916931685067743,0.772557889035664,0.773616666030466,0.748234309514606,1,0.965196576582539,0.90091357964361,0.928552600929079,0.986719631406714,0.91265165833104,0.73572796141597,0.854532803886956,0.623880066345998,0.473509988247402,0.701594834533372,0.800966850383648,0.173245794347167,0.104529759980494,0.841383969266779,0.977564505328278,0.30344661167441,0.557482097198945,0.865015412267828,0.993875180034843,0.371379773491065,0.516705302393488,0.55845875668513,0.790657342926174,0.782767240408127,0.794261089337307,0.781461165111343,0.257856651669041,0.252289282813237,0.358464693793643,0.733882085787379,0.490912714551103,0.465474886940018,0.919587095300641,0.963044107379376
"G[Del(T):R6]A",0.259006350210481,0.260599267344594,0.588641673462416,0.864308309852132,0.869313834510907,0.952064931445637,0.861722166054195,0.950182939953884,0.986782766372733,0.993065120306218,0.973644984210427,0.861702264330954,0.878572845583351,0.872175998846913,0.473942127781247,0.551361589390077,0.551357117025484,0.751787863986202,0.828167372269987,0.853053011505542,0.634358835117724,0.27349544530086,0.709864637958935,0.651619272917478,0.865124744526388,0.959830621069988,0.83379075840522,0.878938688669493,0.823748259646627,0.86361259168538,0.94405093300099,0.963414693714508,0.968155095017145,0.828325181128875,0.862688072977896,0.855659267902221,0.927860006419959,0.798502097235398,0.88268528668265,0.886993965365535,0.921289254821255,0.987094923793428,0.977714185422664,0.88057296793355,0.885549589580736,0.876227466271402,0.965196576582539,1,0.97907207995739,0.978832505488999,0.983686858473012,0.980744863978201,0.859854223734175,0.948894177568757,0.710382981057838,0.507873832756618,0.754772504592414,0.901118830212144,0.19590328017281,0.101983795704105,0.757105823772413,0.898169403630675,0.313680690895798,0.54379691137086,0.743953889634872,0.96163502405671,0.405743211070134,0.559811784701212,0.488544244429726,0.79352585226265,0.875207093590601,0.888233078130702,0.889614569628925,0.287339121625674,0.275551644190468,0.388182112911488,0.839253802166336,0.574315239226578,0.482849180992586,0.860188480272258,0.904667318342686
"G[Del(T):R7]A",0.27448256404392,0.268859849146388,0.603185908531874,0.88029561227037,0.9308358672812,0.990347918215352,0.921501637347834,0.990220712027502,0.960313902820139,0.980789474721074,0.994771695603467,0.918185441800246,0.925876433298012,0.931460600252546,0.508975614393556,0.59330622262468,0.51825196831212,0.730234384390342,0.90216986832405,0.924872877398485,0.691484512416021,0.29529156877927,0.712536139035673,0.594649906183085,0.923770826718518,0.993435041288636,0.904901700449573,0.934924785216802,0.89853287200041,0.930438289052313,0.954425546227496,0.97599247646155,0.992632557050506,0.901156738133432,0.930698471726211,0.919170939487521,0.978877495267802,0.770875233685598,0.901844953132123,0.934033447872151,0.96071692849143,0.987022115740517,0.990293016136041,0.92050353439819,0.925350257996177,0.934456561574066,0.90091357964361,0.97907207995739,1,0.976626120531499,0.945751292943326,0.996862094640854,0.926254247800604,0.989132892898337,0.761596663131423,0.517334941616653,0.770860675666043,0.936518610845693,0.214741556518427,0.0972807075947114,0.671066530458317,0.806588528701716,0.316132037960948,0.520828556910264,0.637344203366149,0.900067424640424,0.424782062456226,0.58061963721318,0.427849944567981,0.766355814826206,0.90729503774716,0.923504312369072,0.93514149190597,0.304981665766375,0.280362012546323,0.396028431647146,0.879760581849484,0.627526633969321,0.480505171345473,0.789580168829559,0.832269312147729
"G[Del(T):R5]G",0.280103411490199,0.277449154882012,0.634284151482168,0.926712265291633,0.890064014711786,0.952536304387113,0.881072277089883,0.96014891754349,0.955486291126998,0.972084601095176,0.96797406826878,0.926590570649252,0.939677686449754,0.9280775487625,0.497007352431914,0.600887324172712,0.611417754884207,0.821503707849034,0.874058921186107,0.907907864320045,0.676173753414355,0.292239058733129,0.766732931153791,0.712167890314278,0.879275556207574,0.958102788708859,0.874981009273455,0.928282471800822,0.867249391860216,0.91785744174029,0.97831625094857,0.982279647569915,0.977179352303739,0.870584087456688,0.914219175071549,0.879421708070321,0.950438801670744,0.859105451171854,0.939129656321278,0.939555819382715,0.962089841164598,0.978331095574679,0.960938968984136,0.942030899984945,0.940926149397931,0.929194325400545,0.928552600929079,0.978832505488999,0.976626120531499,1,0.950966368571369,0.979925100601878,0.886733106898868,0.957031664922284,0.739318073668589,0.5328144884474,0.780892077961515,0.954512156091645,0.231293716315306,0.0978670831849315,0.754955126861605,0.860037432819098,0.313262133400511,0.516002448106849,0.658108721898948,0.927442040272326,0.428199138640072,0.571310026191114,0.515878890230792,0.838387294628767,0.94226991833679,0.947253028140886,0.945324235398222,0.307387457116635,0.302212824731642,0.434367644808048,0.909662722099219,0.617487107300814,0.478375954625902,0.831716900670875,0.844945117821492
"G[Del(T):R6]G",0.245900999060743,0.246695527806651,0.555810198466864,0.805313814526738,0.816162997143514,0.912932738802199,0.81110163107805,0.902414520333586,0.990917983329689,0.985524987731827,0.9511857470329,0.785856475513626,0.806506696857755,0.79671343462193,0.455717524413035,0.518902086108559,0.536671497494684,0.714422844647015,0.763067847820951,0.777772999092149,0.594685964549855,0.252867584678278,0.677332673795427,0.634425203850279,0.820352381897435,0.92845304344449,0.76658178076232,0.804831707518252,0.759176230392041,0.790771261133241,0.902278550700287,0.931852392561587,0.935969381954329,0.761415911913828,0.786155514278629,0.80654047082374,0.878170660514229,0.756632771973389,0.818156222194323,0.813906614772271,0.86378420185276,0.970256932053506,0.962252899942564,0.807999524290896,0.810557394890423,0.799203304714248,0.986719631406714,0.983686858473012,0.945751292943326,0.950966368571369,1,0.955828242590355,0.804372920297035,0.910187957953762,0.674447927581627,0.494052440021658,0.729132366576712,0.839794217378511,0.189772069083022,0.103163807089796,0.785943024026089,0.941167630198303,0.31873169677111,0.569919358590681,0.835734901229392,0.983699621391206,0.394208615255921,0.545600725093529,0.501393303238883,0.767744374020357,0.809264196629416,0.825137788176851,0.82164433896806,0.27950502973,0.258715404051232,0.366792759151497,0.769884468096507,0.538718908861347,0.485796340655061,0.896940244861203,0.956650022093992
"G[Del(T):R7]G",0.270156959099146,0.26447253696542,0.598095926360694,0.879718434815745,0.921436122617187,0.984985001134354,0.913052018009791,0.984442357892357,0.964067924909454,0.984459165101425,0.995245073103758,0.912218290953075,0.922249539811838,0.926442387258268,0.507658126580577,0.590593517841087,0.528391092159989,0.738069419477733,0.895070280953024,0.919320947171272,0.686064709804711,0.291122044047955,0.713288479366192,0.607342974223292,0.916568968828759,0.991141451942702,0.896848151924797,0.927770821395225,0.892097020848965,0.925329652478646,0.954350640219845,0.978166961331088,0.991753292984835,0.892074770287717,0.922127303141801,0.912801816096749,0.975952577017835,0.7768596198852,0.900325410023526,0.927940013369499,0.957071073378079,0.990795764563016,0.991859807952429,0.914855666744707,0.920436700852785,0.926424344423615,0.91265165833104,0.980744863978201,0.996862094640854,0.979925100601878,0.955828242590355,1,0.919141081401846,0.985680402373873,0.75449580898211,0.514725433034284,0.769872873356785,0.933165971293209,0.214307327609965,0.0969735184254651,0.68758311831638,0.826623389721435,0.314898360386867,0.524332720792848,0.666268486000275,0.912471418511865,0.422348820756492,0.574876781966446,0.439765129720312,0.77255968114115,0.906490792835832,0.92308382833282,0.93249443904918,0.301620184325453,0.277135356362239,0.39243744591791,0.874283832247801,0.623583222819677,0.478651527742231,0.805104472316549,0.851728118934752
"A[Del(T):R(9,)]C",0.290048260538624,0.265711471229622,0.584809107468567,0.844425790761592,0.994668246834514,0.952668640055727,0.993327587629305,0.963364104801498,0.825457251481481,0.863139229776325,0.915975900759047,0.906237667250833,0.905938093879959,0.928013404584652,0.537006007482566,0.619229339229375,0.470499189747683,0.676016187781808,0.985671156648022,0.951036335058808,0.776462916205864,0.316384948645285,0.706230146291366,0.530753855633542,0.992736158903659,0.946891206248646,0.992627463089538,0.954528852282738,0.992261013912969,0.959101228648317,0.889828265431153,0.900314456258814,0.926810722586543,0.989157412938377,0.955480892260728,0.993882884695007,0.972474348612548,0.712626796226619,0.87180107203362,0.92838556253984,0.922854031423554,0.886071903314617,0.899864153169718,0.895526566602619,0.903565886110009,0.934747193895226,0.73572796141597,0.859854223734175,0.926254247800604,0.886733106898868,0.804372920297035,0.919141081401846,1,0.958007033855609,0.807826340833299,0.497312438000893,0.734079319225231,0.89990173999902,0.227487472351266,0.0871103398162986,0.524374642329491,0.621568930082218,0.304134663693573,0.439681076692025,0.420189138562643,0.734360092779409,0.437306974298909,0.572856475722924,0.347339636954404,0.691546336139797,0.882954093884496,0.895780871794406,0.921709409566392,0.315465778205957,0.267595478297878,0.384515850334781,0.860022957222471,0.682060162577679,0.445058629043184,0.627606854179695,0.646032409615957
"A[Del(T):R8]C",0.282698153623113,0.268086637264757,0.60226059734973,0.874408719972747,0.958582537206653,0.995713852681518,0.948861250803867,0.993840877454298,0.92874553211345,0.955224013644951,0.987967481620356,0.921706531308016,0.929032839643671,0.940313917243287,0.526435091514413,0.60931926084736,0.510504372766739,0.718458488192617,0.933257571504517,0.94356294740263,0.725119848482215,0.306020389985748,0.722821113663834,0.578612521034636,0.952448247538824,0.996239776211312,0.937202335189295,0.951746500335974,0.933065864435204,0.95085476131484,0.946159339150837,0.970225572948228,0.991187405154076,0.933920939705343,0.950878476504868,0.948302729792215,0.98945845807702,0.757859711804406,0.900938082944713,0.943178526108978,0.956026075818873,0.968813450779385,0.979726753709566,0.91991688558738,0.925696293071788,0.946970308013606,0.854532803886956,0.948894177568757,0.989132892898337,0.957031664922284,0.910187957953762,0.985680402373873,0.958007033855609,1,0.786690573271097,0.511846341555173,0.770495975277894,0.932395917093002,0.2218208708866,0.0950579643605381,0.630133454636241,0.754694642984025,0.319123702491417,0.5020140005738,0.577446569885677,0.854780193092668,0.432979691119226,0.591690661174773,0.41054284179874,0.752182012997331,0.907766340677541,0.926494114733022,0.942603759345232,0.313367092120859,0.275765761567081,0.390746435764404,0.877128747281078,0.650419697776951,0.473054741231049,0.743893802527451,0.782805730791698
"C[Del(T):R1]C",0.554121551286586,0.498016151861013,0.73107283448694,0.748772559865405,0.811485443409887,0.782347955801315,0.806931971338913,0.783318853815547,0.69539403050557,0.719352722124493,0.759539758602783,0.746672334139458,0.741498357549791,0.749431488180948,0.712540973375851,0.733249139273319,0.503889057952392,0.618587333345234,0.799543486125723,0.76466363231249,0.839761149767062,0.37126046169517,0.685667417045353,0.477450177852394,0.806223858640328,0.777553938253305,0.801454382839001,0.77281047057855,0.800998060855366,0.771002820189045,0.744660502249552,0.752383670638729,0.771547231038501,0.804011710210165,0.77456276723988,0.809055422638771,0.788316635339019,0.599627712532614,0.714572746690191,0.757280773726038,0.759564002843578,0.73956931036719,0.746972285010169,0.74236756940467,0.733681542743814,0.761864162346563,0.623880066345998,0.710382981057838,0.761596663131423,0.739318073668589,0.674447927581627,0.75449580898211,0.807826340833299,0.786690573271097,1,0.691154408728312,0.802938959391059,0.771163326893067,0.450358948897212,0.22109275416826,0.5485620993033,0.544043160039372,0.589470619151265,0.620673968110862,0.39405462393488,0.633703906572994,0.613563112557301,0.665201215010642,0.378284238622251,0.615823171905493,0.728275566708513,0.734899322464606,0.750806679267357,0.595810348209259,0.512867487278937,0.60404385696546,0.769714018338384,0.702790106187859,0.673943804154387,0.627349780069677,0.569432443108191
"C[Del(T):R2]C",0.739152766212053,0.706152133083708,0.775838270810221,0.592850580891034,0.49887922346955,0.507113854086848,0.498064893632729,0.514422890637591,0.504492049361725,0.514297613849874,0.515038865099493,0.525624778751096,0.511039928556733,0.493723968077617,0.698456516062638,0.762930517258074,0.530360493338415,0.532937702481072,0.492772392529291,0.488669211394826,0.727499424286864,0.31348659095527,0.564588759474795,0.405141214844506,0.495853954421546,0.512304310018457,0.494715987000906,0.50281543453542,0.490671092029374,0.492941304875886,0.53464603694508,0.523746941339347,0.519959445242834,0.493738321918031,0.493470485371579,0.497549383670117,0.510522887320642,0.447901784433956,0.497101202682144,0.503514497004102,0.53631616669406,0.524809345585544,0.506452545421945,0.528044775735438,0.504623839573091,0.498009283279048,0.473509988247402,0.507873832756618,0.517334941616653,0.5328144884474,0.494052440021658,0.514725433034284,0.497312438000893,0.511846341555173,0.691154408728312,1,0.770082836778198,0.584897967316284,0.581702686644983,0.209539577102555,0.531323477265231,0.445873801652576,0.535830515816243,0.585096238892208,0.362752516681676,0.495999965275529,0.557392600265433,0.57685768452725,0.412225288400179,0.505499818673551,0.511969368338168,0.502300428191476,0.50178455517474,0.736319879559486,0.806229629050422,0.809069208549345,0.635047784201274,0.533469391166433,0.754669789632058,0.601782956840287,0.45958377728508
"C[Del(T):R3]C",0.55576042854167,0.500516579581515,0.794020877651714,0.792279148064679,0.734204547135368,0.760984451491979,0.726650005084298,0.766448291234848,0.744010601351654,0.757867535714118,0.769853062117271,0.758110423375965,0.751417186523792,0.739245821782836,0.70770007210417,0.760698699429441,0.648675559055145,0.714157349223275,0.720637321082569,0.728963015897025,0.762186329267582,0.317462252190843,0.738005198368237,0.573695822979084,0.727385031237882,0.765141967300999,0.723005061527089,0.74548201492383,0.718817329665531,0.738679667385159,0.786625264219337,0.783409190443028,0.780781193386838,0.721369598932515,0.737196073967086,0.726704372899803,0.761789555188461,0.664942017549726,0.739899913661537,0.75029794158315,0.779176851827203,0.772490313403021,0.759496743880243,0.762977440050138,0.748150841783544,0.74504691753123,0.701594834533372,0.754772504592414,0.770860675666043,0.780892077961515,0.729132366576712,0.769872873356785,0.734079319225231,0.770495975277894,0.802938959391059,0.770082836778198,1,0.809710282847014,0.455309203394,0.157390622922584,0.673457447110115,0.651172172399399,0.531793926902706,0.650215996418475,0.515846633707512,0.721689281165948,0.603814565433869,0.699267662563412,0.536316148204312,0.713518880973394,0.7550774667663,0.75215170218985,0.752062991946292,0.596878770786137,0.579751283952353,0.703156855766202,0.809585726140051,0.634657161469655,0.672431409503967,0.752696124915638,0.65771759755857
"C[Del(T):R4]C",0.342786853646381,0.33189546987484,0.699294577329497,0.963457511089028,0.893529507395451,0.92233034736478,0.882089580897936,0.945134954249909,0.857013370937391,0.8938405344592,0.919470533538223,0.982039098647483,0.979851562022189,0.971842847876208,0.541820560773066,0.664236419744228,0.626631278043395,0.834807868839061,0.909524238623283,0.955811172664513,0.725291661922556,0.31001520759426,0.780896066046595,0.68664008323339,0.871971018118995,0.92040844460845,0.909710163600556,0.964260054763381,0.902852357090899,0.960569653002825,0.969253883664177,0.950079137176457,0.944063089912204,0.904283635050796,0.954845449544903,0.883770149718603,0.949116414257974,0.848090447795525,0.958562358375895,0.973839398340588,0.986335305045155,0.921201442550098,0.898781096189045,0.985908826443272,0.980595800238022,0.968358923791825,0.800966850383648,0.901118830212144,0.936518610845693,0.954512156091645,0.839794217378511,0.933165971293209,0.89990173999902,0.932395917093002,0.771163326893067,0.584897967316284,0.809710282847014,1,0.293801431257294,0.0942739271402843,0.659248397747582,0.711294175306729,0.323390036223487,0.471537503482518,0.468665985674022,0.807978330972974,0.453936904980973,0.57559385124392,0.485770516053512,0.826047887485467,0.97436099098819,0.96999051327238,0.97509773760202,0.364137263753607,0.376027198918248,0.51695121329289,0.975312583309448,0.663197892013675,0.486687357080602,0.722985312984188,0.694894498806612
"G[Del(T):R1]A",0.668072084920305,0.599405191263881,0.544023684711784,0.306411585608984,0.220875512366974,0.216220228016977,0.21745243745047,0.221116661153414,0.194606690426927,0.19819694569221,0.21368214178551,0.267676800617974,0.24197067306464,0.23224308904851,0.557071906970376,0.551301143066058,0.288105135365604,0.276625575697959,0.223062205875699,0.234317780693299,0.55086741350547,0.22903948064735,0.301428305960178,0.178422979936622,0.218557612844803,0.217180777413663,0.2265193213238,0.226060035899336,0.228511493904367,0.236562952368471,0.230990865936884,0.222161942945698,0.220745932616078,0.223581499602017,0.231530737945492,0.220370834302676,0.22981483732304,0.18819301456455,0.214809562283767,0.225017071090281,0.242802949932212,0.212963547216051,0.206690353159105,0.257196252253605,0.232364174458317,0.229802594621967,0.173245794347167,0.19590328017281,0.214741556518427,0.231293716315306,0.189772069083022,0.214307327609965,0.227487472351266,0.2218208708866,0.450358948897212,0.581702686644983,0.455309203394,0.293801431257294,1,0.181860349488294,0.249976328062968,0.161458140329917,0.458435050391832,0.339062494372767,0.12532244556612,0.190612654162854,0.452811967305024,0.348250527178646,0.176087644658936,0.218907180831953,0.243518661154288,0.232131006180722,0.228531580370044,0.616962150794935,0.63237523767143,0.602676707453496,0.362883122863593,0.635700801241362,0.541469267021825,0.273367256710125,0.181195616360491
"G[Del(T):R2]A",0.334591147052848,0.621803301280291,0.309382197915699,0.161930352163838,0.0885431633496186,0.0952261998840144,0.0887049823222645,0.0931854041768319,0.10469565301002,0.102931013067496,0.098701599586803,0.0771062733470751,0.0795894491145025,0.0771701027211116,0.25254543137019,0.159276623295272,0.0979098274252324,0.0918330145345962,0.0790435873788849,0.0762366605654951,0.236768920685965,0.915165156105384,0.152682675792824,0.123088471588495,0.0904326694012589,0.0970238761596646,0.0822840391573585,0.0815595925939004,0.0807274185447275,0.0780208209880354,0.0945199797496542,0.0969851200693661,0.0969714511794938,0.0812572014420088,0.0791371473090421,0.0873379841252761,0.0898329227672204,0.082145881281637,0.083097397867117,0.0819044587930546,0.0868393416947825,0.102111552075756,0.0995744368705387,0.0894784640547597,0.080753006604269,0.079987781940625,0.104529759980494,0.101983795704105,0.0972807075947114,0.0978670831849315,0.103163807089796,0.0969735184254651,0.0871103398162986,0.0950579643605381,0.22109275416826,0.209539577102555,0.157390622922584,0.0942739271402843,0.181860349488294,1,0.177489706008243,0.121748242760467,0.255993873622072,0.274855469626571,0.105276153976707,0.111257401345704,0.212974167645549,0.210732331912462,0.0890930972986317,0.091928786173942,0.0805108733755418,0.080483525418148,0.0806382329967432,0.199706297716596,0.0987338941603637,0.131935700514259,0.0923530927056607,0.130081755817021,0.241627960920534,0.136084684836923,0.10837995860835
"G[Del(T):R3]A",0.321739620480045,0.33502334845543,0.615910722794936,0.744675839864511,0.531791135959998,0.614575211447005,0.532327861520816,0.620401669959747,0.760026885235099,0.738778212978726,0.67027892344122,0.561532627887301,0.609273243216971,0.558171518199095,0.427772440222392,0.496241410386921,0.814957718987336,0.838618210045001,0.492788909299774,0.51140144673572,0.484162122855645,0.267034304186138,0.797322746794014,0.858624897054039,0.53607217784081,0.6357226355091,0.505671962571195,0.582124749415127,0.492410686549214,0.541631316098991,0.756327648348665,0.742860871437268,0.69094872390642,0.496292488210098,0.53389840325267,0.524767323904477,0.589838029334691,0.816312211785722,0.710789174209046,0.62020368924026,0.616481907229604,0.716961291057676,0.673172490355978,0.638643945314341,0.628390107675895,0.5748042004124,0.841383969266779,0.757105823772413,0.671066530458317,0.754955126861605,0.785943024026089,0.68758311831638,0.524374642329491,0.630133454636241,0.5485620993033,0.531323477265231,0.673457447110115,0.659248397747582,0.249976328062968,0.177489706008243,1,0.888754258490176,0.364132776227547,0.52671231439586,0.749093622304722,0.848271188029729,0.405516606087088,0.507048120054395,0.809621507262863,0.849362080249184,0.679760378276934,0.669575059857905,0.635361917551216,0.334848637897735,0.355620720216215,0.456710077742136,0.638275782370918,0.407174822613848,0.469213590380399,0.90117385519233,0.785885730994149
"G[Del(T):R4]A",0.215824785405265,0.228950390554364,0.506149670127266,0.733112468728609,0.635458567955998,0.752334828256485,0.632676728805821,0.740955806536112,0.912261381850215,0.887721695403977,0.814046643652218,0.625967456230888,0.665668653708643,0.632900496868826,0.374365896237751,0.427664282925549,0.618933320636475,0.742629644652051,0.577229233949134,0.594819558624595,0.465425095240694,0.22072329214494,0.667796747949896,0.739111295275932,0.642679746896752,0.773835125629651,0.583823877936441,0.646627193147049,0.573897746837347,0.618763578128361,0.812493929179701,0.832024328072124,0.806794497723523,0.576757369487318,0.610117668872217,0.626707227573836,0.708939795488487,0.77937107690094,0.73425181790854,0.674487124248079,0.711940024874139,0.861073171432397,0.831920145763287,0.680621023069174,0.680192929566412,0.639978620901585,0.977564505328278,0.898169403630675,0.806588528701716,0.860037432819098,0.941167630198303,0.826623389721435,0.621568930082218,0.754694642984025,0.544043160039372,0.445873801652576,0.651172172399399,0.711294175306729,0.161458140329917,0.121748242760467,0.888754258490176,1,0.29339993436674,0.541594740699201,0.904947520970794,0.97595029593617,0.338791663911924,0.469856935121452,0.621414428429624,0.785120637367407,0.705958773196301,0.714875974651421,0.689533160082929,0.241528346296441,0.243611917706544,0.341991748429775,0.649063265393177,0.418421078502995,0.4389937051577,0.928731696512069,0.956516422403002
"G[Del(T):R1]C",0.518992189860384,0.454116158676776,0.537473273499028,0.325083611364513,0.305604151359242,0.317461780092648,0.306301060624786,0.310864812104956,0.327897722261657,0.324601757804133,0.320570922857239,0.277939370979823,0.27135923094895,0.265168570412098,0.573324778184802,0.515534935922096,0.325450584163579,0.293867645930202,0.280264284232403,0.267405066874764,0.505127123479011,0.234025102046411,0.366140806838134,0.211131340415748,0.311355023302137,0.320959967518473,0.287599270004575,0.27852428141906,0.283330293604483,0.273442159412405,0.307342943507514,0.310492722601672,0.317625162286538,0.286052520866949,0.275326365428655,0.302072284967462,0.303278769055077,0.222712256414227,0.260532138035594,0.273751101285553,0.295145860894759,0.324766345045779,0.32334737026215,0.277076899219084,0.266521918783611,0.273143036431466,0.30344661167441,0.313680690895798,0.316132037960948,0.313262133400511,0.31873169677111,0.314898360386867,0.304134663693573,0.319123702491417,0.589470619151265,0.535830515816243,0.531793926902706,0.323390036223487,0.458435050391832,0.255993873622072,0.364132776227547,0.29339993436674,1,0.576607929955916,0.280998334335215,0.324657007428688,0.556758953491029,0.509360109952689,0.266188279438369,0.289874925415201,0.270720033241997,0.267171660462611,0.268428648693916,0.572235461858735,0.465766644282804,0.523616912917172,0.344947016585436,0.397661780130042,0.622054901273643,0.398811929931315,0.325447506423459
"G[Del(T):R2]C",0.391740339936876,0.391713950459135,0.547769703274971,0.438146034799339,0.453237674158959,0.506128923017693,0.45352825888788,0.490594950578258,0.577225803211383,0.55799395716975,0.53378749410864,0.403108593302549,0.398355525065025,0.392171903120613,0.550873487371968,0.513907326398131,0.38073892321411,0.390393536760026,0.402573998969804,0.388966194243296,0.504612754455262,0.27575427707202,0.438842639977914,0.299630285381296,0.464189538293905,0.519087578422392,0.404529992908001,0.40251497082406,0.400080127281301,0.393890034534243,0.47981612970396,0.500434155233168,0.5111923098425,0.404604805739579,0.39509308655498,0.447228179110222,0.470666328168955,0.341237356116029,0.388714439780472,0.400609528067638,0.462023703988935,0.545297859982051,0.543855729429454,0.403481338672928,0.394468339049175,0.397006909208611,0.557482097198945,0.54379691137086,0.520828556910264,0.516002448106849,0.569919358590681,0.524332720792848,0.439681076692025,0.5020140005738,0.620673968110862,0.585096238892208,0.650215996418475,0.471537503482518,0.339062494372767,0.274855469626571,0.52671231439586,0.541594740699201,0.576607929955916,1,0.558053570611347,0.578961952179299,0.522628004572641,0.58679682054291,0.367810530918438,0.424731359789885,0.397678246148382,0.4003143081925,0.402230745741013,0.482987677093758,0.388670071373325,0.527071333350129,0.442538927975458,0.424639378287191,0.674158521098648,0.638753816558958,0.592299113336945
"G[Del(T):R3]C",0.159881275439253,0.17020238412523,0.348553602949933,0.451090672803326,0.440634828302632,0.586029766861812,0.442278059652193,0.550621608528873,0.804927731411473,0.753590561210042,0.66638742420855,0.369029104067837,0.394361880798712,0.375691201527758,0.297541105528301,0.292138081640861,0.414653679013923,0.460014901338347,0.354549961714764,0.351925929176841,0.307133555246704,0.133293771171403,0.434718844599034,0.457151432119682,0.464812642495444,0.617146830904697,0.355001668423158,0.381726482332106,0.351848645825283,0.36816454304661,0.576822475695363,0.62261236658985,0.621907999432867,0.350641824137483,0.357911488798858,0.437842865180598,0.514602917896147,0.464864569982793,0.435009526169381,0.396838019422257,0.49510318339978,0.718428272931919,0.708115243179026,0.403723747607392,0.403109372005394,0.373578753778523,0.865015412267828,0.743953889634872,0.637344203366149,0.658108721898948,0.835734901229392,0.666268486000275,0.420189138562643,0.577446569885677,0.39405462393488,0.362752516681676,0.515846633707512,0.468665985674022,0.12532244556612,0.105276153976707,0.749093622304722,0.904947520970794,0.280998334335215,0.558053570611347,1,0.87314193504646,0.274839721288805,0.389349957265934,0.485601573486075,0.544689620255476,0.420792822567726,0.432712743246713,0.415393928547072,0.200117842341976,0.178922362823853,0.240380002160055,0.385401220325899,0.282278857022163,0.413726771745554,0.861367091339284,0.950445020195286
"G[Del(T):R4]C",0.24444877454625,0.248210154193149,0.554608637093514,0.795313579758199,0.746923043925576,0.856332320218019,0.742639332660452,0.846750860808421,0.972118766066395,0.95581765125904,0.904051699555662,0.736797510200015,0.76181663098456,0.741762542499996,0.43525040706139,0.49699177280422,0.595112511771999,0.747814571612031,0.69119909927678,0.712450484621466,0.547496652651175,0.238644727528016,0.690230209610816,0.693154503701702,0.751494161615822,0.873597516612602,0.697293940654622,0.750219026213962,0.687762294188437,0.730322607324372,0.882508760521824,0.902124119750858,0.892864206489477,0.690401080917043,0.72378519267788,0.736460624451496,0.818048459818986,0.780108124874984,0.797571590456589,0.769204575082124,0.818457646234134,0.937182299149097,0.918202328325688,0.772827812326507,0.773061188916863,0.746043253829385,0.993875180034843,0.96163502405671,0.900067424640424,0.927442040272326,0.983699621391206,0.912471418511865,0.734360092779409,0.854780193092668,0.633703906572994,0.495999965275529,0.721689281165948,0.807978330972974,0.190612654162854,0.111257401345704,0.848271188029729,0.97595029593617,0.324657007428688,0.578961952179299,0.87314193504646,1,0.386897974217346,0.529283178839442,0.573726962621647,0.795935343587712,0.782720764595084,0.791375228021278,0.779250831988667,0.278457774735043,0.272233464695357,0.384125959866447,0.742187443687686,0.499058446955748,0.486918020516526,0.929574942328912,0.968025728576504
"A[Del(T):R1]C",0.477483680140731,0.436760751178337,0.590643586925882,0.450316829710465,0.435794979870483,0.427046697337011,0.436951825462794,0.430639287244143,0.407828627073972,0.413796638031057,0.424840515324884,0.420589697350517,0.410189207474711,0.40668652068345,0.652636636105411,0.691060602668628,0.455209809742786,0.459032049967945,0.422537265320451,0.409884204946493,0.658047706408945,0.357823240515471,0.539825957344266,0.351348636251936,0.43840189290049,0.429860381019902,0.429110771978395,0.418872153724242,0.426521684215346,0.41627833694378,0.440900889841288,0.42972545718499,0.43118696122266,0.427567209659439,0.415959284318214,0.434605332668,0.430634757524615,0.346486858441138,0.396814920872555,0.413606990219204,0.427205974592322,0.420945960577246,0.417366624127864,0.418986234412956,0.404181559461645,0.412636842264952,0.371379773491065,0.405743211070134,0.424782062456226,0.428199138640072,0.394208615255921,0.422348820756492,0.437306974298909,0.432979691119226,0.613563112557301,0.557392600265433,0.603814565433869,0.453936904980973,0.452811967305024,0.212974167645549,0.405516606087088,0.338791663911924,0.556758953491029,0.522628004572641,0.274839721288805,0.386897974217346,1,0.749903784881191,0.392209484721534,0.495557320033523,0.424617235900381,0.40873704722962,0.410287426350862,0.52562167829271,0.410394876743441,0.513112952426719,0.47085939634274,0.481814205471622,0.525762013705307,0.432737108806947,0.355380464558865
"A[Del(T):R2]C",0.404468965223344,0.381267210964427,0.61997510510065,0.55695445048317,0.578514724890186,0.585312533484755,0.574819677223555,0.581885146784526,0.564373279452187,0.571397134029074,0.582803187964484,0.537837406063585,0.539064280844255,0.536506421877453,0.681221279270092,0.734304976124111,0.559283491507582,0.554854503483741,0.555377147031163,0.538546178738034,0.681013098155781,0.400521740457938,0.668593740479467,0.449834539886707,0.577090357798707,0.586835735273626,0.558111283556878,0.55668477582648,0.554096394444031,0.546694122777908,0.591049306726302,0.586522157096501,0.59074608649955,0.560290700439253,0.552465905781384,0.572233889006046,0.574145956116758,0.465808709848547,0.531728494205349,0.550910644900827,0.564138775420304,0.578015349568456,0.578867207172327,0.543207635920457,0.533021035478905,0.551428337804633,0.516705302393488,0.559811784701212,0.58061963721318,0.571310026191114,0.545600725093529,0.574876781966446,0.572856475722924,0.591690661174773,0.665201215010642,0.57685768452725,0.699267662563412,0.57559385124392,0.348250527178646,0.210732331912462,0.507048120054395,0.469856935121452,0.509360109952689,0.58679682054291,0.389349957265934,0.529283178839442,0.749903784881191,1,0.521958224107812,0.622160208250866,0.549550144690575,0.541298992928869,0.544516957397334,0.485701205751261,0.348490743145146,0.498725203988209,0.554551408077143,0.501284015746877,0.501182962647448,0.556695235325784,0.485326012989533
"A[Del(T):R3]C",0.205675460899411,0.211617501076501,0.511445009679035,0.581791043463303,0.346660662885064,0.385576794161509,0.345610967585071,0.400575289420844,0.480245246873894,0.471059108085099,0.421971335244096,0.397837144269035,0.448056506881629,0.396387228877879,0.333240308408317,0.465034326827819,0.927464450359029,0.798707169223322,0.336901057764075,0.353005371673069,0.364534338295351,0.202883308064828,0.853449602668807,0.83380509693375,0.342614437990698,0.396935564859854,0.349386614544045,0.423498406922804,0.33803000581864,0.383676548081831,0.585234397455747,0.540787760580127,0.471514931522655,0.342316878457357,0.376399557317198,0.341241207448694,0.382485016786307,0.700999199752456,0.562884020617386,0.463366003421758,0.421381218432923,0.467366094672213,0.418054779607574,0.475881746950276,0.471925443224138,0.420742197687213,0.55845875668513,0.488544244429726,0.427849944567981,0.515878890230792,0.501393303238883,0.439765129720312,0.347339636954404,0.41054284179874,0.378284238622251,0.412225288400179,0.536316148204312,0.485770516053512,0.176087644658936,0.0890930972986317,0.809621507262863,0.621414428429624,0.266188279438369,0.367810530918438,0.485601573486075,0.573726962621647,0.392209484721534,0.521958224107812,1,0.838626733395212,0.540847628848944,0.511875800046766,0.473569101847142,0.235867806653394,0.256818084228729,0.382919956628816,0.476020126639376,0.284567089257533,0.300720681510596,0.67027207016181,0.490980328107632
"A[Del(T):R4]C",0.259767603413585,0.263182717607865,0.645244104973198,0.880529553752885,0.685780286876016,0.727803931456748,0.679988848664262,0.751063132839098,0.757844733069261,0.774716635032624,0.75278253686771,0.768549695740996,0.807143593940644,0.767366300468838,0.444989369895052,0.619973754352212,0.88195801681418,0.961748390352867,0.68904117864574,0.726968814494639,0.608704268877896,0.295908843068516,0.933332997333185,0.923905226673171,0.671606984659345,0.735003098231972,0.700381227174144,0.785472903210811,0.687290901630961,0.752334752193563,0.89131396250636,0.85387847041603,0.800701001672623,0.691382443114107,0.744408616679528,0.676982349886332,0.740303526893527,0.922831259636889,0.882896218249413,0.818887207244585,0.784667296419929,0.78386881296987,0.736815793362963,0.828603117844744,0.825311048449982,0.783450457640726,0.790657342926174,0.79352585226265,0.766355814826206,0.838387294628767,0.767744374020357,0.77255968114115,0.691546336139797,0.752182012997331,0.615823171905493,0.505499818673551,0.713518880973394,0.826047887485467,0.218907180831953,0.091928786173942,0.849362080249184,0.785120637367407,0.289874925415201,0.424731359789885,0.544689620255476,0.795935343587712,0.495557320033523,0.622160208250866,0.838626733395212,1,0.867975864851856,0.850808171940201,0.824764160575214,0.278782304834257,0.304455369272046,0.453148631664891,0.8065870405585,0.508771989095721,0.391841842702996,0.781149408296795,0.67597377028937
"A[Del(T):R5]G",0.27785097065038,0.273688540788742,0.652552761755201,0.971667019254408,0.871724768399834,0.892038983253458,0.859840036691185,0.920440262819371,0.81537779077628,0.859677892318586,0.884994958453938,0.97313895397327,0.987125824701541,0.973872642550633,0.491285629373893,0.629633500497894,0.684208872407603,0.889637812918132,0.898316531075811,0.951779400338011,0.689810041423875,0.305660524757259,0.822222511734999,0.772657307980354,0.847754853405496,0.88766047772781,0.90066287678074,0.968410018132971,0.893528898423009,0.960667020781079,0.968012323553261,0.946179752661266,0.92535411465311,0.894877049448439,0.955642114278838,0.862733469136876,0.927711430663221,0.912477846244169,0.988640040074527,0.984220079334011,0.959165253208228,0.887593196439058,0.860079235900036,0.989225107516318,0.988828204507591,0.973892268216112,0.782767240408127,0.875207093590601,0.90729503774716,0.94226991833679,0.809264196629416,0.906490792835832,0.882954093884496,0.907766340677541,0.728275566708513,0.511969368338168,0.7550774667663,0.97436099098819,0.243518661154288,0.0805108733755418,0.679760378276934,0.705958773196301,0.270720033241997,0.397678246148382,0.420792822567726,0.782720764595084,0.424617235900381,0.549550144690575,0.540847628848944,0.867975864851856,1,0.99299064674303,0.989148998000693,0.294700784709473,0.307105547743626,0.452575209081166,0.959226506330132,0.632042053930703,0.406323196142741,0.69506856783264,0.647126842829825
"A[Del(T):R6]G",0.272066524249914,0.266354965905009,0.640348832120875,0.964068476712466,0.884310149193508,0.909266387462562,0.8725911662665,0.934195385075011,0.828993690715485,0.877075869677593,0.906123829201487,0.969805103091442,0.988889344431807,0.977647941938078,0.490094960525307,0.616488608571238,0.652848290146104,0.868950774899041,0.905959180590106,0.956836406494146,0.689283890558378,0.302704112532407,0.802275348835319,0.752509240990073,0.8627569083109,0.907270824354974,0.908815758573282,0.973915913667741,0.901952872180732,0.966139855876829,0.970776609365071,0.961727289935459,0.943355481292413,0.903316370490014,0.962023115948542,0.875796612774795,0.94033986569124,0.905593159962233,0.989556715576694,0.989414640838942,0.959129085025834,0.901474270831565,0.879757855104803,0.986728708499473,0.988354481396936,0.9802337973988,0.794261089337307,0.888233078130702,0.923504312369072,0.947253028140886,0.825137788176851,0.92308382833282,0.895780871794406,0.926494114733022,0.734899322464606,0.502300428191476,0.75215170218985,0.96999051327238,0.232131006180722,0.080483525418148,0.669575059857905,0.714875974651421,0.267171660462611,0.4003143081925,0.432712743246713,0.791375228021278,0.40873704722962,0.541298992928869,0.511875800046766,0.850808171940201,0.99299064674303,1,0.995231269623724,0.290893435310777,0.295935479363654,0.43396926833639,0.948601053466569,0.632741051062707,0.403015953944272,0.693018842821442,0.659832106319365
"A[Del(T):R7]G",0.272374127319588,0.266018262984572,0.634106718935898,0.95616646810444,0.911352565299753,0.928977520983783,0.899468161307674,0.952718008926442,0.830832694662874,0.879847654792015,0.916552283873539,0.978579693917779,0.993414162926226,0.990054158730236,0.499115493943734,0.619938810420463,0.618032959088944,0.838982371753439,0.931825577613703,0.976823504487407,0.704560557908227,0.307095375210565,0.785573655874669,0.710588223068872,0.889467547748055,0.924169452615786,0.934658288426931,0.988810549790613,0.928317462730708,0.983672493835419,0.965948992862047,0.958535350780442,0.95020818912204,0.929165709120695,0.980175265178931,0.902668691189423,0.960083824957277,0.876908011820081,0.982974993132438,0.996911158333785,0.969819986758778,0.907458210534136,0.89168602501624,0.988346540291746,0.992850799716711,0.991734733402403,0.781461165111343,0.889614569628925,0.93514149190597,0.945324235398222,0.82164433896806,0.93249443904918,0.921709409566392,0.942603759345232,0.750806679267357,0.50178455517474,0.752062991946292,0.97509773760202,0.228531580370044,0.0806382329967432,0.635361917551216,0.689533160082929,0.268428648693916,0.402230745741013,0.415393928547072,0.779250831988667,0.410287426350862,0.544516957397334,0.473569101847142,0.824764160575214,0.989148998000693,0.995231269623724,1,0.293147107600677,0.291152695843498,0.426017261644394,0.949661166840296,0.644816658264661,0.407225450812224,0.675316196828704,0.650677916276181
"C[Del(T):R1]G",0.780203335923877,0.662946135232193,0.64267216302376,0.374096400967422,0.31705784360065,0.310245010600817,0.314850548493874,0.309176315320348,0.290355590763819,0.295042614389812,0.307464341146178,0.319198742021669,0.302594352799487,0.292505838294373,0.680291411183015,0.663547925389479,0.348398551378086,0.320238122455381,0.309520457122948,0.295791914295035,0.618096540342561,0.252461067489511,0.370491039341617,0.209944096536195,0.315368575774351,0.310120225488508,0.310193142651059,0.300794496397217,0.308866289519902,0.299065682836868,0.306091110645441,0.304755958294612,0.309675932506111,0.311313197546466,0.300086911834686,0.314292587430648,0.309343001398398,0.236974707590559,0.279964479287763,0.296169613817468,0.316702996016353,0.308396975038548,0.301833660842972,0.314368499315708,0.292166374853745,0.297500735909937,0.257856651669041,0.287339121625674,0.304981665766375,0.307387457116635,0.27950502973,0.301620184325453,0.315465778205957,0.313367092120859,0.595810348209259,0.736319879559486,0.596878770786137,0.364137263753607,0.616962150794935,0.199706297716596,0.334848637897735,0.241528346296441,0.572235461858735,0.482987677093758,0.200117842341976,0.278457774735043,0.52562167829271,0.485701205751261,0.235867806653394,0.278782304834257,0.294700784709473,0.290893435310777,0.293147107600677,1,0.750274630963827,0.706140400388861,0.423824423813685,0.440187802301596,0.681225445854684,0.388020046128289,0.265809362527566
"C[Del(T):R2]G",0.818977915935939,0.727345172566214,0.670878899478835,0.403840825329896,0.266857881815441,0.272010786061407,0.264991535763541,0.280727322069435,0.267859938049557,0.275307972203475,0.2750706700611,0.32584006672834,0.306709369409031,0.28568263562614,0.577814147306392,0.671057105075672,0.391820960382569,0.372736543848114,0.269171778264517,0.277252596120537,0.607487919419895,0.14943770643326,0.369479269832029,0.257709664856033,0.261307752752075,0.272896862825535,0.27135425005037,0.286852193251265,0.267313477819265,0.279463858072891,0.305970235408334,0.292196218699276,0.283812947133993,0.270455559380873,0.281216711276073,0.263660346857276,0.27767195732882,0.27366084427177,0.2932116220027,0.292228243715573,0.312441999393706,0.286769937122213,0.267134154542842,0.326741856139514,0.299928165630083,0.28891801901193,0.252289282813237,0.275551644190468,0.280362012546323,0.302212824731642,0.258715404051232,0.277135356362239,0.267595478297878,0.275765761567081,0.512867487278937,0.806229629050422,0.579751283952353,0.376027198918248,0.63237523767143,0.0987338941603637,0.355620720216215,0.243611917706544,0.465766644282804,0.388670071373325,0.178922362823853,0.272233464695357,0.410394876743441,0.348490743145146,0.256818084228729,0.304455369272046,0.307105547743626,0.295935479363654,0.291152695843498,0.750274630963827,1,0.802838505980155,0.467267155005802,0.400594295447281,0.716668519909109,0.408911443078631,0.248329428490995
"C[Del(T):R3]G",0.711805167161733,0.637756345107285,0.759825383884148,0.536917743258882,0.380359307981364,0.380824245517512,0.37887854900882,0.398399793602341,0.375732138119727,0.386428176246856,0.385607904875848,0.461105622092803,0.441761975196239,0.415812385724057,0.639490423673225,0.718900632715043,0.522000115268292,0.51391450427624,0.389615354371055,0.404588212421929,0.633909170359291,0.215316167659046,0.50718846644321,0.386327463813277,0.372904517087335,0.384513879388093,0.39338186686109,0.41925083402536,0.387596876592425,0.410642233292756,0.447144637534628,0.419683528071574,0.403201368532728,0.391126546074269,0.407694000455636,0.377174879300054,0.397563870353444,0.411354082775686,0.434316405674495,0.427140215353938,0.448726746763575,0.39942612580318,0.371060100643627,0.465470617339149,0.437107867031667,0.417751438865367,0.358464693793643,0.388182112911488,0.396028431647146,0.434367644808048,0.366792759151497,0.39243744591791,0.384515850334781,0.390746435764404,0.60404385696546,0.809069208549345,0.703156855766202,0.51695121329289,0.602676707453496,0.131935700514259,0.456710077742136,0.341991748429775,0.523616912917172,0.527071333350129,0.240380002160055,0.384125959866447,0.513112952426719,0.498725203988209,0.382919956628816,0.453148631664891,0.452575209081166,0.43396926833639,0.426017261644394,0.706140400388861,0.802838505980155,1,0.595603009387276,0.488046801873039,0.720290982747294,0.512849702173406,0.334531287111526
"C[Del(T):R4]G",0.423997623912392,0.398682212616214,0.745887414668813,0.962884784075095,0.851478912193407,0.864401099973396,0.840235561404314,0.894587155137145,0.786925545139713,0.827777759573479,0.857024095524461,0.967122649806668,0.95961722973639,0.94632758623115,0.565788682594954,0.705045775808558,0.645857405130976,0.842905990047964,0.879519301114417,0.928301266846303,0.750472919303044,0.304942744028349,0.778241878752091,0.689856595221989,0.826673106254318,0.860553641822316,0.879025462966161,0.936147468405759,0.872289665759876,0.932846529081101,0.931627337865181,0.901361203835727,0.88981533520891,0.874676030856131,0.927613619734273,0.84224330570264,0.902375409781669,0.840500807078731,0.93850123076944,0.948342753702696,0.951557223122344,0.857964258814156,0.830685084022931,0.970516288593816,0.958520336331544,0.941977957530167,0.733882085787379,0.839253802166336,0.879760581849484,0.909662722099219,0.769884468096507,0.874283832247801,0.860022957222471,0.877128747281078,0.769714018338384,0.635047784201274,0.809585726140051,0.975312583309448,0.362883122863593,0.0923530927056607,0.638275782370918,0.649063265393177,0.344947016585436,0.442538927975458,0.385401220325899,0.742187443687686,0.47085939634274,0.554551408077143,0.476020126639376,0.8065870405585,0.959226506330132,0.948601053466569,0.949661166840296,0.423824423813685,0.467267155005802,0.595603009387276,1,0.670677932944906,0.522496091301357,0.684811171749124,0.619191102435407
"G[Del(T):R1]G",0.433170089059448,0.391817286744938,0.586859665340918,0.632018612378892,0.677213654095159,0.644137604969802,0.671341331310708,0.652792176971723,0.553218178022962,0.577257387006078,0.621631372778673,0.656753893101551,0.643191250682772,0.650313183768315,0.561927395583056,0.596500295283561,0.407690631149538,0.527867086697935,0.679177664203253,0.664172669276951,0.691969415334735,0.289062456802893,0.556576977579927,0.397274388977721,0.66984593964991,0.639415329075214,0.68197777055003,0.65889772780331,0.68535309031195,0.669351902802977,0.623153141869946,0.62281061177778,0.635627846561008,0.680752396297194,0.665145303503632,0.677222747640249,0.667356620039512,0.506484605234283,0.607386572077263,0.645745007130144,0.649766448560386,0.603096786510392,0.608045678103752,0.643272337762399,0.634257229510119,0.653280581464528,0.490912714551103,0.574315239226578,0.627526633969321,0.617487107300814,0.538718908861347,0.623583222819677,0.682060162577679,0.650419697776951,0.702790106187859,0.533469391166433,0.634657161469655,0.663197892013675,0.635700801241362,0.130081755817021,0.407174822613848,0.418421078502995,0.397661780130042,0.424639378287191,0.282278857022163,0.499058446955748,0.481814205471622,0.501284015746877,0.284567089257533,0.508771989095721,0.632042053930703,0.632741051062707,0.644816658264661,0.440187802301596,0.400594295447281,0.488046801873039,0.670677932944906,1,0.490768149061699,0.475404985363938,0.44149494498973
"G[Del(T):R2]G",0.676373511263417,0.623953005568638,0.658808146027487,0.469657949122517,0.45211459859249,0.475314430240803,0.450670112547963,0.468313932482933,0.497529369080747,0.492709366337046,0.484637979983419,0.428693769958927,0.412138736668262,0.403813714951627,0.617847326663703,0.66778165293473,0.390725408538178,0.410943512232426,0.419730811204126,0.404722744788828,0.650098666422187,0.251386813303747,0.439870893697252,0.284719570878448,0.456249041687335,0.480269420776981,0.424220681509157,0.416818884711107,0.420061113004181,0.409033914426435,0.453944860352577,0.462719956483555,0.473649665420083,0.423545781733886,0.412516639878646,0.446483274870283,0.456465907920652,0.335494310672552,0.392343492398118,0.410270775859352,0.45520448673076,0.492349638722045,0.488213863946662,0.421751667350827,0.404404496609491,0.409710531948762,0.465474886940018,0.482849180992586,0.480505171345473,0.478375954625902,0.485796340655061,0.478651527742231,0.445058629043184,0.473054741231049,0.673943804154387,0.754669789632058,0.672431409503967,0.486687357080602,0.541469267021825,0.241627960920534,0.469213590380399,0.4389937051577,0.622054901273643,0.674158521098648,0.413726771745554,0.486918020516526,0.525762013705307,0.501182962647448,0.300720681510596,0.391841842702996,0.406323196142741,0.403015953944272,0.407225450812224,0.681225445854684,0.716668519909109,0.720290982747294,0.522496091301357,0.490768149061699,1,0.579146625535533,0.488711519343133
"G[Del(T):R3]G",0.35222408056587,0.346884012325476,0.627251309504882,0.740362627017951,0.642265940723541,0.742973888536017,0.641058969561679,0.733930100049311,0.882837325418371,0.855686981057721,0.795848143573573,0.63266702994748,0.658749094625735,0.6276803039611,0.490136028888133,0.552712631144462,0.687881550772942,0.75067296031102,0.58627862758928,0.596655170763751,0.553322570592413,0.235659816885747,0.716177173669514,0.702858948443721,0.650632377955799,0.76391226727904,0.591583322161425,0.640145786229649,0.582290212641359,0.615596251857709,0.793743413211527,0.804927897793872,0.787150954437314,0.585833376439789,0.610130869815928,0.634466311736207,0.703050803493508,0.728160683845008,0.705736214784436,0.661357877576352,0.710416481106632,0.834664278438784,0.810758752762591,0.675872917843361,0.666546580858599,0.632388395428179,0.919587095300641,0.860188480272258,0.789580168829559,0.831716900670875,0.896940244861203,0.805104472316549,0.627606854179695,0.743893802527451,0.627349780069677,0.601782956840287,0.752696124915638,0.722985312984188,0.273367256710125,0.136084684836923,0.90117385519233,0.928731696512069,0.398811929931315,0.638753816558958,0.861367091339284,0.929574942328912,0.432737108806947,0.556695235325784,0.67027207016181,0.781149408296795,0.69506856783264,0.693018842821442,0.675316196828704,0.388020046128289,0.408911443078631,0.512849702173406,0.684811171749124,0.475404985363938,0.579146625535533,1,0.912217338205634
"G[Del(T):R4]G",0.230283540503412,0.230893596273115,0.480675085526676,0.660997415257268,0.66302863166322,0.790540427116693,0.660188766745966,0.765687377644809,0.940573468843322,0.910313794513326,0.849621936391699,0.616569275002663,0.635412189722446,0.622246855167779,0.401844503970742,0.43367975319142,0.481187574537142,0.606629587570173,0.592456814170182,0.601113498848435,0.483401512928458,0.200670744923459,0.570121211966044,0.553208101581623,0.67593659883132,0.812696809412123,0.593281146044483,0.626540349568007,0.587995640212777,0.614488540851118,0.775125019599105,0.812492801972654,0.817193565497628,0.588734055909943,0.607432426732908,0.655929524600594,0.735722664601221,0.629708233061686,0.655209433461015,0.637981692952242,0.721516835220594,0.887537463628385,0.878504923106005,0.641523591829193,0.641200747075702,0.620768579881625,0.963044107379376,0.904667318342686,0.832269312147729,0.844945117821492,0.956650022093992,0.851728118934752,0.646032409615957,0.782805730791698,0.569432443108191,0.45958377728508,0.65771759755857,0.694894498806612,0.181195616360491,0.10837995860835,0.785885730994149,0.956516422403002,0.325447506423459,0.592299113336945,0.950445020195286,0.968025728576504,0.355380464558865,0.485326012989533,0.490980328107632,0.67597377028937,0.647126842829825,0.659832106319365,0.650677916276181,0.265809362527566,0.248329428490995,0.334531287111526,0.619191102435407,0.44149494498973,0.488711519343133,0.912217338205634,1
