"","A[Del(C):R2]T","G[Del(C):R2]T","T[Del(C):R2]T","A[Del(C):R1]T","G[Del(C):R1]T","T[Del(C):R1]T","A[Del(C):R2]A","G[Del(C):R2]A","T[Del(C):R2]A","A[Del(C):R4]T","A[Del(C):R5]T","G[Del(C):R4]T","G[Del(C):R5]T","T[Del(C):R4]T","T[Del(C):R5]T","A[Del(C):R1]G","A[Del(C):R2]G","A[Del(C):R3]G","A[Del(C):R4]G","A[Del(C):R5]G","G[Del(C):R1]G","G[Del(C):R2]G","G[Del(C):R3]G","G[Del(C):R4]G","G[Del(C):R5]G","T[Del(C):R1]G","T[Del(C):R2]G","T[Del(C):R3]G","T[Del(C):R4]G","T[Del(C):R5]G","A[Del(C):R1]A","G[Del(C):R1]A","T[Del(C):R1]A","A[Del(C):R(9,)]A","A[Del(C):R(9,)]G","A[Del(C):R(9,)]T","A[Del(C):R6]A","A[Del(C):R6]G","A[Del(C):R6]T","A[Del(C):R7]A","A[Del(C):R7]G","A[Del(C):R7]T","A[Del(C):R8]A","A[Del(C):R8]G","A[Del(C):R8]T","G[Del(C):R(9,)]A","G[Del(C):R(9,)]G","G[Del(C):R(9,)]T","G[Del(C):R6]A","G[Del(C):R6]G","G[Del(C):R6]T","G[Del(C):R7]A","G[Del(C):R7]G","G[Del(C):R7]T","G[Del(C):R8]A","G[Del(C):R8]G","G[Del(C):R8]T","T[Del(C):R(9,)]A","T[Del(C):R(9,)]G","T[Del(C):R(9,)]T","T[Del(C):R6]A","T[Del(C):R6]G","T[Del(C):R6]T","T[Del(C):R7]A","T[Del(C):R7]G","T[Del(C):R7]T","T[Del(C):R8]A","T[Del(C):R8]G","T[Del(C):R8]T","A[Del(C):R3]T","G[Del(C):R3]T","T[Del(C):R3]T","A[Del(C):R3]A","G[Del(C):R3]A","T[Del(C):R3]A","A[Del(C):R4]A","A[Del(C):R5]A","G[Del(C):R4]A","G[Del(C):R5]A","T[Del(C):R4]A","T[Del(C):R5]A"
"A[Del(C):R2]T",1,0.912484921398907,0.914476285200237,0.733918947462228,0.755153943523646,0.668338025447154,0.918633124079242,0.895751733047839,0.902867655801838,0.536708942295769,0.328386930716759,0.552587286794572,0.330295234861285,0.687575444307176,0.340674866201734,0.713147099880106,0.844966805506003,0.779898585157284,0.527358084744785,0.341166410501854,0.732939837542929,0.867866945549133,0.875918838296081,0.327002995797248,0.325228774170835,0.744256788114605,0.854435819187079,0.881003723830872,0.494586906095052,0.335881962022106,0.749562692007348,0.876264357154586,0.82367593809174,0.264480712204454,0.25119195040562,0.251164308231431,0.29303053559162,0.279233974292874,0.290703206242664,0.270369499316076,0.262494198785275,0.275179883559404,0.267669641225803,0.263508972046814,0.267074164097862,0.261514913676568,0.252303563082499,0.249072393440315,0.290996927116238,0.283593927045465,0.29342984450049,0.273911137849021,0.271379663332238,0.276157626952818,0.268947965152088,0.266407142353365,0.268548805978061,0.257859847577451,0.257022858213741,0.260694422947562,0.302768786837344,0.285935045676128,0.30654790794881,0.268826626761693,0.270394535315996,0.277825995543792,0.266350095526237,0.266290239007811,0.26933198921678,0.857576384426882,0.892246540709247,0.924626692414793,0.901924697837236,0.906593722384231,0.894043819379503,0.581619043573038,0.415309251548557,0.453662571680416,0.382751236732652,0.705999007956291,0.408586944021073
"G[Del(C):R2]T",0.912484921398907,1,0.920038371776779,0.652998131498199,0.750302760538748,0.581209886715334,0.941497191529616,0.961695077981026,0.940873084858267,0.406564846701427,0.186087751984361,0.44766138350307,0.196211156757376,0.589835375007747,0.202307077694432,0.642025777411479,0.889041421333661,0.74828403249355,0.405496562400897,0.199105511636371,0.662027673866009,0.92584274352993,0.907253321592318,0.231825109574832,0.188846148386526,0.704262128582038,0.879077936790053,0.91565833931857,0.372259674758,0.194050037688391,0.666197233050341,0.934487831981148,0.835404891311275,0.118849822305806,0.106943643356778,0.113021452643818,0.146681544233578,0.133435328129986,0.145585975199196,0.1218082781249,0.117084154840024,0.12699060403416,0.120303893856421,0.117162221584056,0.118811096875716,0.120692933041516,0.112173955453433,0.111776767266796,0.158162075758439,0.142270178910348,0.154249400163336,0.132017379323419,0.12701874435682,0.132619427532254,0.1259261396327,0.124077069042094,0.124913967485267,0.11607891519461,0.112517262305649,0.115693207964138,0.161252110833405,0.142424381138141,0.160970184865662,0.12498512983998,0.124826704495666,0.127805521670787,0.119773486111337,0.119786132666303,0.120982201220475,0.806712364228646,0.895510970231079,0.941493695276486,0.883619520258961,0.948206700547055,0.957549474973478,0.461694249848986,0.280803739794464,0.369058484665521,0.260341024027643,0.620646549317611,0.278753719522079
"T[Del(C):R2]T",0.914476285200237,0.920038371776779,1,0.75126013277584,0.787498913996049,0.732572497339257,0.918687348738359,0.907072329785824,0.922892500114779,0.483450631894191,0.272823857556513,0.507373050451508,0.27419353927549,0.653061858186785,0.290658724283535,0.703972439050036,0.851304262694898,0.764928156080228,0.480209053181517,0.287264640338918,0.713747039827464,0.87667929535137,0.873150004494295,0.281040396820786,0.270635422388887,0.75418309640973,0.870086929802446,0.881661373886871,0.449703862553085,0.286654478686406,0.732619517735836,0.899073674095189,0.86889814524973,0.230710716758208,0.212721677081523,0.219797769821821,0.237645651228843,0.224466309119751,0.236960004843298,0.218572617274911,0.211490133153489,0.218805756306918,0.226643814322213,0.2200450774519,0.219796389239752,0.228401711261486,0.216962449133643,0.218354579256489,0.235341736288416,0.228947370072072,0.236812250306494,0.220708894924421,0.215085046235041,0.2200091604142,0.225407557563634,0.216711011513184,0.219586298598195,0.228273738935077,0.221661157793901,0.229675239770907,0.253010190192753,0.235424352940632,0.255184089659374,0.22170080427712,0.219095834321106,0.222313350757303,0.225607105457817,0.225498657432765,0.227892359115384,0.826282892015493,0.87523483321188,0.92466532040658,0.885257590792732,0.904014448140141,0.904168462850158,0.53526290463289,0.3648981182281,0.409466076649394,0.330967744575313,0.669976181963609,0.360291694254485
"A[Del(C):R1]T",0.733918947462228,0.652998131498199,0.75126013277584,1,0.756176351703029,0.6970646381629,0.664409348892618,0.610564536169882,0.66526951245068,0.457052952343588,0.290069630245598,0.437147091349077,0.287826103826102,0.541774547010177,0.299564082834005,0.570785702463127,0.557798596774507,0.565068394278159,0.423832963471868,0.299763973313324,0.561826141227108,0.590304726534253,0.590257767686778,0.270292657019953,0.285731315568076,0.6274441605373,0.603581027379903,0.591085399977719,0.386927299295602,0.292325158643887,0.635486733087694,0.653494150797743,0.642569574070938,0.276957604333423,0.254938179789647,0.262886806134956,0.269663468536556,0.256293652058897,0.265285667396157,0.255968275314828,0.250184258485162,0.25917267050413,0.26684807537024,0.263198340917273,0.265791861943278,0.275905733722471,0.264011740719392,0.26892092613017,0.264062545174755,0.259260768530578,0.266254801665879,0.257850821282859,0.252748578940652,0.257194496978848,0.267777543285362,0.263495537571465,0.264272549340263,0.268003654788737,0.260428629789892,0.278637195855549,0.277520072863089,0.262916798643324,0.280044432877832,0.254689434805342,0.255616945978379,0.263050154141766,0.261651793363954,0.263489534691758,0.267008364418777,0.662740108608902,0.627047543537729,0.659851258635555,0.669003598852631,0.611608988195178,0.600190617546468,0.483368049267721,0.354909951519384,0.355275637768699,0.322306094383901,0.539846025292366,0.342357579932318
"G[Del(C):R1]T",0.755153943523646,0.750302760538748,0.787498913996049,0.756176351703029,1,0.650307484663693,0.698736384071903,0.717611762532986,0.717983387840194,0.35749977941956,0.183595417185964,0.381447813670472,0.200575968417901,0.476014530235877,0.194259481374803,0.528864033448045,0.620416952807224,0.564608192566119,0.342924206928568,0.194913654028522,0.533488191526362,0.66904274851184,0.649483327318919,0.223420477283451,0.194713054891653,0.576089517343828,0.642050878195432,0.641953435688636,0.312491142340668,0.190959546704387,0.58502685891294,0.766473708550394,0.687300910061996,0.165655292056175,0.151502138291439,0.160025225477586,0.157482899664849,0.148175588991338,0.15526179467808,0.144250729934314,0.13885882347383,0.146678043422275,0.153714926866736,0.151734472885276,0.15286511063349,0.171119454952678,0.160875798211712,0.166265388961285,0.17572862411562,0.160035107058033,0.169896113162715,0.159563322662515,0.152894371654253,0.158630274317619,0.164094907250073,0.160911651621207,0.166607519637738,0.160813199792076,0.152085179875975,0.167015974076017,0.171730091347116,0.154701812574342,0.171857961780603,0.146737268355236,0.146040881328266,0.15348852766936,0.150649325045701,0.156016198141314,0.155793451989043,0.639541886599511,0.686601031817348,0.694660879606647,0.666432677646384,0.690943179372221,0.671120581766299,0.394548325620895,0.254928073807032,0.32334901032398,0.247194169018419,0.484812629401531,0.247647769336965
"T[Del(C):R1]T",0.668338025447154,0.581209886715334,0.732572497339257,0.6970646381629,0.650307484663693,1,0.634552046699144,0.525025911346507,0.588107918118504,0.709635574088397,0.620758076190867,0.694705741371607,0.625046839973976,0.771338082076078,0.638226487831683,0.740739217329919,0.492273396404635,0.670463845306337,0.71123378177479,0.6418345057842,0.799684337268888,0.519305442872086,0.55512822247974,0.534975101351403,0.631038117797961,0.708658551873236,0.567542546696789,0.543619695503604,0.680147848071334,0.635917591929214,0.864045112229924,0.55328250635692,0.677727798986245,0.667873100722308,0.644242747531747,0.647900732414075,0.618594679958464,0.608734794781834,0.613010642778181,0.6249770568072,0.619746716488915,0.608502734579516,0.661209600191294,0.671665706159103,0.656282626170952,0.672009108201653,0.663862036311376,0.651641808472657,0.608984661625487,0.624583434017804,0.614905746339247,0.62309329609481,0.627282810253842,0.615489342940775,0.663879855113457,0.651728023800886,0.648659355976453,0.675235881580571,0.665282091295403,0.676044682353676,0.631429966269484,0.619121093914453,0.641239627422236,0.620381193028999,0.626231191048119,0.628950236578948,0.651289020362845,0.659964883999322,0.664849260716718,0.725710536193579,0.630584491795182,0.648317121420723,0.701561390891755,0.556543735204681,0.518091447979335,0.73831741186115,0.672419998352815,0.593891745557358,0.641923467303346,0.750030402073483,0.659881392953027
"A[Del(C):R2]A",0.918633124079242,0.941497191529616,0.918687348738359,0.664409348892618,0.698736384071903,0.634552046699144,1,0.948869723410842,0.960504623932212,0.502461352176874,0.288467484266954,0.526755607102844,0.294023765924318,0.67918885243457,0.305713117643603,0.694239276952821,0.898158938318719,0.801340883196126,0.497859549357919,0.307258181875855,0.741136265825153,0.92030913485496,0.908055915023722,0.304916851891634,0.286774644032398,0.771945725522978,0.893524156209897,0.923975475250108,0.463052702629153,0.30145560016861,0.751728893150549,0.908699870895059,0.847249084104697,0.237841510283775,0.2254139772122,0.221109403566112,0.254415350380417,0.241059078573919,0.250540421067267,0.234086453037384,0.226776848725349,0.236204454317241,0.239066565950083,0.239417203758303,0.234567906138014,0.239276571589729,0.229857910605331,0.225534819319272,0.254810461775935,0.246485646370002,0.252426586101038,0.23827066690897,0.235816494265637,0.236603023487787,0.239307329033493,0.239780488557611,0.236260975633109,0.234742350336434,0.231148119169642,0.231081423188181,0.267326153206169,0.249951470744755,0.268929790011129,0.233884365596043,0.234908740798723,0.236095416781202,0.233211300452051,0.238463357271915,0.235899708652574,0.855665787884366,0.902421949928817,0.962932562593072,0.933240519191807,0.950930725579111,0.956646249892957,0.562919404377885,0.385995148114763,0.43978175839904,0.354278486645452,0.705789677533698,0.379682165914008
"G[Del(C):R2]A",0.895751733047839,0.961695077981026,0.907072329785824,0.610564536169882,0.717611762532986,0.525025911346507,0.948869723410842,1,0.957604071667571,0.359945404368585,0.133939340585598,0.408525340226023,0.148285906608696,0.554179706894356,0.150344151736426,0.611754046975407,0.908464422531396,0.73218638615513,0.357035104211361,0.146405016150018,0.632392922740328,0.939227106107534,0.917510348997429,0.199515994345462,0.139501280792313,0.692031991745509,0.890604073768933,0.923399728229433,0.32816771286751,0.144441397305187,0.629464990963887,0.942604628840575,0.838563890784005,0.0668555343005904,0.0584660387261354,0.0624047916695829,0.0931880113964211,0.0803996850596885,0.0912531347677604,0.0670440477491178,0.0626624176299252,0.0730662844507355,0.0640811785785538,0.0625510248029954,0.062627806334123,0.0690174970411575,0.0606579948738931,0.061277301261041,0.108789175136582,0.0903885100272173,0.102774142075365,0.0795778276692801,0.0728970155008119,0.080229716571426,0.0708535608644679,0.0723362007040685,0.0729044761212522,0.0624460569896627,0.0610358621200575,0.0597609425328966,0.107312774325636,0.0893041456020351,0.106118180283276,0.0701254518859577,0.069580728699624,0.0718825621316469,0.0637876707377025,0.0651982115047506,0.0641196271932081,0.781273163804678,0.883512746204114,0.940991900311849,0.879372971467628,0.964030714491307,0.975367011225058,0.422147568826563,0.231806909728559,0.342191234060455,0.216972806450221,0.592163759947512,0.23131632556518
"T[Del(C):R2]A",0.902867655801838,0.940873084858267,0.922892500114779,0.66526951245068,0.717983387840194,0.588107918118504,0.960504623932212,0.957604071667571,1,0.408220581746856,0.183219786913273,0.433661202213351,0.185937250790979,0.598228045549183,0.200872330566465,0.638669023300343,0.902905367363927,0.752064022685678,0.401519210687988,0.199507749248718,0.659040823213803,0.920543780543582,0.902196364679764,0.212240654554742,0.179939745299351,0.743743143572728,0.896399436554515,0.915633055817102,0.371265951149326,0.196991511246124,0.663878047879979,0.923316245028377,0.863533903762102,0.121872330427274,0.109380956242432,0.112898373633977,0.147160167352355,0.131134955091172,0.143609566264306,0.123536013821784,0.114548600577787,0.131180714402093,0.123819047950141,0.116685891337359,0.117294803237451,0.118760920620914,0.110853900081688,0.110232755207814,0.146175916326105,0.132380811140817,0.143032432560003,0.126135778128221,0.119752636893104,0.125338685331775,0.122017521393614,0.118735898958672,0.119310950903269,0.118056205873004,0.114209198743532,0.114757343027782,0.162395389201218,0.14057105823866,0.161327010489908,0.127780279070936,0.122510394480374,0.126687058190609,0.122863386137339,0.121436630405556,0.122359469300296,0.803389241185867,0.877695649147805,0.944108485865096,0.897347564400899,0.946333331080865,0.963449218809685,0.470472019060852,0.284717230289524,0.352816572411423,0.25027324315222,0.631321639556066,0.282536010161829
"A[Del(C):R4]T",0.536708942295769,0.406564846701427,0.483450631894191,0.457052952343588,0.35749977941956,0.709635574088397,0.502461352176874,0.359945404368585,0.408220581746856,1,0.926533976186028,0.892689715265945,0.889307801710306,0.926160205013099,0.928516406785205,0.761284757030232,0.353197649811808,0.709861784201133,0.931807145414927,0.921752317624356,0.776363015077686,0.37075104563825,0.454505670236197,0.696678917755642,0.88757401974127,0.593192840704599,0.42487126326897,0.437803309082784,0.923873865163312,0.920849748874112,0.82812801115195,0.336575582466218,0.445959239284747,0.781649000195399,0.743333848144264,0.737998767054136,0.910465030993054,0.895575233160074,0.906704638878536,0.893092401952127,0.881696431935185,0.89551124919053,0.854955197403549,0.826273688936137,0.858040539412196,0.787935201356047,0.777679302019533,0.743871355901774,0.855259705563959,0.865642433871319,0.879671639609761,0.877054809428222,0.872701377290464,0.869201095456091,0.854902132028053,0.825671812300758,0.834378618757491,0.788448004427955,0.775512774536693,0.786067875000575,0.909618738107882,0.905020554739608,0.910411045371749,0.890726129393591,0.886615444074884,0.891303977462611,0.873040586470466,0.846505481879413,0.869512395223707,0.730626789758957,0.574680992672607,0.544579155515972,0.676302512092348,0.443861304282445,0.365967886663236,0.954585218251141,0.950478417065538,0.746906457927523,0.882894122653622,0.914042581072112,0.942711377281577
"A[Del(C):R5]T",0.328386930716759,0.186087751984361,0.272823857556513,0.290069630245598,0.183595417185964,0.620758076190867,0.288467484266954,0.133939340585598,0.183219786913273,0.926533976186028,1,0.846286042713439,0.937034948679516,0.848763002363894,0.989642500282168,0.67400143647721,0.139508894418951,0.563538264542921,0.91708729002665,0.977087210908949,0.68340722813822,0.155358015499115,0.24711010404251,0.692592187474642,0.938634136152325,0.447812779281286,0.223447711971583,0.227532817064624,0.911530940522358,0.975115759535188,0.737321212673381,0.120520269852108,0.252124567819943,0.841543017054409,0.809621325651656,0.813075855105609,0.98801002370731,0.983212010066088,0.988374756937601,0.976951527051585,0.975567634221817,0.978840063993095,0.929593778921905,0.898506498382288,0.936311921729084,0.843837396702096,0.838920498102082,0.800769185328652,0.909854337473878,0.943968113998053,0.950507142621427,0.949683276445297,0.951775546717806,0.9472783421863,0.919997988689453,0.890757785945038,0.895087711407923,0.850070359667246,0.844710229021583,0.844643741406023,0.973735947993401,0.980596793122549,0.981996754591679,0.9703532290671,0.973263568587714,0.973785021902415,0.948198710149453,0.921178097256447,0.9430033205079,0.568456661526797,0.370189532837002,0.334724259501527,0.485038299250517,0.221673738783167,0.141871443758021,0.907836437548211,0.977688995533579,0.709628115390746,0.903334916976728,0.823109887145173,0.971276878476371
"G[Del(C):R4]T",0.552587286794572,0.44766138350307,0.507373050451508,0.437147091349077,0.381447813670472,0.694705741371607,0.526755607102844,0.408525340226023,0.433661202213351,0.892689715265945,0.846286042713439,1,0.911652764210663,0.887706881453046,0.855702970697421,0.764721756679622,0.392961222441082,0.728271163277318,0.864011082951776,0.83311881326804,0.795853050587873,0.424732990141303,0.522575859779647,0.872351624685759,0.898839160321634,0.606932748147391,0.448043686667228,0.467626526575505,0.887634930535357,0.845301398644764,0.821131840379244,0.383309401989392,0.465807305934409,0.719200013942774,0.689529397577139,0.694249557186141,0.818698295650265,0.804449134272592,0.819735851025239,0.802632215389097,0.800056724322015,0.796335969792818,0.771803341322875,0.756632280309907,0.777061734352606,0.765834424906819,0.735418745314552,0.72579262725489,0.892151299453794,0.857271643913503,0.885440947741707,0.873710962202988,0.849476564522204,0.867796662737896,0.834877960048226,0.822064698597924,0.840912529763667,0.730143631198431,0.714169366486688,0.72624016814274,0.832504460889544,0.830780016814567,0.834359023890036,0.804281589224532,0.806686082556367,0.818155296690361,0.78793162969428,0.77735695433214,0.793504241465168,0.729099019734352,0.639017110105595,0.568385087346013,0.682013992018441,0.502514776928724,0.402799707681247,0.898359393928672,0.861153208494291,0.916332331859208,0.935614849567886,0.900119841440984,0.875533052894557
"G[Del(C):R5]T",0.330295234861285,0.196211156757376,0.27419353927549,0.287826103826102,0.200575968417901,0.625046839973976,0.294023765924318,0.148285906608696,0.185937250790979,0.889307801710306,0.937034948679516,0.911652764210663,1,0.82383519963313,0.942520285299106,0.680724289097283,0.141806351995693,0.560439710114472,0.870936183523017,0.921442220830336,0.701487923764687,0.16759519104589,0.279826906566059,0.867285367204904,0.982922379521618,0.456637678533906,0.220361977926039,0.223455449137053,0.895470567795269,0.92818081756596,0.745187420559402,0.12963996688898,0.257291306181241,0.795755215540528,0.772110998311001,0.784349039444166,0.928718488776374,0.921262072175879,0.927494230118525,0.916469498765805,0.9201770771586,0.916158816816549,0.873253984770663,0.862683418323503,0.890029238120604,0.848194180845684,0.826003301672875,0.811622637580816,0.988445224076805,0.964790241672156,0.983835551786611,0.98220515171404,0.962676214861884,0.974758640900481,0.939608331065074,0.920617880211611,0.946689593215211,0.818750701561266,0.811759831104501,0.810338891947753,0.935978124984093,0.940473615939244,0.937943551914744,0.915134542254992,0.923571885746107,0.936210980476679,0.895903330027967,0.883426739143024,0.90212656309934,0.557821308086864,0.399816313599712,0.337241940707976,0.484226211660494,0.240353627021046,0.14722368254594,0.87686816500465,0.921575343478696,0.873563865938676,0.986894130410191,0.817376265580883,0.928503629441626
"T[Del(C):R4]T",0.687575444307176,0.589835375007747,0.653061858186785,0.541774547010177,0.476014530235877,0.771338082076078,0.67918885243457,0.554179706894356,0.598228045549183,0.926160205013099,0.848763002363894,0.887706881453046,0.82383519963313,1,0.866545190880103,0.82309259922972,0.53949924103397,0.815012293173944,0.911708980278093,0.855452120337896,0.85344885283386,0.561487379648717,0.628307135033334,0.667151546502011,0.823760747277494,0.707902504453273,0.595908829516308,0.618648867391662,0.904005659958207,0.858837709522847,0.893945241997111,0.523633845923585,0.594268193798837,0.713674522285284,0.691286809299306,0.693133427753017,0.83457624509665,0.818659152636018,0.830413186797908,0.816855659696764,0.808039380365203,0.816171151482885,0.785368705877142,0.757765529810439,0.783221734130532,0.721985714050226,0.713148965377924,0.671910377224726,0.785683344822537,0.79993155063167,0.806055566858307,0.802399451463656,0.799200768669474,0.792699139200467,0.785010588828232,0.751789000936423,0.761074100095904,0.727317690204048,0.713890039670647,0.713554415659467,0.844002330839369,0.834699628753354,0.843034084494732,0.819099230025583,0.813295830600836,0.815050188007975,0.796399572728549,0.779526723863464,0.795626058672075,0.842687305387999,0.727405257186862,0.716499022570214,0.812142998510012,0.627112133152768,0.565135536534969,0.945156303231793,0.900216085995708,0.744799652510349,0.837024391548913,0.958381023948521,0.898950129793533
"T[Del(C):R5]T",0.340674866201734,0.202307077694432,0.290658724283535,0.299564082834005,0.194259481374803,0.638226487831683,0.305713117643603,0.150344151736426,0.200872330566465,0.928516406785205,0.989642500282168,0.855702970697421,0.942520285299106,0.866545190880103,1,0.686675419116493,0.153387070363515,0.582874802497776,0.922244015880505,0.976974962022613,0.700508068739779,0.171019085390532,0.263615807515155,0.702499724509255,0.943320112655695,0.466638045186507,0.237980876861612,0.244711453113066,0.922039021596379,0.9799566095166,0.753450339460709,0.136251835354815,0.269121309540224,0.841429536181458,0.809815432312705,0.818749318558114,0.989354122687707,0.980741656868496,0.987005122970763,0.978487230657389,0.97502530036114,0.977590431684459,0.93225972432683,0.902521815172725,0.938666182713891,0.849870095132358,0.841725487059078,0.796555232812438,0.920947939411384,0.946632333152498,0.95462100694678,0.955243210152198,0.953879362261181,0.945409976901161,0.931084958726176,0.894622671457223,0.901623260634376,0.85969797243699,0.847419761833978,0.845419883672426,0.987143270592773,0.988471986151323,0.988088082283159,0.978487187027962,0.977970963999846,0.977086404386067,0.953681526212862,0.925600518158221,0.950001833138809,0.582987258183006,0.386906643765049,0.352658018473736,0.502349596025761,0.237353232140819,0.160161499863076,0.914100963147327,0.981550889247013,0.720924490168638,0.915861414188625,0.840777714727493,0.984080169026185
"A[Del(C):R1]G",0.713147099880106,0.642025777411479,0.703972439050036,0.570785702463127,0.528864033448045,0.740739217329919,0.694239276952821,0.611754046975407,0.638669023300343,0.761284757030232,0.67400143647721,0.764721756679622,0.680724289097283,0.82309259922972,0.686675419116493,1,0.582945562582276,0.750667052210262,0.76398319001145,0.674167632203184,0.805558756147867,0.607181442088766,0.6524938142655,0.579981708933944,0.675016283617481,0.698582486526975,0.649585881675552,0.639444306546457,0.748459844071198,0.669561842250156,0.828350793674903,0.598353406730983,0.644299577055711,0.569272348406172,0.550191454892209,0.55195264297958,0.650676336581046,0.642659334725881,0.656446960256883,0.627413532145866,0.630485600776107,0.633628018187609,0.60489983555209,0.596505961930124,0.614123651718734,0.582500375550494,0.566015384261851,0.551792715777502,0.655759859289314,0.659184846629389,0.66779454999345,0.645606359324167,0.645850654277058,0.645594044435182,0.621340416100328,0.611159420854655,0.62707421036377,0.572564030494462,0.571304896059375,0.571998732119834,0.657064619720462,0.650472364521914,0.665074186259552,0.626608371000815,0.636099598503927,0.648018364303169,0.613880641501298,0.612720711329885,0.627224424497574,0.778627738457836,0.710483576830419,0.724725539085061,0.770518408190521,0.65971331252205,0.617439953872433,0.780562422076629,0.711633998032631,0.659579836423444,0.702402259488111,0.832310677105412,0.717405262681226
"A[Del(C):R2]G",0.844966805506003,0.889041421333661,0.851304262694898,0.557798596774507,0.620416952807224,0.492273396404635,0.898158938318719,0.908464422531396,0.902905367363927,0.353197649811808,0.139508894418951,0.392961222441082,0.141806351995693,0.53949924103397,0.153387070363515,0.582945562582276,1,0.704430173868887,0.355598061912752,0.152516288186281,0.616331875300626,0.874721863140373,0.87527738865325,0.18435626998928,0.136708946965523,0.679252743858486,0.845959523291235,0.889967828706359,0.324680621298782,0.149458833381365,0.602648612649137,0.867422407242273,0.784712028415058,0.08271561326561,0.0781657660080329,0.0733159458899308,0.101122104269121,0.0891101823150298,0.0990101227421672,0.0788529243591447,0.0730563281001598,0.0824926587176013,0.0799078515063714,0.078654325117371,0.0745229709050584,0.0794110250822459,0.0769479695444194,0.0693442960378955,0.104569694459258,0.0947428159400905,0.101630152676457,0.0810938405107933,0.0801181617421632,0.0817574803591063,0.0780044442430623,0.0803902071886242,0.0771139423635982,0.0780946372587216,0.0784344666530477,0.0776093702234403,0.112737477359851,0.096038427561477,0.114154480551691,0.0803847034286742,0.0799124709262434,0.0809177005238085,0.0767084640660139,0.0783690722732853,0.0776931442298402,0.750225785112627,0.845413387869013,0.894741758696954,0.837019315971345,0.908452428784719,0.918182336530684,0.41085844278439,0.23322743496986,0.316086507659262,0.204790860591387,0.563269399005674,0.228818654787418
"A[Del(C):R3]G",0.779898585157284,0.74828403249355,0.764928156080228,0.565068394278159,0.564608192566119,0.670463845306337,0.801340883196126,0.73218638615513,0.752064022685678,0.709861784201133,0.563538264542921,0.728271163277318,0.560439710114472,0.815012293173944,0.582874802497776,0.750667052210262,0.704430173868887,1,0.700338489613313,0.571185136799208,0.775059937013387,0.734389643474935,0.767273681829853,0.508943110146171,0.557862414552072,0.721578722067354,0.732702066709059,0.7612878882283,0.692488164696295,0.581394598479025,0.799841849244709,0.699447819635327,0.699859502374202,0.465049033164136,0.43578679542456,0.438352664584556,0.533040823627407,0.522085766550969,0.533421622152114,0.513248158642395,0.509533801405449,0.517954657237198,0.496773467988986,0.479028183630745,0.49375039456538,0.471275862054003,0.459652978431232,0.438414404914239,0.528211526215671,0.521003399577246,0.533150192203228,0.519114431474481,0.515892432313906,0.512904897529523,0.505847424915343,0.49769905249341,0.499620515154542,0.468979383274226,0.453378381710214,0.457780823130361,0.55014095576527,0.538672383997457,0.551164975391887,0.517323342975043,0.520335877476088,0.519393920865752,0.505111250850931,0.507618808742589,0.507306923346294,0.838074918569603,0.816118596117048,0.824153369402278,0.859687226259521,0.780400213507686,0.739251912393854,0.757737238890649,0.636046555679135,0.609273327759505,0.603050373331323,0.829791649570321,0.639101397603352
"A[Del(C):R4]G",0.527358084744785,0.405496562400897,0.480209053181517,0.423832963471868,0.342924206928568,0.71123378177479,0.497859549357919,0.357035104211361,0.401519210687988,0.931807145414927,0.91708729002665,0.864011082951776,0.870936183523017,0.911708980278093,0.922244015880505,0.76398319001145,0.355598061912752,0.700338489613313,1,0.919348068472328,0.788744163349859,0.373302904989945,0.45479124440359,0.668953824425019,0.874559429320421,0.590897218303124,0.437504985142629,0.443767020319731,0.912015868389671,0.914798556323547,0.827910323156174,0.335718413162956,0.437685777310598,0.786004028603651,0.755944772149318,0.765419693683725,0.912189833931784,0.900479221009601,0.909781760444128,0.894998383809609,0.892326804428825,0.893422456754309,0.859845589014158,0.839053705768344,0.867355472986413,0.787013830388188,0.774169896036791,0.737970854855298,0.838775494399229,0.863005127624696,0.866443676431575,0.869657804394583,0.877588111898147,0.867695537925381,0.85087502546074,0.819131772500073,0.832935309535021,0.793301757738254,0.776457029271003,0.7790031953633,0.903300026684745,0.900229657235144,0.909362773692595,0.891398242717146,0.894404572246367,0.893942153176355,0.873056293347436,0.857219578125273,0.875245628178581,0.712359574018649,0.560559981924186,0.535798001807855,0.658712928585705,0.436585098570961,0.365903728083996,0.934102152170565,0.941369950568712,0.718521344762776,0.862081192378465,0.888035629437205,0.927977173520159
"A[Del(C):R5]G",0.341166410501854,0.199105511636371,0.287264640338918,0.299763973313324,0.194913654028522,0.6418345057842,0.307258181875855,0.146405016150018,0.199507749248718,0.921752317624356,0.977087210908949,0.83311881326804,0.921442220830336,0.855452120337896,0.976974962022613,0.674167632203184,0.152516288186281,0.571185136799208,0.919348068472328,1,0.701455271418151,0.170099063349962,0.253789654475412,0.675941982042141,0.93127146023674,0.47275603581674,0.238518790198474,0.242601920400707,0.913756489805221,0.976454371475127,0.753171953314781,0.136077050559403,0.267202071816561,0.850961035064504,0.813610084030765,0.818027483819411,0.981948016969397,0.974821755477792,0.974847759050927,0.977354286859689,0.967904282546097,0.968218440861032,0.942242636601924,0.908228882839109,0.937267857717344,0.851845691487225,0.849152901364082,0.801537847235871,0.89611190850125,0.930502637769018,0.928418127162848,0.94088829855204,0.945401307243688,0.931288905162575,0.924605958898054,0.88932554212007,0.893751803006805,0.862991481839756,0.852006626113583,0.847085216371468,0.972807211957189,0.977049257409709,0.972837974818032,0.97063081327712,0.968506049600471,0.964928007507874,0.954960966662177,0.933527936073389,0.945873146122748,0.572938481183156,0.375619314131975,0.350859279715407,0.497199971916084,0.23100689862023,0.157648717495467,0.910684170323521,0.978606634717779,0.691040296864675,0.891422567916393,0.825799439805237,0.968458887710834
"G[Del(C):R1]G",0.732939837542929,0.662027673866009,0.713747039827464,0.561826141227108,0.533488191526362,0.799684337268888,0.741136265825153,0.632392922740328,0.659040823213803,0.776363015077686,0.68340722813822,0.795853050587873,0.701487923764687,0.85344885283386,0.700508068739779,0.805558756147867,0.616331875300626,0.775059937013387,0.788744163349859,0.701455271418151,1,0.631951697280036,0.683045286220849,0.618721740503943,0.710416846489578,0.758488333881092,0.663711235931528,0.668459230466208,0.7585640252377,0.692096692911643,0.920330624121567,0.61276650439435,0.661831614766082,0.693304068251763,0.677835930903726,0.662074946819094,0.673012259279814,0.663019191750986,0.663179383826687,0.67287452775863,0.669156843518663,0.660409078864972,0.697969190383795,0.711607708759724,0.696427065092973,0.706415145782257,0.691302580578399,0.658595480962511,0.684265616635676,0.695177564917398,0.681638845941532,0.686959714669846,0.689827266063082,0.680989604750062,0.709537923090437,0.70164330321879,0.701005387639099,0.699749722372264,0.692029974678709,0.679044768314897,0.684637853795831,0.674625757555017,0.692141589511377,0.668602586068653,0.678397466892382,0.677931897996007,0.687220829819818,0.698981857512962,0.698938294276746,0.814986073740894,0.742858461559359,0.751916029078151,0.80809402428077,0.680591808662349,0.63636306063411,0.813565757508123,0.735411250135116,0.698440693679722,0.732009290119916,0.847321305346295,0.732686164301035
"G[Del(C):R2]G",0.867866945549133,0.92584274352993,0.87667929535137,0.590304726534253,0.66904274851184,0.519305442872086,0.92030913485496,0.939227106107534,0.920543780543582,0.37075104563825,0.155358015499115,0.424732990141303,0.16759519104589,0.561487379648717,0.171019085390532,0.607181442088766,0.874721863140373,0.734389643474935,0.373302904989945,0.170099063349962,0.631951697280036,1,0.892809509023608,0.22065215541875,0.163365456353875,0.685016781654266,0.872421664555273,0.907170124870571,0.354999773376563,0.169599591500144,0.625999885078254,0.891806764630008,0.80044728648917,0.090950550213618,0.0833595719331445,0.0834855805485853,0.11472953234991,0.102552732518024,0.113899802536874,0.0910573291555769,0.083667724365025,0.0954947048207189,0.0896421782914248,0.0870407524092905,0.0860094640197563,0.0948610874556249,0.0851312499096018,0.0819386144117364,0.128827951843621,0.111769361694459,0.123061836082449,0.102510595587073,0.0974242477396604,0.10171667272567,0.0958835542137907,0.0980941676417011,0.0977102482572669,0.0867877533978187,0.0846502315046641,0.0848891573923048,0.128150236318864,0.112387835086987,0.129323554472199,0.0930608003295996,0.0929350482114114,0.0928283451364226,0.088107742508047,0.0917798908547396,0.0885654697691286,0.772711494111845,0.870663426425855,0.919334962287607,0.856252567635329,0.937322010915838,0.943129663100236,0.433810156842953,0.24991047099676,0.353577880021171,0.234041719161461,0.595386213148825,0.249534665479268
"G[Del(C):R3]G",0.875918838296081,0.907253321592318,0.873150004494295,0.590257767686778,0.649483327318919,0.55512822247974,0.908055915023722,0.917510348997429,0.902196364679764,0.454505670236197,0.24711010404251,0.522575859779647,0.279826906566059,0.628307135033334,0.263615807515155,0.6524938142655,0.87527738865325,0.767273681829853,0.45479124440359,0.253789654475412,0.683045286220849,0.892809509023608,1,0.337878123780167,0.269837337085399,0.699188195728148,0.862059115411963,0.91045822147212,0.4418878809288,0.256830016002291,0.671198837569935,0.867388596009686,0.794342905295294,0.161176530736233,0.149378877712915,0.158294942321011,0.20348942010511,0.191936117475883,0.204670793325752,0.177737264481814,0.174754469972983,0.18294890354227,0.168291733615307,0.165097206842026,0.168983277865024,0.174950273136391,0.162067471336731,0.165053933197813,0.239989162156958,0.215215119369245,0.231536163409223,0.207613962309217,0.199451596885889,0.209512643516759,0.190515011075288,0.190134761132923,0.197951157414784,0.160905858591145,0.157898734236201,0.158055608922746,0.218525220295068,0.205787635279884,0.220518850072918,0.179569718671462,0.181980316112702,0.187487605857942,0.16988986306476,0.174617161908768,0.174448920149474,0.803173984858091,0.897805982318344,0.918061833343567,0.880580217833267,0.932551614741767,0.918196054490864,0.516128153056865,0.334346729026857,0.462417741985082,0.345364059150843,0.664311613593858,0.336304336387128
"G[Del(C):R4]G",0.327002995797248,0.231825109574832,0.281040396820786,0.270292657019953,0.223420477283451,0.534975101351403,0.304916851891634,0.199515994345462,0.212240654554742,0.696678917755642,0.692592187474642,0.872351624685759,0.867285367204904,0.667151546502011,0.702499724509255,0.579981708933944,0.18435626998928,0.508943110146171,0.668953824425019,0.675941982042141,0.618721740503943,0.22065215541875,0.337878123780167,1,0.847720164333713,0.429344445351151,0.233847852319225,0.244109228959352,0.723193601729057,0.691901550963903,0.631592622061214,0.172935240895238,0.265926377448373,0.591480281841872,0.571176540495875,0.589000247770199,0.672696112100268,0.662662991310113,0.670918735067339,0.663744389463319,0.675152241293234,0.652626132313901,0.633445219677503,0.647221359303178,0.643173010150424,0.68926708189884,0.648871965580731,0.678641295689326,0.871751949703873,0.791625609574397,0.825624440515052,0.824466060595773,0.785354094546647,0.819195912332049,0.769318646426241,0.7707261409477,0.809589126970752,0.608769186363456,0.593506476972947,0.611026855622508,0.689511267471957,0.696774889903893,0.695092548857558,0.662395887626565,0.672612333479226,0.695659073464529,0.647995450524509,0.662056164064699,0.664766889494275,0.490226438556574,0.432572249940357,0.335136547568855,0.443335289046221,0.285490941243125,0.186363156634298,0.700876653623187,0.678708269586353,0.971759707299019,0.89745284406044,0.691047465743132,0.701597579782481
"G[Del(C):R5]G",0.325228774170835,0.188846148386526,0.270635422388887,0.285731315568076,0.194713054891653,0.631038117797961,0.286774644032398,0.139501280792313,0.179939745299351,0.88757401974127,0.938634136152325,0.898839160321634,0.982922379521618,0.823760747277494,0.943320112655695,0.675016283617481,0.136708946965523,0.557862414552072,0.874559429320421,0.93127146023674,0.710416846489578,0.163365456353875,0.269837337085399,0.847720164333713,1,0.463467841447767,0.218177201629712,0.218960238666494,0.896623794876302,0.937041992431297,0.741301831670654,0.123332121510905,0.253889309471984,0.809822506155725,0.782255284599737,0.790804059494567,0.935136960634759,0.92714021912731,0.927417619648511,0.92671669563725,0.929421311651026,0.923753384927221,0.888829813373431,0.874333759673976,0.89673852133561,0.854277567849304,0.834239958831179,0.813372929410468,0.97807798047883,0.965707471131708,0.973281688093531,0.979388945833551,0.962374142844752,0.97064306896301,0.942293038511952,0.915299425735342,0.941685463651257,0.830465348728277,0.822282959242532,0.812710867288114,0.939017001162896,0.946414337962917,0.939502206884763,0.925262620754179,0.930497119730533,0.937883185568219,0.911023601656463,0.897760272270812,0.911392167301294,0.553287952527629,0.394224619499405,0.331608485441098,0.477360187028259,0.230860183971569,0.139222639926561,0.877325678711073,0.922940554027522,0.848471368251169,0.974290066419957,0.809936598293626,0.931950503350221
"T[Del(C):R1]G",0.744256788114605,0.704262128582038,0.75418309640973,0.6274441605373,0.576089517343828,0.708658551873236,0.771945725522978,0.692031991745509,0.743743143572728,0.593192840704599,0.447812779281286,0.606932748147391,0.456637678533906,0.707902504453273,0.466638045186507,0.698582486526975,0.679252743858486,0.721578722067354,0.590897218303124,0.47275603581674,0.758488333881092,0.685016781654266,0.699188195728148,0.429344445351151,0.463467841447767,1,0.710309870016552,0.698259460370341,0.561828054054152,0.469238105025821,0.763572951699729,0.664819599306998,0.716992941370759,0.456240188536415,0.433341905942755,0.424865475910962,0.431955614833286,0.42041846790802,0.424526859436601,0.427200220987087,0.421042959324364,0.418804713148446,0.448292043060998,0.456059595422789,0.439865053457797,0.460040674969982,0.448099347119653,0.424486471808931,0.432433452119886,0.433248545422712,0.427014841141136,0.432501433881623,0.43543161869248,0.424393679987273,0.452850948500532,0.454253956651613,0.442961654704337,0.452205646524269,0.434621233701696,0.440258401693431,0.445709942393504,0.431117528168433,0.4482582184495,0.421835490703327,0.426428658036585,0.423605707512618,0.437754775734332,0.453070607023139,0.440680539784019,0.750356488409398,0.727283455406733,0.758253427696163,0.789151809676748,0.7135991709731,0.692235184015262,0.644255901320935,0.520366249002295,0.519203106128112,0.498887703880808,0.710629105967564,0.514166703275042
"T[Del(C):R2]G",0.854435819187079,0.879077936790053,0.870086929802446,0.603581027379903,0.642050878195432,0.567542546696789,0.893524156209897,0.890604073768933,0.896399436554515,0.42487126326897,0.223447711971583,0.448043686667228,0.220361977926039,0.595908829516308,0.237980876861612,0.649585881675552,0.845959523291235,0.732702066709059,0.437504985142629,0.238518790198474,0.663711235931528,0.872421664555273,0.862059115411963,0.233847852319225,0.218177201629712,0.710309870016552,1,0.892188899068108,0.413583382530964,0.239480233635519,0.654223068608734,0.851010062055487,0.807280796200847,0.164895100576209,0.155079150773541,0.158229639608353,0.187046181508078,0.178703699042854,0.186254850259588,0.167028870611893,0.16108576352638,0.172718029388542,0.167156796538913,0.162711138567302,0.15980613257126,0.161708228211152,0.152778806847958,0.147166271076002,0.181928427600049,0.170472751441806,0.179052867758566,0.167309431279379,0.166762823956336,0.16706749711143,0.161702754282759,0.157019476856091,0.159609016034375,0.165993781141469,0.162308458956664,0.16076071823257,0.198540373338198,0.184348012143501,0.203111346234304,0.170174333673685,0.168220322443928,0.170710627830609,0.16766903967667,0.172528734808727,0.168453451545664,0.771678315675072,0.833627597870136,0.898823302204528,0.849495473853608,0.891933331938693,0.901869405689067,0.482645552065323,0.314402249858808,0.362749544644664,0.275854878362238,0.622298339744304,0.308533088295408
"T[Del(C):R3]G",0.881003723830872,0.91565833931857,0.881661373886871,0.591085399977719,0.641953435688636,0.543619695503604,0.923975475250108,0.923399728229433,0.915633055817102,0.437803309082784,0.227532817064624,0.467626526575505,0.223455449137053,0.618648867391662,0.244711453113066,0.639444306546457,0.889967828706359,0.7612878882283,0.443767020319731,0.242601920400707,0.668459230466208,0.907170124870571,0.91045822147212,0.244109228959352,0.218960238666494,0.698259460370341,0.892188899068108,1,0.426723238330434,0.243768103433753,0.659728668225526,0.87958375095897,0.799060864405428,0.150355501799324,0.136220714816338,0.138615520299922,0.188924421038423,0.176716838698311,0.186485056154249,0.166059108609997,0.160732292516272,0.167432924074137,0.160836338146896,0.150629054196697,0.152978563537784,0.147463356257584,0.141603152724912,0.130218999864422,0.180970033361696,0.170867655802378,0.181457643234855,0.163708654285549,0.161197781928785,0.159956967233773,0.156137158935442,0.150133149118475,0.148837580336875,0.150100004929581,0.141907102367931,0.144441453969149,0.200604784001995,0.185564806614638,0.200827254964249,0.168800982479327,0.16677881968788,0.165634443891007,0.162690944592261,0.160789174760588,0.159783354546701,0.803563137003039,0.88569469187609,0.933373180811183,0.879259939213421,0.938145256126887,0.941421814044817,0.494938032206846,0.324099566540038,0.375530970854336,0.283180781773913,0.647201271578404,0.31942897517271
"T[Del(C):R4]G",0.494586906095052,0.372259674758,0.449703862553085,0.386927299295602,0.312491142340668,0.680147848071334,0.463052702629153,0.32816771286751,0.371265951149326,0.923873865163312,0.911530940522358,0.887634930535357,0.895470567795269,0.904005659958207,0.922039021596379,0.748459844071198,0.324680621298782,0.692488164696295,0.912015868389671,0.913756489805221,0.7585640252377,0.354999773376563,0.4418878809288,0.723193601729057,0.896623794876302,0.561828054054152,0.413583382530964,0.426723238330434,1,0.929517965445491,0.799171035168534,0.304679657632182,0.408270776479152,0.781367191741503,0.733826035072422,0.7481430446083,0.900006083686263,0.891882365472983,0.894098087732605,0.893240979607537,0.881529123028542,0.883137953876154,0.859012947557227,0.817732728983644,0.846798369226351,0.793367396946142,0.779717038141597,0.741537631996614,0.866736656138712,0.871287559848884,0.884833436933331,0.887236754742459,0.878877821697731,0.873695327810792,0.864788901931525,0.826843325135738,0.84301295157921,0.799172922672929,0.781567753224955,0.783447668346872,0.910995625490422,0.908208813597213,0.904051799414848,0.895001797077603,0.886522773390878,0.885958962384452,0.879898420892151,0.856873224473942,0.871253543176526,0.690728437475113,0.554907840720176,0.513803595583134,0.639302294485452,0.418091878212892,0.338488064961267,0.924063645148917,0.932708820461011,0.764293753757955,0.891351807200038,0.908808064562884,0.938749291817022
"T[Del(C):R5]G",0.335881962022106,0.194050037688391,0.286654478686406,0.292325158643887,0.190959546704387,0.635917591929214,0.30145560016861,0.144441397305187,0.196991511246124,0.920849748874112,0.975115759535188,0.845301398644764,0.92818081756596,0.858837709522847,0.9799566095166,0.669561842250156,0.149458833381365,0.581394598479025,0.914798556323547,0.976454371475127,0.692096692911643,0.169599591500144,0.256830016002291,0.691901550963903,0.937041992431297,0.469238105025821,0.239480233635519,0.243768103433753,0.929517965445491,1,0.744452900875645,0.132502787847873,0.263833580600215,0.848409187782048,0.806744746932178,0.813927999235821,0.976491642636714,0.969254825271256,0.970891006035429,0.974198825656199,0.965708897146775,0.964835686019154,0.936487624526237,0.899545225763408,0.930496388243153,0.849960400061107,0.846127032983633,0.797806104364851,0.903533467155017,0.932911113216495,0.931708269837113,0.94674854268447,0.946263949199348,0.930633276827724,0.92602241284473,0.892691688166081,0.895107792735737,0.8631260100055,0.847877486036743,0.84035312642689,0.976234750360745,0.979718643519332,0.973041948329517,0.971514855830885,0.969025063129671,0.963400327207684,0.955127925352961,0.929899067361331,0.944972366222161,0.572540558027899,0.383065638284164,0.348443099250212,0.49905904489347,0.232454658615133,0.1541618068096,0.907931653522346,0.973116260705866,0.706155728521554,0.899021362927195,0.833901347551389,0.971455427609382
"A[Del(C):R1]A",0.749562692007348,0.666197233050341,0.732619517735836,0.635486733087694,0.58502685891294,0.864045112229924,0.751728893150549,0.629464990963887,0.663878047879979,0.82812801115195,0.737321212673381,0.821131840379244,0.745187420559402,0.893945241997111,0.753450339460709,0.828350793674903,0.602648612649137,0.799841849244709,0.827910323156174,0.753171953314781,0.920330624121567,0.625999885078254,0.671198837569935,0.631592622061214,0.741301831670654,0.763572951699729,0.654223068608734,0.659728668225526,0.799171035168534,0.744452900875645,1,0.636101568061975,0.681064205543383,0.73334167373895,0.71832230529086,0.704325004653197,0.727670250747596,0.721545811293401,0.722979938086378,0.725892499343513,0.721221856098881,0.716367203760721,0.742104717677897,0.759187911229351,0.751617604647764,0.748505903591988,0.735635006390806,0.708866327273421,0.726164683759842,0.737396156334905,0.73118227103045,0.730314965731519,0.740677374668014,0.726442902628029,0.753367604966071,0.755736628337978,0.747519869822258,0.740927146284044,0.735594375088612,0.732975039297288,0.737554043805448,0.72976228348098,0.747942405258091,0.716377295159415,0.732587708331884,0.73464403490937,0.733783938165113,0.746931346122443,0.746923858012953,0.839314827459039,0.745364591052082,0.764283747774985,0.830116523769712,0.678890088838971,0.633763167966691,0.860048647368525,0.789854070185814,0.711514103257131,0.768741142845763,0.88315293217712,0.779709764272651
"G[Del(C):R1]A",0.876264357154586,0.934487831981148,0.899073674095189,0.653494150797743,0.766473708550394,0.55328250635692,0.908699870895059,0.942604628840575,0.923316245028377,0.336575582466218,0.120520269852108,0.383309401989392,0.12963996688898,0.523633845923585,0.136251835354815,0.598353406730983,0.867422407242273,0.699447819635327,0.335718413162956,0.136077050559403,0.61276650439435,0.891806764630008,0.867388596009686,0.172935240895238,0.123332121510905,0.664819599306998,0.851010062055487,0.87958375095897,0.304679657632182,0.132502787847873,0.636101568061975,1,0.839849565664582,0.0709689445080206,0.0618476282283736,0.0603579428432011,0.0851663942777623,0.0725076811066023,0.0823480771850556,0.0618893676919264,0.0569718161216027,0.0673403942942748,0.0636761942534846,0.0623591396526279,0.0600194762253212,0.0694844568239129,0.0609776309980525,0.0617173247480513,0.0926598060989165,0.0780529490076426,0.088605822239203,0.0685195914811868,0.0647278758285396,0.0701735186774656,0.0654348647915037,0.0670540589910696,0.0665687134271899,0.0637141004484015,0.0613508762221046,0.0624914366615054,0.0987339236962016,0.0810974711312282,0.0977228807997927,0.0646191437098815,0.0634255932102877,0.0635306697679982,0.0604698125617162,0.0646668774266952,0.0613059337847308,0.751951130666366,0.84560388204798,0.903807782969015,0.841628050519405,0.920410672398621,0.934519765763725,0.396414462411967,0.216611839283809,0.309425134419244,0.195365202598841,0.557648669107037,0.214472672987949
"T[Del(C):R1]A",0.82367593809174,0.835404891311275,0.86889814524973,0.642569574070938,0.687300910061996,0.677727798986245,0.847249084104697,0.838563890784005,0.863533903762102,0.445959239284747,0.252124567819943,0.465807305934409,0.257291306181241,0.594268193798837,0.269121309540224,0.644299577055711,0.784712028415058,0.699859502374202,0.437685777310598,0.267202071816561,0.661831614766082,0.80044728648917,0.794342905295294,0.265926377448373,0.253889309471984,0.716992941370759,0.807280796200847,0.799060864405428,0.408270776479152,0.263833580600215,0.681064205543383,0.839849565664582,1,0.220351291571971,0.205493708150013,0.203812616620195,0.219208930852707,0.208155226978793,0.216520149508482,0.203622740742521,0.196075599236867,0.205269387284926,0.212368492492611,0.213006749304224,0.207892062937794,0.215654659309251,0.210033333589245,0.199885119944059,0.222822234358917,0.21545359501587,0.222489362229546,0.208776678043844,0.205709306827056,0.205901422296496,0.213825804353538,0.211358485263531,0.210245941663312,0.215171699829219,0.20712969165284,0.209842373739557,0.23508796544963,0.220305505217356,0.235417706978997,0.206463278765276,0.204304772914944,0.205634710534863,0.210102303009859,0.214765580148707,0.211318775217043,0.759025932911429,0.793157359719412,0.848640734770748,0.818530966470862,0.833898712289182,0.833545697009501,0.497196163369734,0.336838694880133,0.385674877061133,0.310211069631673,0.621994401871632,0.33403607607885
"A[Del(C):R(9,)]A",0.264480712204454,0.118849822305806,0.230710716758208,0.276957604333423,0.165655292056175,0.667873100722308,0.237841510283775,0.0668555343005904,0.121872330427274,0.781649000195399,0.841543017054409,0.719200013942774,0.795755215540528,0.713674522285284,0.841429536181458,0.569272348406172,0.08271561326561,0.465049033164136,0.786004028603651,0.850961035064504,0.693304068251763,0.090950550213618,0.161176530736233,0.591480281841872,0.809822506155725,0.456240188536415,0.164895100576209,0.150355501799324,0.781367191741503,0.848409187782048,0.73334167373895,0.0709689445080206,0.220351291571971,1,0.929316962213713,0.91518666528096,0.856084095953114,0.85327982087464,0.848112447150886,0.893713068950898,0.880659229371602,0.855353125911133,0.9583196303079,0.949749524819696,0.939173896344485,0.965039440980237,0.956419524386415,0.915061435485597,0.795030281893951,0.855247477412024,0.825230105819487,0.853383029876986,0.877574608327443,0.846875924712955,0.920458108179706,0.911876814572025,0.891793484081835,0.977502911384923,0.944377776488237,0.956073059214241,0.860648876259919,0.85405778419327,0.867586292394076,0.87701041459361,0.882332842266575,0.881687013761656,0.927870083751287,0.935831687715828,0.941319198668369,0.47031066785236,0.2833515217842,0.260489592767302,0.394893140489642,0.136260696335433,0.0712436980596498,0.784681275532026,0.829641270384445,0.597987905849043,0.770128693045541,0.687504207575807,0.824703234599779
"A[Del(C):R(9,)]G",0.25119195040562,0.106943643356778,0.212721677081523,0.254938179789647,0.151502138291439,0.644242747531747,0.2254139772122,0.0584660387261354,0.109380956242432,0.743333848144264,0.809621325651656,0.689529397577139,0.772110998311001,0.691286809299306,0.809815432312705,0.550191454892209,0.0781657660080329,0.43578679542456,0.755944772149318,0.813610084030765,0.677835930903726,0.0833595719331445,0.149378877712915,0.571176540495875,0.782255284599737,0.433341905942755,0.155079150773541,0.136220714816338,0.733826035072422,0.806744746932178,0.71832230529086,0.0618476282283736,0.205493708150013,0.929316962213713,1,0.888246215167552,0.824188756900504,0.831192219833501,0.827282555879275,0.851922612774589,0.854752601118483,0.827569852405907,0.903297342741452,0.920526333693362,0.902854825482591,0.913061624282558,0.917309576271888,0.866966403742245,0.772321284808813,0.847338875005184,0.801300515609798,0.821286240087106,0.855688301018212,0.823882668711553,0.873404673077005,0.880741799876218,0.860166000712414,0.92441290522526,0.922314580406861,0.914430250507109,0.819402067475754,0.822280005811485,0.840675683091412,0.829004136628744,0.856108663147773,0.858313564327377,0.871025287985381,0.890396646415609,0.895940892110026,0.446697077168712,0.26537541148623,0.243856544259058,0.37173007659582,0.126056573818176,0.0607309538908885,0.743321205508223,0.790419161400023,0.571683811300995,0.74432423139497,0.644511580734548,0.783088257856009
"A[Del(C):R(9,)]T",0.251164308231431,0.113021452643818,0.219797769821821,0.262886806134956,0.160025225477586,0.647900732414075,0.221109403566112,0.0624047916695829,0.112898373633977,0.737998767054136,0.813075855105609,0.694249557186141,0.784349039444166,0.693133427753017,0.818749318558114,0.55195264297958,0.0733159458899308,0.438352664584556,0.765419693683725,0.818027483819411,0.662074946819094,0.0834855805485853,0.158294942321011,0.589000247770199,0.790804059494567,0.424865475910962,0.158229639608353,0.138615520299922,0.7481430446083,0.813927999235821,0.704325004653197,0.0603579428432011,0.203812616620195,0.91518666528096,0.888246215167552,1,0.834511413195609,0.83327665606427,0.831446510483938,0.860171004268051,0.858122280798934,0.835673607159307,0.900214106522844,0.907690554757267,0.910853083773853,0.910516104019183,0.905874582290918,0.87549193871823,0.779032640467335,0.837796735355941,0.812958168487541,0.831821615402052,0.856840397596519,0.838656240337114,0.882576961940146,0.881566056966502,0.870768476059862,0.913644436230024,0.904647890833908,0.891708181859398,0.82705795826338,0.825443585336996,0.844247734982418,0.839216645225439,0.858980215439343,0.863567184383359,0.87732071788701,0.895051129649463,0.89853841212959,0.452463834603974,0.26910164722347,0.246492768156723,0.372158399099279,0.126522555801535,0.0655085066590416,0.737087080391728,0.797147821655982,0.596041342982767,0.754148027539675,0.646115598377926,0.786711743748872
"A[Del(C):R6]A",0.29303053559162,0.146681544233578,0.237645651228843,0.269663468536556,0.157482899664849,0.618594679958464,0.254415350380417,0.0931880113964211,0.147160167352355,0.910465030993054,0.98801002370731,0.818698295650265,0.928718488776374,0.83457624509665,0.989354122687707,0.650676336581046,0.101122104269121,0.533040823627407,0.912189833931784,0.981948016969397,0.673012259279814,0.11472953234991,0.20348942010511,0.672696112100268,0.935136960634759,0.431955614833286,0.187046181508078,0.188924421038423,0.900006083686263,0.976491642636714,0.727670250747596,0.0851663942777623,0.219208930852707,0.856084095953114,0.824188756900504,0.834511413195609,1,0.989682795235574,0.991421605119369,0.990036960888644,0.984256807698006,0.98734061530694,0.947330857181926,0.917143226281872,0.951849223141391,0.856831320741641,0.85404037074786,0.813056739334365,0.908035599708918,0.945030405961205,0.945260129516965,0.952571231990101,0.957634698305285,0.947279946319515,0.934016032561836,0.895480461405301,0.905476599436059,0.868297536348317,0.860128991845122,0.856786226253233,0.985937137444693,0.987127532271629,0.989815007144877,0.983336779762312,0.98435990102615,0.982719546085731,0.961479412249795,0.935160340578033,0.957888288472294,0.536697629122415,0.326248850298854,0.298526289788554,0.451390075906892,0.17815746488131,0.103567914661886,0.894529313026817,0.978416836493955,0.68326498391841,0.893867576912402,0.799397694102331,0.970454934994549
"A[Del(C):R6]G",0.279233974292874,0.133435328129986,0.224466309119751,0.256293652058897,0.148175588991338,0.608734794781834,0.241059078573919,0.0803996850596885,0.131134955091172,0.895575233160074,0.983212010066088,0.804449134272592,0.921262072175879,0.818659152636018,0.980741656868496,0.642659334725881,0.0891101823150298,0.522085766550969,0.900479221009601,0.974821755477792,0.663019191750986,0.102552732518024,0.191936117475883,0.662662991310113,0.92714021912731,0.42041846790802,0.178703699042854,0.176716838698311,0.891882365472983,0.969254825271256,0.721545811293401,0.0725076811066023,0.208155226978793,0.85327982087464,0.831192219833501,0.83327665606427,0.989682795235574,1,0.987752725391267,0.982224635058016,0.984830916006322,0.978400780478195,0.940114762149404,0.915016681452306,0.94922347805073,0.85368303080258,0.854638558222674,0.813946332570591,0.900789862225209,0.949722767073578,0.940769319023724,0.94579955658411,0.958641398073107,0.942086069257212,0.924493705846569,0.899419840736068,0.900429868359509,0.864671623911001,0.862941068846409,0.853179856034134,0.971198492126175,0.98195908141929,0.980318025383069,0.970106115636409,0.982507858117406,0.979212723460407,0.950515831892396,0.933136886522719,0.948900563983923,0.520280542142695,0.310976571783468,0.282718918918653,0.434919460521505,0.163650498863554,0.0888210703751224,0.878188076595303,0.964717390427805,0.669135813667991,0.881257520995857,0.781003666969733,0.953926447300524
"A[Del(C):R6]T",0.290703206242664,0.145585975199196,0.236960004843298,0.265285667396157,0.15526179467808,0.613010642778181,0.250540421067267,0.0912531347677604,0.143609566264306,0.906704638878536,0.988374756937601,0.819735851025239,0.927494230118525,0.830413186797908,0.987005122970763,0.656446960256883,0.0990101227421672,0.533421622152114,0.909781760444128,0.974847759050927,0.663179383826687,0.113899802536874,0.204670793325752,0.670918735067339,0.927417619648511,0.424526859436601,0.186254850259588,0.186485056154249,0.894098087732605,0.970891006035429,0.722979938086378,0.0823480771850556,0.216520149508482,0.848112447150886,0.827282555879275,0.831446510483938,0.991421605119369,0.987752725391267,1,0.982238234794169,0.981051261232005,0.984050814143845,0.935979577907643,0.907917537482434,0.946824278619411,0.851566268814937,0.84492652308673,0.808076246121564,0.903737706049322,0.944869508053855,0.946314967306217,0.947308661977668,0.955650990746702,0.945928589266716,0.92195519229476,0.894804048280518,0.899727293196923,0.858921489870901,0.855558696621583,0.854013799116291,0.975775528736207,0.983248114474603,0.987487215976104,0.972714716460878,0.978189783853458,0.98258606790411,0.951035466533822,0.925248375726764,0.950893932731896,0.534088538030689,0.32615168047557,0.294504144635406,0.445767591404182,0.177611123725063,0.10109577076266,0.889027996027814,0.970780373528559,0.682665778588139,0.888644822514319,0.794150475759457,0.961917962858217
"A[Del(C):R7]A",0.270369499316076,0.1218082781249,0.218572617274911,0.255968275314828,0.144250729934314,0.6249770568072,0.234086453037384,0.0670440477491178,0.123536013821784,0.893092401952127,0.976951527051585,0.802632215389097,0.916469498765805,0.816855659696764,0.978487230657389,0.627413532145866,0.0788529243591447,0.513248158642395,0.894998383809609,0.977354286859689,0.67287452775863,0.0910573291555769,0.177737264481814,0.663744389463319,0.92671669563725,0.427200220987087,0.167028870611893,0.166059108609997,0.893240979607537,0.974198825656199,0.725892499343513,0.0618893676919264,0.203622740742521,0.893713068950898,0.851922612774589,0.860171004268051,0.990036960888644,0.982224635058016,0.982238234794169,1,0.985170651629198,0.984564757954679,0.973857018770022,0.938295952131339,0.964145767686229,0.890652441252308,0.887635214291143,0.844675993413333,0.899912155629608,0.942365763173205,0.935151004726647,0.954857943851676,0.960238652246434,0.942566377333271,0.953196378050017,0.914612808469932,0.916045436388617,0.904940632733752,0.892724312700131,0.887389918186846,0.984415843174278,0.984110034589707,0.984950983065775,0.991170265665523,0.986150440438066,0.98327839079803,0.983480642307913,0.954924149502976,0.974813456845432,0.513977254495203,0.303450807004329,0.276636002007432,0.430340799042057,0.150089718092853,0.0775427640327336,0.879442219697169,0.965814564678631,0.668846773799035,0.881334842552302,0.784025730141689,0.961265136663105
"A[Del(C):R7]G",0.262494198785275,0.117084154840024,0.211490133153489,0.250184258485162,0.13885882347383,0.619746716488915,0.226776848725349,0.0626624176299252,0.114548600577787,0.881696431935185,0.975567634221817,0.800056724322015,0.9201770771586,0.808039380365203,0.97502530036114,0.630485600776107,0.0730563281001598,0.509533801405449,0.892326804428825,0.967904282546097,0.669156843518663,0.083667724365025,0.174754469972983,0.675152241293234,0.929421311651026,0.421042959324364,0.16108576352638,0.160732292516272,0.881529123028542,0.965708897146775,0.721221856098881,0.0569718161216027,0.196075599236867,0.880659229371602,0.854752601118483,0.858122280798934,0.984256807698006,0.984830916006322,0.981051261232005,0.985170651629198,1,0.976215116099955,0.957446494262067,0.937043201796621,0.960981658342414,0.882247361374882,0.882521859914723,0.839472811097974,0.905963113941099,0.954782011050259,0.941579761529501,0.955416267314701,0.967023590176335,0.949359476566329,0.942747003279429,0.921625545730556,0.916023302796496,0.893236213952611,0.885594798221045,0.875860676926222,0.97066289902473,0.980102792150402,0.978263881264776,0.975964964351518,0.989354090303053,0.981457085894261,0.965828912356408,0.953597402202953,0.965121579531547,0.50546103792033,0.296871206924295,0.26628030118426,0.419474403314376,0.145410111249248,0.0707189451419578,0.866976439871783,0.953002049767279,0.678589214856481,0.882551627496453,0.769831987676518,0.946145965306819
"A[Del(C):R7]T",0.275179883559404,0.12699060403416,0.218805756306918,0.25917267050413,0.146678043422275,0.608502734579516,0.236204454317241,0.0730662844507355,0.131180714402093,0.89551124919053,0.978840063993095,0.796335969792818,0.916158816816549,0.816171151482885,0.977590431684459,0.633628018187609,0.0824926587176013,0.517954657237198,0.893422456754309,0.968218440861032,0.660409078864972,0.0954947048207189,0.18294890354227,0.652626132313901,0.923753384927221,0.418804713148446,0.172718029388542,0.167432924074137,0.883137953876154,0.964835686019154,0.716367203760721,0.0673403942942748,0.205269387284926,0.855353125911133,0.827569852405907,0.835673607159307,0.98734061530694,0.978400780478195,0.984050814143845,0.984564757954679,0.976215116099955,1,0.944782000968197,0.918805637156329,0.949902404338915,0.855302048494686,0.854718343714527,0.8118266482309,0.897547276015778,0.935332755655548,0.934417653015365,0.945608142964233,0.951271533400407,0.939233839054742,0.929073632352529,0.895629879989565,0.900650210230336,0.869148446675125,0.868745605664402,0.85710886924532,0.97577908090018,0.977921193437907,0.984010318483777,0.979288796606693,0.977735396105858,0.982219327048489,0.960481467028185,0.933844891228708,0.957297358285477,0.517873916476891,0.303920148703758,0.278779557881473,0.430677345636776,0.155727473036945,0.0843850848720419,0.880267629869965,0.964019014144693,0.662124379113616,0.877513321138839,0.781049524382834,0.955785781638013
"A[Del(C):R8]A",0.267669641225803,0.120303893856421,0.226643814322213,0.26684807537024,0.153714926866736,0.661209600191294,0.239066565950083,0.0640811785785538,0.123819047950141,0.854955197403549,0.929593778921905,0.771803341322875,0.873253984770663,0.785368705877142,0.93225972432683,0.60489983555209,0.0799078515063714,0.496773467988986,0.859845589014158,0.942242636601924,0.697969190383795,0.0896421782914248,0.168291733615307,0.633445219677503,0.888829813373431,0.448292043060998,0.167156796538913,0.160836338146896,0.859012947557227,0.936487624526237,0.742104717677897,0.0636761942534846,0.212368492492611,0.9583196303079,0.903297342741452,0.900214106522844,0.947330857181926,0.940114762149404,0.935979577907643,0.973857018770022,0.957446494262067,0.944782000968197,1,0.965786501344651,0.973984394573941,0.946373465450577,0.942681827189762,0.892409785556781,0.863987840994189,0.913836440087738,0.894458355715826,0.926043436982912,0.939321748156321,0.910547593074073,0.963652029387635,0.929499982465404,0.921126157441107,0.965770406728858,0.939858650744072,0.939686497632971,0.950462038744203,0.944277391913376,0.949380989792889,0.966395549502518,0.959246000138419,0.95446171488722,0.987286846446715,0.974666749014878,0.983331695516479,0.500697574908755,0.29540845065655,0.273854510660892,0.420074604066294,0.141742578576328,0.0735070891585709,0.854482570189853,0.92316137698146,0.639473246821427,0.843161338993397,0.75363793367872,0.919151879108276
"A[Del(C):R8]G",0.263508972046814,0.117162221584056,0.2200450774519,0.263198340917273,0.151734472885276,0.671665706159103,0.239417203758303,0.0625510248029954,0.116685891337359,0.826273688936137,0.898506498382288,0.756632280309907,0.862683418323503,0.757765529810439,0.902521815172725,0.596505961930124,0.078654325117371,0.479028183630745,0.839053705768344,0.908228882839109,0.711607708759724,0.0870407524092905,0.165097206842026,0.647221359303178,0.874333759673976,0.456059595422789,0.162711138567302,0.150629054196697,0.817732728983644,0.899545225763408,0.759187911229351,0.0623591396526279,0.213006749304224,0.949749524819696,0.920526333693362,0.907690554757267,0.917143226281872,0.915016681452306,0.907917537482434,0.938295952131339,0.937043201796621,0.918805637156329,0.965786501344651,1,0.967363768871244,0.953881000016531,0.946280898252913,0.896249616193232,0.859038381734182,0.908934445391176,0.882859729735983,0.909422922451664,0.934769877511981,0.900609555865544,0.950405503476143,0.947985219459843,0.925559625022929,0.959855384954053,0.942742340885818,0.935911277716386,0.911682513262659,0.913911330180435,0.92300586565058,0.923261296530543,0.937576552561939,0.930304307346988,0.953037484061453,0.965790019944778,0.964349351025306,0.489470479406291,0.288421755501652,0.263653881308527,0.405226937228431,0.136863177444838,0.068461030533449,0.824795775602392,0.888152205109919,0.647246884938647,0.83319348118078,0.717825547207666,0.876264284748602
"A[Del(C):R8]T",0.267074164097862,0.118811096875716,0.219796389239752,0.265791861943278,0.15286511063349,0.656282626170952,0.234567906138014,0.062627806334123,0.117294803237451,0.858040539412196,0.936311921729084,0.777061734352606,0.890029238120604,0.783221734130532,0.938666182713891,0.614123651718734,0.0745229709050584,0.49375039456538,0.867355472986413,0.937267857717344,0.696427065092973,0.0860094640197563,0.168983277865024,0.643173010150424,0.89673852133561,0.439865053457797,0.15980613257126,0.152978563537784,0.846798369226351,0.930496388243153,0.751617604647764,0.0600194762253212,0.207892062937794,0.939173896344485,0.902854825482591,0.910853083773853,0.951849223141391,0.94922347805073,0.946824278619411,0.964145767686229,0.960981658342414,0.949902404338915,0.973984394573941,0.967363768871244,1,0.940505294978148,0.934104149996686,0.88930110639342,0.882916624937641,0.929563742123217,0.915444159496393,0.930975693723717,0.950287992689367,0.929854251118803,0.958525234536947,0.945677509193052,0.936049261239956,0.946091952003895,0.935008459398959,0.929822682167049,0.94738557086313,0.945496215406723,0.95698062582214,0.95347330831379,0.965627477545384,0.96606899424778,0.967346487142473,0.967360238082673,0.977873270225172,0.50146515518565,0.295233298271351,0.267728476236866,0.413726037347052,0.141228709605868,0.0704719710423417,0.84794403722383,0.921210242614989,0.651747159826095,0.856248220901378,0.741880397593353,0.911804508936273
"G[Del(C):R(9,)]A",0.261514913676568,0.120692933041516,0.228401711261486,0.275905733722471,0.171119454952678,0.672009108201653,0.239276571589729,0.0690174970411575,0.118760920620914,0.787935201356047,0.843837396702096,0.765834424906819,0.848194180845684,0.721985714050226,0.849870095132358,0.582500375550494,0.0794110250822459,0.471275862054003,0.787013830388188,0.851845691487225,0.706415145782257,0.0948610874556249,0.174950273136391,0.68926708189884,0.854277567849304,0.460040674969982,0.161708228211152,0.147463356257584,0.793367396946142,0.849960400061107,0.748505903591988,0.0694844568239129,0.215654659309251,0.965039440980237,0.913061624282558,0.910516104019183,0.856831320741641,0.85368303080258,0.851566268814937,0.890652441252308,0.882247361374882,0.855302048494686,0.946373465450577,0.953881000016531,0.940505294978148,1,0.963862580321028,0.928014574779422,0.854718726404557,0.882968052431703,0.867126006604967,0.895846743497468,0.908783926573511,0.887892870297774,0.95586774365632,0.952207525878578,0.937454101147022,0.974558394418065,0.941352317990862,0.945943088812925,0.869436754131091,0.862949660305674,0.876095551350154,0.880423497206264,0.88401134154304,0.890524482071974,0.926910603763655,0.940764658130049,0.941460991182165,0.475920307423992,0.300069739216554,0.265194664738373,0.399404180410765,0.14281013370309,0.0709930063998297,0.792727113217805,0.831144123510797,0.691542219083695,0.834933380093697,0.700845378509025,0.834119626355687
"G[Del(C):R(9,)]G",0.252303563082499,0.112173955453433,0.216962449133643,0.264011740719392,0.160875798211712,0.663862036311376,0.229857910605331,0.0606579948738931,0.110853900081688,0.777679302019533,0.838920498102082,0.735418745314552,0.826003301672875,0.713148965377924,0.841725487059078,0.566015384261851,0.0769479695444194,0.459652978431232,0.774169896036791,0.849152901364082,0.691302580578399,0.0851312499096018,0.162067471336731,0.648871965580731,0.834239958831179,0.448099347119653,0.152778806847958,0.141603152724912,0.779717038141597,0.846127032983633,0.735635006390806,0.0609776309980525,0.210033333589245,0.956419524386415,0.917309576271888,0.905874582290918,0.85404037074786,0.854638558222674,0.84492652308673,0.887635214291143,0.882521859914723,0.854718343714527,0.942681827189762,0.946280898252913,0.934104149996686,0.963862580321028,1,0.921637717614424,0.830216754123001,0.877989130245034,0.847740391231486,0.87588868603978,0.899560930809853,0.866195521239067,0.937367227624712,0.938524091526768,0.918831258953089,0.961023273304601,0.943236897443407,0.940550391606787,0.859335720679756,0.854772231203178,0.867321302611168,0.870683821350154,0.884124404099552,0.883996667987593,0.914414489061,0.933830230833308,0.929977286061431,0.463254742130646,0.28701097562575,0.255270698338771,0.387447849676304,0.132140056025875,0.062975380471887,0.778984290604666,0.824245149302887,0.647631067022737,0.803487348724207,0.685291227904628,0.823828572457562
"G[Del(C):R(9,)]T",0.249072393440315,0.111776767266796,0.218354579256489,0.26892092613017,0.166265388961285,0.651641808472657,0.225534819319272,0.061277301261041,0.110232755207814,0.743871355901774,0.800769185328652,0.72579262725489,0.811622637580816,0.671910377224726,0.796555232812438,0.551792715777502,0.0693442960378955,0.438414404914239,0.737970854855298,0.801537847235871,0.658595480962511,0.0819386144117364,0.165053933197813,0.678641295689326,0.813372929410468,0.424486471808931,0.147166271076002,0.130218999864422,0.741537631996614,0.797806104364851,0.708866327273421,0.0617173247480513,0.199885119944059,0.915061435485597,0.866966403742245,0.87549193871823,0.813056739334365,0.813946332570591,0.808076246121564,0.844675993413333,0.839472811097974,0.8118266482309,0.892409785556781,0.896249616193232,0.88930110639342,0.928014574779422,0.921637717614424,1,0.812661389183669,0.842651431372749,0.828544852125402,0.855990442351285,0.862338617850417,0.855592267297464,0.903168060919075,0.904051455977877,0.90168792816276,0.909937500122736,0.899287023175349,0.915140316054906,0.810114605650337,0.805481581205419,0.816878432642213,0.823092067561023,0.835880253219384,0.848685723031579,0.868591372649264,0.885619764341104,0.878793099453434,0.443160460228264,0.277017618143368,0.243400082757046,0.374993838102563,0.132230087613169,0.0612001273875579,0.748872708657389,0.780986736535032,0.674827234407498,0.792733508858744,0.654411510914139,0.772810891976171
"G[Del(C):R6]A",0.290996927116238,0.158162075758439,0.235341736288416,0.264062545174755,0.17572862411562,0.608984661625487,0.254810461775935,0.108789175136582,0.146175916326105,0.855259705563959,0.909854337473878,0.892151299453794,0.988445224076805,0.785683344822537,0.920947939411384,0.655759859289314,0.104569694459258,0.528211526215671,0.838775494399229,0.89611190850125,0.684265616635676,0.128827951843621,0.239989162156958,0.871751949703873,0.97807798047883,0.432433452119886,0.181928427600049,0.180970033361696,0.866736656138712,0.903533467155017,0.726164683759842,0.0926598060989165,0.222822234358917,0.795030281893951,0.772321284808813,0.779032640467335,0.908035599708918,0.900789862225209,0.903737706049322,0.899912155629608,0.905963113941099,0.897547276015778,0.863987840994189,0.859038381734182,0.882916624937641,0.854718726404557,0.830216754123001,0.812661389183669,1,0.96569493590706,0.983969332274269,0.980144214727865,0.959573082771084,0.970825358182273,0.943505824551665,0.928412527722344,0.954607735216715,0.820749263260118,0.812677287139195,0.810434049729649,0.924130030716101,0.925305233822432,0.923857697061799,0.901321599772321,0.912527834663188,0.928085763059942,0.887015074270481,0.876083332891825,0.898427378253703,0.517048644809931,0.361023514364478,0.295942242315084,0.442726299567336,0.197692849183908,0.107900203420336,0.842354650467214,0.891164166466141,0.871456398167923,0.98409169448415,0.783741697532728,0.905936019895794
"G[Del(C):R6]G",0.283593927045465,0.142270178910348,0.228947370072072,0.259260768530578,0.160035107058033,0.624583434017804,0.246485646370002,0.0903885100272173,0.132380811140817,0.865642433871319,0.943968113998053,0.857271643913503,0.964790241672156,0.79993155063167,0.946632333152498,0.659184846629389,0.0947428159400905,0.521003399577246,0.863005127624696,0.930502637769018,0.695177564917398,0.111769361694459,0.215215119369245,0.791625609574397,0.965707471131708,0.433248545422712,0.170472751441806,0.170867655802378,0.871287559848884,0.932911113216495,0.737396156334905,0.0780529490076426,0.21545359501587,0.855247477412024,0.847338875005184,0.837796735355941,0.945030405961205,0.949722767073578,0.944869508053855,0.942365763173205,0.954782011050259,0.935332755655548,0.913836440087738,0.908934445391176,0.929563742123217,0.882968052431703,0.877989130245034,0.842651431372749,0.96569493590706,1,0.978153046496255,0.976056151735469,0.981967751654527,0.974936378910966,0.9499268514503,0.943151457399758,0.953894213868944,0.864603685536963,0.864603940530184,0.855006502162169,0.941908329245922,0.95563092158027,0.952697950947234,0.928611696735909,0.953076451474943,0.96299765069519,0.919413137940949,0.916650096211153,0.936865995659791,0.51650849564847,0.336861062374029,0.286624010441068,0.43355435122188,0.176590679632996,0.09164321882966,0.849075126845896,0.914300217688434,0.788310539667904,0.94172371210406,0.775314605980158,0.918357333207473
"G[Del(C):R6]T",0.29342984450049,0.154249400163336,0.236812250306494,0.266254801665879,0.169896113162715,0.614905746339247,0.252426586101038,0.102774142075365,0.143032432560003,0.879671639609761,0.950507142621427,0.885440947741707,0.983835551786611,0.806055566858307,0.95462100694678,0.66779454999345,0.101630152676457,0.533150192203228,0.866443676431575,0.928418127162848,0.681638845941532,0.123061836082449,0.231536163409223,0.825624440515052,0.973281688093531,0.427014841141136,0.179052867758566,0.181457643234855,0.884833436933331,0.931708269837113,0.73118227103045,0.088605822239203,0.222489362229546,0.825230105819487,0.801300515609798,0.812958168487541,0.945260129516965,0.940769319023724,0.946314967306217,0.935151004726647,0.941579761529501,0.934417653015365,0.894458355715826,0.882859729735983,0.915444159496393,0.867126006604967,0.847740391231486,0.828544852125402,0.983969332274269,0.978153046496255,1,0.982604174127717,0.971631443607578,0.981613172604824,0.947726895545169,0.932681165940143,0.950648989381945,0.842031494798037,0.837709025416949,0.837523909053792,0.948043635272098,0.954261299677091,0.956035832120884,0.931420341427032,0.942239150689132,0.95908573914407,0.914260002743646,0.898901324316352,0.925304724279921,0.530018023670606,0.354566551974214,0.297003150498152,0.445462845924192,0.192988524528573,0.10392231335416,0.863439326223833,0.923190859227989,0.829569634867112,0.96685066138236,0.797141087356697,0.93151318401759
"G[Del(C):R7]A",0.273911137849021,0.132017379323419,0.220708894924421,0.257850821282859,0.159563322662515,0.62309329609481,0.23827066690897,0.0795778276692801,0.126135778128221,0.877054809428222,0.949683276445297,0.873710962202988,0.98220515171404,0.802399451463656,0.955243210152198,0.645606359324167,0.0810938405107933,0.519114431474481,0.869657804394583,0.94088829855204,0.686959714669846,0.102510595587073,0.207613962309217,0.824466060595773,0.979388945833551,0.432501433881623,0.167309431279379,0.163708654285549,0.887236754742459,0.94674854268447,0.730314965731519,0.0685195914811868,0.208776678043844,0.853383029876986,0.821286240087106,0.831821615402052,0.952571231990101,0.94579955658411,0.947308661977668,0.954857943851676,0.955416267314701,0.945608142964233,0.926043436982912,0.909422922451664,0.930975693723717,0.895846743497468,0.87588868603978,0.855990442351285,0.980144214727865,0.976056151735469,0.982604174127717,1,0.984436197473397,0.985576357178893,0.973161575556875,0.94817683441413,0.968548330085097,0.875257755728985,0.862055921159067,0.857315148309493,0.959593949730632,0.962755284488236,0.960407774692601,0.95430121015712,0.956560380582878,0.966648674440704,0.944067573675783,0.929032751603393,0.946118463903466,0.512696909214208,0.332640787682719,0.279836329834263,0.432243489362271,0.167895890806512,0.0827273077402563,0.865907708573739,0.929259249047595,0.822026869973414,0.965418162661756,0.787866575325369,0.937431584388995
"G[Del(C):R7]G",0.271379663332238,0.12701874435682,0.215085046235041,0.252748578940652,0.152894371654253,0.627282810253842,0.235816494265637,0.0728970155008119,0.119752636893104,0.872701377290464,0.951775546717806,0.849476564522204,0.962676214861884,0.799200768669474,0.953879362261181,0.645850654277058,0.0801181617421632,0.515892432313906,0.877588111898147,0.945401307243688,0.689827266063082,0.0974242477396604,0.199451596885889,0.785354094546647,0.962374142844752,0.43543161869248,0.166762823956336,0.161197781928785,0.878877821697731,0.946263949199348,0.740677374668014,0.0647278758285396,0.205709306827056,0.877574608327443,0.855688301018212,0.856840397596519,0.957634698305285,0.958641398073107,0.955650990746702,0.960238652246434,0.967023590176335,0.951271533400407,0.939321748156321,0.934769877511981,0.950287992689367,0.908783926573511,0.899560930809853,0.862338617850417,0.959573082771084,0.981967751654527,0.971631443607578,0.984436197473397,1,0.979168782927989,0.968861009574845,0.957403999130436,0.966048807018613,0.892432002015222,0.880824728284239,0.876112989409796,0.953423285060049,0.964978985134431,0.964204945180528,0.949240479191145,0.967590195750861,0.972475919816285,0.945196136381635,0.945246601983688,0.958208950113238,0.507733243398917,0.320587237509604,0.274460249087919,0.425704768701715,0.159767144339693,0.0768400741863434,0.861404716696891,0.927780487475853,0.781208536853867,0.937689048878203,0.77155276915929,0.928259898634903
"G[Del(C):R7]T",0.276157626952818,0.132619427532254,0.2200091604142,0.257194496978848,0.158630274317619,0.615489342940775,0.236603023487787,0.080229716571426,0.125338685331775,0.869201095456091,0.9472783421863,0.867796662737896,0.974758640900481,0.792699139200467,0.945409976901161,0.645594044435182,0.0817574803591063,0.512904897529523,0.867695537925381,0.931288905162575,0.680989604750062,0.10171667272567,0.209512643516759,0.819195912332049,0.97064306896301,0.424393679987273,0.16706749711143,0.159956967233773,0.873695327810792,0.930633276827724,0.726442902628029,0.0701735186774656,0.205901422296496,0.846875924712955,0.823882668711553,0.838656240337114,0.947279946319515,0.942086069257212,0.945928589266716,0.942566377333271,0.949359476566329,0.939233839054742,0.910547593074073,0.900609555865544,0.929854251118803,0.887892870297774,0.866195521239067,0.855592267297464,0.970825358182273,0.974936378910966,0.981613172604824,0.985576357178893,0.979168782927989,1,0.955866614797903,0.941644976137723,0.963056991694402,0.860314047037102,0.861548899475731,0.852254774959011,0.942486644018344,0.950450221384393,0.954905940715726,0.933897273649079,0.945973531322482,0.961766717737254,0.92449486539773,0.919098913193576,0.935639581898063,0.509472236832001,0.3284095083191,0.277623461958634,0.425932272271106,0.168900045700529,0.0829527754056928,0.852224059486835,0.917066818639968,0.817375517627346,0.954670726975629,0.772709284986308,0.918592363663335
"G[Del(C):R8]A",0.268947965152088,0.1259261396327,0.225407557563634,0.267777543285362,0.164094907250073,0.663879855113457,0.239307329033493,0.0708535608644679,0.122017521393614,0.854902132028053,0.919997988689453,0.834877960048226,0.939608331065074,0.785010588828232,0.931084958726176,0.621340416100328,0.0780044442430623,0.505847424915343,0.85087502546074,0.924605958898054,0.709537923090437,0.0958835542137907,0.190515011075288,0.769318646426241,0.942293038511952,0.452850948500532,0.161702754282759,0.156137158935442,0.864788901931525,0.92602241284473,0.753367604966071,0.0654348647915037,0.213825804353538,0.920458108179706,0.873404673077005,0.882576961940146,0.934016032561836,0.924493705846569,0.92195519229476,0.953196378050017,0.942747003279429,0.929073632352529,0.963652029387635,0.950405503476143,0.958525234536947,0.95586774365632,0.937367227624712,0.903168060919075,0.943505824551665,0.9499268514503,0.947726895545169,0.973161575556875,0.968861009574845,0.955866614797903,1,0.966838071157193,0.976462852633522,0.943587569179196,0.916101577218502,0.915143950190176,0.949588839950197,0.941214576129222,0.946920186861179,0.952136295321501,0.948311249686526,0.954158210828082,0.966051842334844,0.955840413706941,0.968876244883669,0.502932758622796,0.320415436978386,0.277357599543928,0.424171449482503,0.153281665938394,0.0749303110419224,0.853763318094808,0.910675391651427,0.768704932155004,0.926033375408758,0.765673468190138,0.917449694005946
"G[Del(C):R8]G",0.266407142353365,0.124077069042094,0.216711011513184,0.263495537571465,0.160911651621207,0.651728023800886,0.239780488557611,0.0723362007040685,0.118735898958672,0.825671812300758,0.890757785945038,0.822064698597924,0.920617880211611,0.751789000936423,0.894622671457223,0.611159420854655,0.0803902071886242,0.49769905249341,0.819131772500073,0.88932554212007,0.70164330321879,0.0980941676417011,0.190134761132923,0.7707261409477,0.915299425735342,0.454253956651613,0.157019476856091,0.150133149118475,0.826843325135738,0.892691688166081,0.755736628337978,0.0670540589910696,0.211358485263531,0.911876814572025,0.880741799876218,0.881566056966502,0.895480461405301,0.899419840736068,0.894804048280518,0.914612808469932,0.921625545730556,0.895629879989565,0.929499982465404,0.947985219459843,0.945677509193052,0.952207525878578,0.938524091526768,0.904051455977877,0.928412527722344,0.943151457399758,0.932681165940143,0.94817683441413,0.957403999130436,0.941644976137723,0.966838071157193,1,0.966778005969417,0.924768655039776,0.915011869085273,0.908620299086508,0.901711014690842,0.906359006574676,0.911411175678982,0.900502908660668,0.922816711623266,0.929517850892286,0.925901408193411,0.940913049131489,0.93942896582071,0.488454770088523,0.314230947328449,0.267202341016454,0.411361570512377,0.153581774434911,0.0738256408468458,0.819740505485151,0.869398910954873,0.766823464504041,0.903765305664886,0.734668168253668,0.868495865971222
"G[Del(C):R8]T",0.268548805978061,0.124913967485267,0.219586298598195,0.264272549340263,0.166607519637738,0.648659355976453,0.236260975633109,0.0729044761212522,0.119310950903269,0.834378618757491,0.895087711407923,0.840912529763667,0.946689593215211,0.761074100095904,0.901623260634376,0.62707421036377,0.0771139423635982,0.499620515154542,0.832935309535021,0.893751803006805,0.701005387639099,0.0977102482572669,0.197951157414784,0.809589126970752,0.941685463651257,0.442961654704337,0.159609016034375,0.148837580336875,0.84301295157921,0.895107792735737,0.747519869822258,0.0665687134271899,0.210245941663312,0.891793484081835,0.860166000712414,0.870768476059862,0.905476599436059,0.900429868359509,0.899727293196923,0.916045436388617,0.916023302796496,0.900650210230336,0.921126157441107,0.925559625022929,0.936049261239956,0.937454101147022,0.918831258953089,0.90168792816276,0.954607735216715,0.953894213868944,0.950648989381945,0.968548330085097,0.966048807018613,0.963056991694402,0.976462852633522,0.966778005969417,1,0.907843335627908,0.895111776506419,0.893016833764231,0.913902920498881,0.91273370778038,0.920663034471386,0.909005534920691,0.920831557151972,0.935694068919497,0.923418384179674,0.931813787561627,0.939636305893073,0.491150726019975,0.320486616117534,0.270994350281116,0.412683391801785,0.156319912659268,0.0742602965607272,0.829330961278295,0.880131152985113,0.805208915590158,0.935165302842179,0.744661244805037,0.879770463864385
"T[Del(C):R(9,)]A",0.257859847577451,0.11607891519461,0.228273738935077,0.268003654788737,0.160813199792076,0.675235881580571,0.234742350336434,0.0624460569896627,0.118056205873004,0.788448004427955,0.850070359667246,0.730143631198431,0.818750701561266,0.727317690204048,0.85969797243699,0.572564030494462,0.0780946372587216,0.468979383274226,0.793301757738254,0.862991481839756,0.699749722372264,0.0867877533978187,0.160905858591145,0.608769186363456,0.830465348728277,0.452205646524269,0.165993781141469,0.150100004929581,0.799172922672929,0.8631260100055,0.740927146284044,0.0637141004484015,0.215171699829219,0.977502911384923,0.92441290522526,0.913644436230024,0.868297536348317,0.864671623911001,0.858921489870901,0.904940632733752,0.893236213952611,0.869148446675125,0.965770406728858,0.959855384954053,0.946091952003895,0.974558394418065,0.961023273304601,0.909937500122736,0.820749263260118,0.864603685536963,0.842031494798037,0.875257755728985,0.892432002015222,0.860314047037102,0.943587569179196,0.924768655039776,0.907843335627908,1,0.958188812695644,0.956878612833904,0.883580823819779,0.873493868044272,0.885344991781083,0.899936633168149,0.896931952883791,0.894233921923179,0.947043136462646,0.950014005181103,0.955081499286303,0.474859084926167,0.286824999147879,0.262078193408055,0.39706740753487,0.132066616106855,0.0685650764501959,0.790628548763582,0.843722681936749,0.614182845725469,0.796419031857998,0.699503354320951,0.846966576035339
"T[Del(C):R(9,)]G",0.257022858213741,0.112517262305649,0.221661157793901,0.260428629789892,0.152085179875975,0.665282091295403,0.231148119169642,0.0610358621200575,0.114209198743532,0.775512774536693,0.844710229021583,0.714169366486688,0.811759831104501,0.713890039670647,0.847419761833978,0.571304896059375,0.0784344666530477,0.453378381710214,0.776457029271003,0.852006626113583,0.692029974678709,0.0846502315046641,0.157898734236201,0.593506476972947,0.822282959242532,0.434621233701696,0.162308458956664,0.141907102367931,0.781567753224955,0.847877486036743,0.735594375088612,0.0613508762221046,0.20712969165284,0.944377776488237,0.922314580406861,0.904647890833908,0.860128991845122,0.862941068846409,0.855558696621583,0.892724312700131,0.885594798221045,0.868745605664402,0.939858650744072,0.942742340885818,0.935008459398959,0.941352317990862,0.943236897443407,0.899287023175349,0.812677287139195,0.864603940530184,0.837709025416949,0.862055921159067,0.880824728284239,0.861548899475731,0.916101577218502,0.915011869085273,0.895111776506419,0.958188812695644,1,0.940988442142905,0.862569632724889,0.863480555212306,0.874953857630886,0.878669089268408,0.887100529716255,0.889383988016981,0.924632525896646,0.934517866585038,0.932202153095312,0.467055421703961,0.277247417822201,0.256200404155599,0.386748131685395,0.128250174473514,0.0652798175733307,0.766521598613095,0.827257066474845,0.596763174537871,0.782758845871621,0.677971788224975,0.825228008084366
"T[Del(C):R(9,)]T",0.260694422947562,0.115693207964138,0.229675239770907,0.278637195855549,0.167015974076017,0.676044682353676,0.231081423188181,0.0597609425328966,0.114757343027782,0.786067875000575,0.844643741406023,0.72624016814274,0.810338891947753,0.713554415659467,0.845419883672426,0.571998732119834,0.0776093702234403,0.457780823130361,0.7790031953633,0.847085216371468,0.679044768314897,0.0848891573923048,0.158055608922746,0.611026855622508,0.812710867288114,0.440258401693431,0.16076071823257,0.144441453969149,0.783447668346872,0.84035312642689,0.732975039297288,0.0624914366615054,0.209842373739557,0.956073059214241,0.914430250507109,0.891708181859398,0.856786226253233,0.853179856034134,0.854013799116291,0.887389918186846,0.875860676926222,0.85710886924532,0.939686497632971,0.935911277716386,0.929822682167049,0.945943088812925,0.940550391606787,0.915140316054906,0.810434049729649,0.855006502162169,0.837523909053792,0.857315148309493,0.876112989409796,0.852254774959011,0.915143950190176,0.908620299086508,0.893016833764231,0.956878612833904,0.940988442142905,1,0.861820863542278,0.853808290480185,0.869318170464374,0.870998233847557,0.882910326845089,0.8842025397432,0.91677597358522,0.92287064082064,0.928277569114291,0.47295324924046,0.280817576873692,0.25476465137563,0.389533168600225,0.132527646990988,0.0643461727222971,0.783469137570584,0.8323076558708,0.613186852094885,0.782290167992682,0.686348120022736,0.823489584710382
"T[Del(C):R6]A",0.302768786837344,0.161252110833405,0.253010190192753,0.277520072863089,0.171730091347116,0.631429966269484,0.267326153206169,0.107312774325636,0.162395389201218,0.909618738107882,0.973735947993401,0.832504460889544,0.935978124984093,0.844002330839369,0.987143270592773,0.657064619720462,0.112737477359851,0.55014095576527,0.903300026684745,0.972807211957189,0.684637853795831,0.128150236318864,0.218525220295068,0.689511267471957,0.939017001162896,0.445709942393504,0.198540373338198,0.200604784001995,0.910995625490422,0.976234750360745,0.737554043805448,0.0987339236962016,0.23508796544963,0.860648876259919,0.819402067475754,0.82705795826338,0.985937137444693,0.971198492126175,0.975775528736207,0.984415843174278,0.97066289902473,0.97577908090018,0.950462038744203,0.911682513262659,0.94738557086313,0.869436754131091,0.859335720679756,0.810114605650337,0.924130030716101,0.941908329245922,0.948043635272098,0.959593949730632,0.953423285060049,0.942486644018344,0.949588839950197,0.901711014690842,0.913902920498881,0.883580823819779,0.862569632724889,0.861820863542278,1,0.986170058003864,0.988848393946657,0.990313181104382,0.979651126249288,0.979314955085704,0.969412021481459,0.935604278364658,0.964398712419884,0.547595888865212,0.346090508034655,0.31490533763727,0.466574332901096,0.191801481781547,0.118534068838765,0.895976093051778,0.973884272036175,0.703869949381258,0.911730875075198,0.821703302769653,0.981594033684176
"T[Del(C):R6]G",0.285935045676128,0.142424381138141,0.235424352940632,0.262916798643324,0.154701812574342,0.619121093914453,0.249951470744755,0.0893041456020351,0.14057105823866,0.905020554739608,0.980596793122549,0.830780016814567,0.940473615939244,0.834699628753354,0.988471986151323,0.650472364521914,0.096038427561477,0.538672383997457,0.900229657235144,0.977049257409709,0.674625757555017,0.112387835086987,0.205787635279884,0.696774889903893,0.946414337962917,0.431117528168433,0.184348012143501,0.185564806614638,0.908208813597213,0.979718643519332,0.72976228348098,0.0810974711312282,0.220305505217356,0.85405778419327,0.822280005811485,0.825443585336996,0.987127532271629,0.98195908141929,0.983248114474603,0.984110034589707,0.980102792150402,0.977921193437907,0.944277391913376,0.913911330180435,0.945496215406723,0.862949660305674,0.854772231203178,0.805481581205419,0.925305233822432,0.95563092158027,0.954261299677091,0.962755284488236,0.964978985134431,0.950450221384393,0.941214576129222,0.906359006574676,0.91273370778038,0.873493868044272,0.863480555212306,0.853808290480185,0.986170058003864,1,0.986930470810938,0.982488838654222,0.98399987133354,0.980106516879308,0.96282909967788,0.939121260300957,0.959180510696047,0.533113122026167,0.328506091831524,0.295033997976232,0.450813691063234,0.175322595400804,0.0984074446740895,0.886888949814616,0.968694266166012,0.705226183024706,0.909656974908404,0.805285682802897,0.971034237167296
"T[Del(C):R6]T",0.30654790794881,0.160970184865662,0.255184089659374,0.280044432877832,0.171857961780603,0.641239627422236,0.268929790011129,0.106118180283276,0.161327010489908,0.910411045371749,0.981996754591679,0.834359023890036,0.937943551914744,0.843034084494732,0.988088082283159,0.665074186259552,0.114154480551691,0.551164975391887,0.909362773692595,0.972837974818032,0.692141589511377,0.129323554472199,0.220518850072918,0.695092548857558,0.939502206884763,0.4482582184495,0.203111346234304,0.200827254964249,0.904051799414848,0.973041948329517,0.747942405258091,0.0977228807997927,0.235417706978997,0.867586292394076,0.840675683091412,0.844247734982418,0.989815007144877,0.980318025383069,0.987487215976104,0.984950983065775,0.978263881264776,0.984010318483777,0.949380989792889,0.92300586565058,0.95698062582214,0.876095551350154,0.867321302611168,0.816878432642213,0.923857697061799,0.952697950947234,0.956035832120884,0.960407774692601,0.964204945180528,0.954905940715726,0.946920186861179,0.911411175678982,0.920663034471386,0.885344991781083,0.874953857630886,0.869318170464374,0.988848393946657,0.986930470810938,1,0.982767423213603,0.982303685057656,0.986914444105907,0.964426085923515,0.937827864736844,0.968438325280996,0.549722582019828,0.344945847252628,0.313521784004515,0.463612025526303,0.190926854708811,0.116861090613973,0.895045653011979,0.972492848442508,0.707172155428764,0.90731057751158,0.81115946254872,0.971803045325144
"T[Del(C):R7]A",0.268826626761693,0.12498512983998,0.22170080427712,0.254689434805342,0.146737268355236,0.620381193028999,0.233884365596043,0.0701254518859577,0.127780279070936,0.890726129393591,0.9703532290671,0.804281589224532,0.915134542254992,0.819099230025583,0.978487187027962,0.626608371000815,0.0803847034286742,0.517323342975043,0.891398242717146,0.97063081327712,0.668602586068653,0.0930608003295996,0.179569718671462,0.662395887626565,0.925262620754179,0.421835490703327,0.170174333673685,0.168800982479327,0.895001797077603,0.971514855830885,0.716377295159415,0.0646191437098815,0.206463278765276,0.87701041459361,0.829004136628744,0.839216645225439,0.983336779762312,0.970106115636409,0.972714716460878,0.991170265665523,0.975964964351518,0.979288796606693,0.966395549502518,0.923261296530543,0.95347330831379,0.880423497206264,0.870683821350154,0.823092067561023,0.901321599772321,0.928611696735909,0.931420341427032,0.95430121015712,0.949240479191145,0.933897273649079,0.952136295321501,0.900502908660668,0.909005534920691,0.899936633168149,0.878669089268408,0.870998233847557,0.990313181104382,0.982488838654222,0.982767423213603,1,0.979534673805925,0.978240613649508,0.983650729496577,0.948058450058048,0.971371465998951,0.515990704220086,0.308087753382826,0.279882791941231,0.433148930907586,0.153111421929791,0.0819497123482373,0.880548573200333,0.964705081909933,0.671726596320355,0.886908175402373,0.791807285061093,0.97013281795218
"T[Del(C):R7]G",0.270394535315996,0.124826704495666,0.219095834321106,0.255616945978379,0.146040881328266,0.626231191048119,0.234908740798723,0.069580728699624,0.122510394480374,0.886615444074884,0.973263568587714,0.806686082556367,0.923571885746107,0.813295830600836,0.977970963999846,0.636099598503927,0.0799124709262434,0.520335877476088,0.894404572246367,0.968506049600471,0.678397466892382,0.0929350482114114,0.181980316112702,0.672612333479226,0.930497119730533,0.426428658036585,0.168220322443928,0.16677881968788,0.886522773390878,0.969025063129671,0.732587708331884,0.0634255932102877,0.204304772914944,0.882332842266575,0.856108663147773,0.858980215439343,0.98435990102615,0.982507858117406,0.978189783853458,0.986150440438066,0.989354090303053,0.977735396105858,0.959246000138419,0.937576552561939,0.965627477545384,0.88401134154304,0.884124404099552,0.835880253219384,0.912527834663188,0.953076451474943,0.942239150689132,0.956560380582878,0.967590195750861,0.945973531322482,0.948311249686526,0.922816711623266,0.920831557151972,0.896931952883791,0.887100529716255,0.882910326845089,0.979651126249288,0.98399987133354,0.982303685057656,0.979534673805925,1,0.985196014695398,0.969691064032783,0.95286357280852,0.970939263873425,0.515026385191327,0.30516486795626,0.274853511861514,0.429087055105952,0.153303455329292,0.0783958855676956,0.872074201960524,0.956728998963966,0.678246378471023,0.888674202925733,0.777465401386843,0.953762136341403
"T[Del(C):R7]T",0.277825995543792,0.127805521670787,0.222313350757303,0.263050154141766,0.15348852766936,0.628950236578948,0.236095416781202,0.0718825621316469,0.126687058190609,0.891303977462611,0.973785021902415,0.818155296690361,0.936210980476679,0.815050188007975,0.977086404386067,0.648018364303169,0.0809177005238085,0.519393920865752,0.893942153176355,0.964928007507874,0.677931897996007,0.0928283451364226,0.187487605857942,0.695659073464529,0.937883185568219,0.423605707512618,0.170710627830609,0.165634443891007,0.885958962384452,0.963400327207684,0.73464403490937,0.0635306697679982,0.205634710534863,0.881687013761656,0.858313564327377,0.863567184383359,0.982719546085731,0.979212723460407,0.98258606790411,0.98327839079803,0.981457085894261,0.982219327048489,0.95446171488722,0.930304307346988,0.96606899424778,0.890524482071974,0.883996667987593,0.848685723031579,0.928085763059942,0.96299765069519,0.95908573914407,0.966648674440704,0.972475919816285,0.961766717737254,0.954158210828082,0.929517850892286,0.935694068919497,0.894233921923179,0.889383988016981,0.8842025397432,0.979314955085704,0.980106516879308,0.986914444105907,0.978240613649508,0.985196014695398,1,0.966033419001612,0.946868890809364,0.973105189955536,0.517700690924324,0.31164196314516,0.277832365469336,0.42970071902927,0.155656093967626,0.0808828350680754,0.874523282258114,0.955081901362463,0.700451338114332,0.90380060754868,0.78314998605716,0.95232498261553
"T[Del(C):R8]A",0.266350095526237,0.119773486111337,0.225607105457817,0.261651793363954,0.150649325045701,0.651289020362845,0.233211300452051,0.0637876707377025,0.122863386137339,0.873040586470466,0.948198710149453,0.78793162969428,0.895903330027967,0.796399572728549,0.953681526212862,0.613880641501298,0.0767084640660139,0.505111250850931,0.873056293347436,0.954960966662177,0.687220829819818,0.088107742508047,0.16988986306476,0.647995450524509,0.911023601656463,0.437754775734332,0.16766903967667,0.162690944592261,0.879898420892151,0.955127925352961,0.733783938165113,0.0604698125617162,0.210102303009859,0.927870083751287,0.871025287985381,0.87732071788701,0.961479412249795,0.950515831892396,0.951035466533822,0.983480642307913,0.965828912356408,0.960481467028185,0.987286846446715,0.953037484061453,0.967346487142473,0.926910603763655,0.914414489061,0.868591372649264,0.887015074270481,0.919413137940949,0.914260002743646,0.944067573675783,0.945196136381635,0.92449486539773,0.966051842334844,0.925901408193411,0.923418384179674,0.947043136462646,0.924632525896646,0.91677597358522,0.969412021481459,0.96282909967788,0.964426085923515,0.983650729496577,0.969691064032783,0.966033419001612,1,0.970162195718615,0.984008460099911,0.505549526073499,0.298746554831898,0.274229712187831,0.423623124511649,0.143032150941333,0.0738293015229691,0.862274230990948,0.940743551621735,0.65613879256406,0.867422097700098,0.77041520207838,0.943630647256435
"T[Del(C):R8]G",0.266290239007811,0.119786132666303,0.225498657432765,0.263489534691758,0.156016198141314,0.659964883999322,0.238463357271915,0.0651982115047506,0.121436630405556,0.846505481879413,0.921178097256447,0.77735695433214,0.883426739143024,0.779526723863464,0.925600518158221,0.612720711329885,0.0783690722732853,0.507618808742589,0.857219578125273,0.933527936073389,0.698981857512962,0.0917798908547396,0.174617161908768,0.662056164064699,0.897760272270812,0.453070607023139,0.172528734808727,0.160789174760588,0.856873224473942,0.929899067361331,0.746931346122443,0.0646668774266952,0.214765580148707,0.935831687715828,0.890396646415609,0.895051129649463,0.935160340578033,0.933136886522719,0.925248375726764,0.954924149502976,0.953597402202953,0.933844891228708,0.974666749014878,0.965790019944778,0.967360238082673,0.940764658130049,0.933830230833308,0.885619764341104,0.876083332891825,0.916650096211153,0.898901324316352,0.929032751603393,0.945246601983688,0.919098913193576,0.955840413706941,0.940913049131489,0.931813787561627,0.950014005181103,0.934517866585038,0.92287064082064,0.935604278364658,0.939121260300957,0.937827864736844,0.948058450058048,0.95286357280852,0.946868890809364,0.970162195718615,1,0.96984412884512,0.500090087796151,0.298454495786614,0.270769554256824,0.416241646471889,0.143709398591974,0.0736826307936424,0.847051560805251,0.911202227114788,0.661772924223978,0.85562758496841,0.744275073852645,0.905515409037108
"T[Del(C):R8]T",0.26933198921678,0.120982201220475,0.227892359115384,0.267008364418777,0.155793451989043,0.664849260716718,0.235899708652574,0.0641196271932081,0.122359469300296,0.869512395223707,0.9430033205079,0.793504241465168,0.90212656309934,0.795626058672075,0.950001833138809,0.627224424497574,0.0776931442298402,0.507306923346294,0.875245628178581,0.945873146122748,0.698938294276746,0.0885654697691286,0.174448920149474,0.664766889494275,0.911392167301294,0.440680539784019,0.168453451545664,0.159783354546701,0.871253543176526,0.944972366222161,0.746923858012953,0.0613059337847308,0.211318775217043,0.941319198668369,0.895940892110026,0.89853841212959,0.957888288472294,0.948900563983923,0.950893932731896,0.974813456845432,0.965121579531547,0.957297358285477,0.983331695516479,0.964349351025306,0.977873270225172,0.941460991182165,0.929977286061431,0.878793099453434,0.898427378253703,0.936865995659791,0.925304724279921,0.946118463903466,0.958208950113238,0.935639581898063,0.968876244883669,0.93942896582071,0.939636305893073,0.955081499286303,0.932202153095312,0.928277569114291,0.964398712419884,0.959180510696047,0.968438325280996,0.971371465998951,0.970939263873425,0.973105189955536,0.984008460099911,0.96984412884512,1,0.50862703194712,0.302707406528804,0.273814825458998,0.422591832843504,0.144167060773974,0.0731154269318856,0.859622795582823,0.932591474736393,0.669743508475127,0.873893836919008,0.765899406360703,0.931631804223284
"A[Del(C):R3]T",0.857576384426882,0.806712364228646,0.826282892015493,0.662740108608902,0.639541886599511,0.725710536193579,0.855665787884366,0.781273163804678,0.803389241185867,0.730626789758957,0.568456661526797,0.729099019734352,0.557821308086864,0.842687305387999,0.582987258183006,0.778627738457836,0.750225785112627,0.838074918569603,0.712359574018649,0.572938481183156,0.814986073740894,0.772711494111845,0.803173984858091,0.490226438556574,0.553287952527629,0.750356488409398,0.771678315675072,0.803563137003039,0.690728437475113,0.572540558027899,0.839314827459039,0.751951130666366,0.759025932911429,0.47031066785236,0.446697077168712,0.452463834603974,0.536697629122415,0.520280542142695,0.534088538030689,0.513977254495203,0.50546103792033,0.517873916476891,0.500697574908755,0.489470479406291,0.50146515518565,0.475920307423992,0.463254742130646,0.443160460228264,0.517048644809931,0.51650849564847,0.530018023670606,0.512696909214208,0.507733243398917,0.509472236832001,0.502932758622796,0.488454770088523,0.491150726019975,0.474859084926167,0.467055421703961,0.47295324924046,0.547595888865212,0.533113122026167,0.549722582019828,0.515990704220086,0.515026385191327,0.517700690924324,0.505549526073499,0.500090087796151,0.50862703194712,1,0.869219812238665,0.873697585235356,0.906640717514852,0.828823339746498,0.78457420113756,0.769050319723451,0.640657845442492,0.604872297677132,0.595933979902718,0.844986763450302,0.638274834339001
"G[Del(C):R3]T",0.892246540709247,0.895510970231079,0.87523483321188,0.627047543537729,0.686601031817348,0.630584491795182,0.902421949928817,0.883512746204114,0.877695649147805,0.574680992672607,0.370189532837002,0.639017110105595,0.399816313599712,0.727405257186862,0.386906643765049,0.710483576830419,0.845413387869013,0.816118596117048,0.560559981924186,0.375619314131975,0.742858461559359,0.870663426425855,0.897805982318344,0.432572249940357,0.394224619499405,0.727283455406733,0.833627597870136,0.88569469187609,0.554907840720176,0.383065638284164,0.745364591052082,0.84560388204798,0.793157359719412,0.2833515217842,0.26537541148623,0.26910164722347,0.326248850298854,0.310976571783468,0.32615168047557,0.303450807004329,0.296871206924295,0.303920148703758,0.29540845065655,0.288421755501652,0.295233298271351,0.300069739216554,0.28701097562575,0.277017618143368,0.361023514364478,0.336861062374029,0.354566551974214,0.332640787682719,0.320587237509604,0.3284095083191,0.320415436978386,0.314230947328449,0.320486616117534,0.286824999147879,0.277247417822201,0.280817576873692,0.346090508034655,0.328506091831524,0.344945847252628,0.308087753382826,0.30516486795626,0.31164196314516,0.298746554831898,0.298454495786614,0.302707406528804,0.869219812238665,1,0.92332322303886,0.906722228817303,0.916739007058568,0.880406482737931,0.626515504333454,0.454033898804296,0.555935984304191,0.463443960685102,0.75045682490613,0.459154916351561
"T[Del(C):R3]T",0.924626692414793,0.941493695276486,0.92466532040658,0.659851258635555,0.694660879606647,0.648317121420723,0.962932562593072,0.940991900311849,0.944108485865096,0.544579155515972,0.334724259501527,0.568385087346013,0.337241940707976,0.716499022570214,0.352658018473736,0.724725539085061,0.894741758696954,0.824153369402278,0.535798001807855,0.350859279715407,0.751916029078151,0.919334962287607,0.918061833343567,0.335136547568855,0.331608485441098,0.758253427696163,0.898823302204528,0.933373180811183,0.513803595583134,0.348443099250212,0.764283747774985,0.903807782969015,0.848640734770748,0.260489592767302,0.243856544259058,0.246492768156723,0.298526289788554,0.282718918918653,0.294504144635406,0.276636002007432,0.26628030118426,0.278779557881473,0.273854510660892,0.263653881308527,0.267728476236866,0.265194664738373,0.255270698338771,0.243400082757046,0.295942242315084,0.286624010441068,0.297003150498152,0.279836329834263,0.274460249087919,0.277623461958634,0.277357599543928,0.267202341016454,0.270994350281116,0.262078193408055,0.256200404155599,0.25476465137563,0.31490533763727,0.295033997976232,0.313521784004515,0.279882791941231,0.274853511861514,0.277832365469336,0.274229712187831,0.270769554256824,0.273814825458998,0.873697585235356,0.92332322303886,1,0.938022450465861,0.953604291610989,0.953425733133469,0.598024861085967,0.431310549483395,0.471823999884285,0.397292853174224,0.74073281178976,0.429201741154554
"A[Del(C):R3]A",0.901924697837236,0.883619520258961,0.885257590792732,0.669003598852631,0.666432677646384,0.701561390891755,0.933240519191807,0.879372971467628,0.897347564400899,0.676302512092348,0.485038299250517,0.682013992018441,0.484226211660494,0.812142998510012,0.502349596025761,0.770518408190521,0.837019315971345,0.859687226259521,0.658712928585705,0.497199971916084,0.80809402428077,0.856252567635329,0.880580217833267,0.443335289046221,0.477360187028259,0.789151809676748,0.849495473853608,0.879259939213421,0.639302294485452,0.49905904489347,0.830116523769712,0.841628050519405,0.818530966470862,0.394893140489642,0.37173007659582,0.372158399099279,0.451390075906892,0.434919460521505,0.445767591404182,0.430340799042057,0.419474403314376,0.430677345636776,0.420074604066294,0.405226937228431,0.413726037347052,0.399404180410765,0.387447849676304,0.374993838102563,0.442726299567336,0.43355435122188,0.445462845924192,0.432243489362271,0.425704768701715,0.425932272271106,0.424171449482503,0.411361570512377,0.412683391801785,0.39706740753487,0.386748131685395,0.389533168600225,0.466574332901096,0.450813691063234,0.463612025526303,0.433148930907586,0.429087055105952,0.42970071902927,0.423623124511649,0.416241646471889,0.422591832843504,0.906640717514852,0.906722228817303,0.938022450465861,1,0.908539621298399,0.88661914034389,0.726952644740754,0.574561150824123,0.57116194937413,0.536245512274982,0.835284648938329,0.572517895724374
"G[Del(C):R3]A",0.906593722384231,0.948206700547055,0.904014448140141,0.611608988195178,0.690943179372221,0.556543735204681,0.950930725579111,0.964030714491307,0.946333331080865,0.443861304282445,0.221673738783167,0.502514776928724,0.240353627021046,0.627112133152768,0.237353232140819,0.65971331252205,0.908452428784719,0.780400213507686,0.436585098570961,0.23100689862023,0.680591808662349,0.937322010915838,0.932551614741767,0.285490941243125,0.230860183971569,0.7135991709731,0.891933331938693,0.938145256126887,0.418091878212892,0.232454658615133,0.678890088838971,0.920410672398621,0.833898712289182,0.136260696335433,0.126056573818176,0.126522555801535,0.17815746488131,0.163650498863554,0.177611123725063,0.150089718092853,0.145410111249248,0.155727473036945,0.141742578576328,0.136863177444838,0.141228709605868,0.14281013370309,0.132140056025875,0.132230087613169,0.197692849183908,0.176590679632996,0.192988524528573,0.167895890806512,0.159767144339693,0.168900045700529,0.153281665938394,0.153581774434911,0.156319912659268,0.132066616106855,0.128250174473514,0.132527646990988,0.191801481781547,0.175322595400804,0.190926854708811,0.153111421929791,0.153303455329292,0.155656093967626,0.143032150941333,0.143709398591974,0.144167060773974,0.828823339746498,0.916739007058568,0.953604291610989,0.908539621298399,1,0.965217319237228,0.505496498591433,0.317436893185977,0.42539132945719,0.308245338847498,0.663426436580184,0.317125401295386
"T[Del(C):R3]A",0.894043819379503,0.957549474973478,0.904168462850158,0.600190617546468,0.671120581766299,0.518091447979335,0.956646249892957,0.975367011225058,0.963449218809685,0.365967886663236,0.141871443758021,0.402799707681247,0.14722368254594,0.565135536534969,0.160161499863076,0.617439953872433,0.918182336530684,0.739251912393854,0.365903728083996,0.157648717495467,0.63636306063411,0.943129663100236,0.918196054490864,0.186363156634298,0.139222639926561,0.692235184015262,0.901869405689067,0.941421814044817,0.338488064961267,0.1541618068096,0.633763167966691,0.934519765763725,0.833545697009501,0.0712436980596498,0.0607309538908885,0.0655085066590416,0.103567914661886,0.0888210703751224,0.10109577076266,0.0775427640327336,0.0707189451419578,0.0843850848720419,0.0735070891585709,0.068461030533449,0.0704719710423417,0.0709930063998297,0.062975380471887,0.0612001273875579,0.107900203420336,0.09164321882966,0.10392231335416,0.0827273077402563,0.0768400741863434,0.0829527754056928,0.0749303110419224,0.0738256408468458,0.0742602965607272,0.0685650764501959,0.0652798175733307,0.0643461727222971,0.118534068838765,0.0984074446740895,0.116861090613973,0.0819497123482373,0.0783958855676956,0.0808828350680754,0.0738293015229691,0.0736826307936424,0.0731154269318856,0.78457420113756,0.880406482737931,0.953425733133469,0.88661914034389,0.965217319237228,1,0.42802099831569,0.242855969861256,0.328740361850522,0.21464084343433,0.603102570371793,0.242838083717306
"A[Del(C):R4]A",0.581619043573038,0.461694249848986,0.53526290463289,0.483368049267721,0.394548325620895,0.73831741186115,0.562919404377885,0.422147568826563,0.470472019060852,0.954585218251141,0.907836437548211,0.898359393928672,0.87686816500465,0.945156303231793,0.914100963147327,0.780562422076629,0.41085844278439,0.757737238890649,0.934102152170565,0.910684170323521,0.813565757508123,0.433810156842953,0.516128153056865,0.700876653623187,0.877325678711073,0.644255901320935,0.482645552065323,0.494938032206846,0.924063645148917,0.907931653522346,0.860048647368525,0.396414462411967,0.497196163369734,0.784681275532026,0.743321205508223,0.737087080391728,0.894529313026817,0.878188076595303,0.889027996027814,0.879442219697169,0.866976439871783,0.880267629869965,0.854482570189853,0.824795775602392,0.84794403722383,0.792727113217805,0.778984290604666,0.748872708657389,0.842354650467214,0.849075126845896,0.863439326223833,0.865907708573739,0.861404716696891,0.852224059486835,0.853763318094808,0.819740505485151,0.829330961278295,0.790628548763582,0.766521598613095,0.783469137570584,0.895976093051778,0.886888949814616,0.895045653011979,0.880548573200333,0.872074201960524,0.874523282258114,0.862274230990948,0.847051560805251,0.859622795582823,0.769050319723451,0.626515504333454,0.598024861085967,0.726952644740754,0.505496498591433,0.42802099831569,1,0.945103852058578,0.759687982667607,0.880479161991975,0.933167025551084,0.935526092452848
"A[Del(C):R5]A",0.415309251548557,0.280803739794464,0.3648981182281,0.354909951519384,0.254928073807032,0.672419998352815,0.385995148114763,0.231806909728559,0.284717230289524,0.950478417065538,0.977688995533579,0.861153208494291,0.921575343478696,0.900216085995708,0.981550889247013,0.711633998032631,0.23322743496986,0.636046555679135,0.941369950568712,0.978606634717779,0.735411250135116,0.24991047099676,0.334346729026857,0.678708269586353,0.922940554027522,0.520366249002295,0.314402249858808,0.324099566540038,0.932708820461011,0.973116260705866,0.789854070185814,0.216611839283809,0.336838694880133,0.829641270384445,0.790419161400023,0.797147821655982,0.978416836493955,0.964717390427805,0.970780373528559,0.965814564678631,0.953002049767279,0.964019014144693,0.92316137698146,0.888152205109919,0.921210242614989,0.831144123510797,0.824245149302887,0.780986736535032,0.891164166466141,0.914300217688434,0.923190859227989,0.929259249047595,0.927780487475853,0.917066818639968,0.910675391651427,0.869398910954873,0.880131152985113,0.843722681936749,0.827257066474845,0.8323076558708,0.973884272036175,0.968694266166012,0.972492848442508,0.964705081909933,0.956728998963966,0.955081901362463,0.940743551621735,0.911202227114788,0.932591474736393,0.640657845442492,0.454033898804296,0.431310549483395,0.574561150824123,0.317436893185977,0.242855969861256,0.945103852058578,1,0.711636482234966,0.89967270082047,0.875510292383617,0.982575818410859
"G[Del(C):R4]A",0.453662571680416,0.369058484665521,0.409466076649394,0.355275637768699,0.32334901032398,0.593891745557358,0.43978175839904,0.342191234060455,0.352816572411423,0.746906457927523,0.709628115390746,0.916332331859208,0.873563865938676,0.744799652510349,0.720924490168638,0.659579836423444,0.316086507659262,0.609273327759505,0.718521344762776,0.691040296864675,0.698440693679722,0.353577880021171,0.462417741985082,0.971759707299019,0.848471368251169,0.519203106128112,0.362749544644664,0.375530970854336,0.764293753757955,0.706155728521554,0.711514103257131,0.309425134419244,0.385674877061133,0.597987905849043,0.571683811300995,0.596041342982767,0.68326498391841,0.669135813667991,0.682665778588139,0.668846773799035,0.678589214856481,0.662124379113616,0.639473246821427,0.647246884938647,0.651747159826095,0.691542219083695,0.647631067022737,0.674827234407498,0.871456398167923,0.788310539667904,0.829569634867112,0.822026869973414,0.781208536853867,0.817375517627346,0.768704932155004,0.766823464504041,0.805208915590158,0.614182845725469,0.596763174537871,0.613186852094885,0.703869949381258,0.705226183024706,0.707172155428764,0.671726596320355,0.678246378471023,0.700451338114332,0.65613879256406,0.661772924223978,0.669743508475127,0.604872297677132,0.555935984304191,0.471823999884285,0.57116194937413,0.42539132945719,0.328740361850522,0.759687982667607,0.711636482234966,1,0.912757977170479,0.775508256059266,0.735078071922787
"G[Del(C):R5]A",0.382751236732652,0.260341024027643,0.330967744575313,0.322306094383901,0.247194169018419,0.641923467303346,0.354278486645452,0.216972806450221,0.25027324315222,0.882894122653622,0.903334916976728,0.935614849567886,0.986894130410191,0.837024391548913,0.915861414188625,0.702402259488111,0.204790860591387,0.603050373331323,0.862081192378465,0.891422567916393,0.732009290119916,0.234041719161461,0.345364059150843,0.89745284406044,0.974290066419957,0.498887703880808,0.275854878362238,0.283180781773913,0.891351807200038,0.899021362927195,0.768741142845763,0.195365202598841,0.310211069631673,0.770128693045541,0.74432423139497,0.754148027539675,0.893867576912402,0.881257520995857,0.888644822514319,0.881334842552302,0.882551627496453,0.877513321138839,0.843161338993397,0.83319348118078,0.856248220901378,0.834933380093697,0.803487348724207,0.792733508858744,0.98409169448415,0.94172371210406,0.96685066138236,0.965418162661756,0.937689048878203,0.954670726975629,0.926033375408758,0.903765305664886,0.935165302842179,0.796419031857998,0.782758845871621,0.782290167992682,0.911730875075198,0.909656974908404,0.90731057751158,0.886908175402373,0.888674202925733,0.90380060754868,0.867422097700098,0.85562758496841,0.873893836919008,0.595933979902718,0.463443960685102,0.397292853174224,0.536245512274982,0.308245338847498,0.21464084343433,0.880479161991975,0.89967270082047,0.912757977170479,1,0.842328386612632,0.917024724311071
"T[Del(C):R4]A",0.705999007956291,0.620646549317611,0.669976181963609,0.539846025292366,0.484812629401531,0.750030402073483,0.705789677533698,0.592163759947512,0.631321639556066,0.914042581072112,0.823109887145173,0.900119841440984,0.817376265580883,0.958381023948521,0.840777714727493,0.832310677105412,0.563269399005674,0.829791649570321,0.888035629437205,0.825799439805237,0.847321305346295,0.595386213148825,0.664311613593858,0.691047465743132,0.809936598293626,0.710629105967564,0.622298339744304,0.647201271578404,0.908808064562884,0.833901347551389,0.88315293217712,0.557648669107037,0.621994401871632,0.687504207575807,0.644511580734548,0.646115598377926,0.799397694102331,0.781003666969733,0.794150475759457,0.784025730141689,0.769831987676518,0.781049524382834,0.75363793367872,0.717825547207666,0.741880397593353,0.700845378509025,0.685291227904628,0.654411510914139,0.783741697532728,0.775314605980158,0.797141087356697,0.787866575325369,0.77155276915929,0.772709284986308,0.765673468190138,0.734668168253668,0.744661244805037,0.699503354320951,0.677971788224975,0.686348120022736,0.821703302769653,0.805285682802897,0.81115946254872,0.791807285061093,0.777465401386843,0.78314998605716,0.77041520207838,0.744275073852645,0.765899406360703,0.844986763450302,0.75045682490613,0.74073281178976,0.835284648938329,0.663426436580184,0.603102570371793,0.933167025551084,0.875510292383617,0.775508256059266,0.842328386612632,1,0.888677204816442
"T[Del(C):R5]A",0.408586944021073,0.278753719522079,0.360291694254485,0.342357579932318,0.247647769336965,0.659881392953027,0.379682165914008,0.23131632556518,0.282536010161829,0.942711377281577,0.971276878476371,0.875533052894557,0.928503629441626,0.898950129793533,0.984080169026185,0.717405262681226,0.228818654787418,0.639101397603352,0.927977173520159,0.968458887710834,0.732686164301035,0.249534665479268,0.336304336387128,0.701597579782481,0.931950503350221,0.514166703275042,0.308533088295408,0.31942897517271,0.938749291817022,0.971455427609382,0.779709764272651,0.214472672987949,0.33403607607885,0.824703234599779,0.783088257856009,0.786711743748872,0.970454934994549,0.953926447300524,0.961917962858217,0.961265136663105,0.946145965306819,0.955785781638013,0.919151879108276,0.876264284748602,0.911804508936273,0.834119626355687,0.823828572457562,0.772810891976171,0.905936019895794,0.918357333207473,0.93151318401759,0.937431584388995,0.928259898634903,0.918592363663335,0.917449694005946,0.868495865971222,0.879770463864385,0.846966576035339,0.825228008084366,0.823489584710382,0.981594033684176,0.971034237167296,0.971803045325144,0.97013281795218,0.953762136341403,0.95232498261553,0.943630647256435,0.905515409037108,0.931631804223284,0.638274834339001,0.459154916351561,0.429201741154554,0.572517895724374,0.317125401295386,0.242838083717306,0.935526092452848,0.982575818410859,0.735078071922787,0.917024724311071,0.888677204816442,1
