"","A[Ins(C):R0]A","A[Ins(C):R(9,)]A","A[Ins(C):R(9,)]G","A[Ins(C):R(9,)]T","A[Ins(C):R7]A","A[Ins(C):R7]G","A[Ins(C):R7]T","A[Ins(C):R8]A","A[Ins(C):R8]G","A[Ins(C):R8]T","G[Ins(C):R(9,)]A","G[Ins(C):R(9,)]G","G[Ins(C):R(9,)]T","G[Ins(C):R7]A","G[Ins(C):R7]G","G[Ins(C):R7]T","G[Ins(C):R8]A","G[Ins(C):R8]G","G[Ins(C):R8]T","T[Ins(C):R(9,)]A","T[Ins(C):R(9,)]G","T[Ins(C):R(9,)]T","T[Ins(C):R7]A","T[Ins(C):R7]G","T[Ins(C):R7]T","T[Ins(C):R8]A","T[Ins(C):R8]G","T[Ins(C):R8]T","A[Ins(C):R0]G","A[Ins(C):R1]A","A[Ins(C):R1]G","A[Ins(C):R1]T","A[Ins(C):R2]A","A[Ins(C):R2]G","A[Ins(C):R2]T","A[Ins(C):R3]A","A[Ins(C):R3]G","A[Ins(C):R3]T","G[Ins(C):R0]A","G[Ins(C):R0]G","G[Ins(C):R0]T","G[Ins(C):R1]A","G[Ins(C):R1]G","G[Ins(C):R1]T","G[Ins(C):R2]A","G[Ins(C):R2]G","G[Ins(C):R2]T","G[Ins(C):R3]A","G[Ins(C):R3]G","G[Ins(C):R3]T","T[Ins(C):R0]A","T[Ins(C):R0]G","T[Ins(C):R0]T","T[Ins(C):R1]A","T[Ins(C):R1]G","T[Ins(C):R1]T","T[Ins(C):R2]A","T[Ins(C):R2]G","T[Ins(C):R2]T","T[Ins(C):R3]A","T[Ins(C):R3]G","T[Ins(C):R3]T","A[Ins(C):R4]A","A[Ins(C):R4]G","A[Ins(C):R4]T","A[Ins(C):R5]A","A[Ins(C):R5]G","A[Ins(C):R5]T","A[Ins(C):R6]A","A[Ins(C):R6]G","A[Ins(C):R6]T","G[Ins(C):R4]A","G[Ins(C):R4]G","G[Ins(C):R4]T","G[Ins(C):R5]A","G[Ins(C):R5]G","G[Ins(C):R5]T","G[Ins(C):R6]A","G[Ins(C):R6]G","G[Ins(C):R6]T","T[Ins(C):R4]A","T[Ins(C):R4]G","T[Ins(C):R4]T","T[Ins(C):R5]A","T[Ins(C):R5]G","T[Ins(C):R5]T","T[Ins(C):R6]A","T[Ins(C):R6]G","T[Ins(C):R6]T","A[Ins(C):R0]T"
"A[Ins(C):R0]A",1,0.175090383818338,0.100246218787812,0.153450208402436,0.141149322248713,0.16800477762534,0.110383546575255,0.191517953862282,0.170943471023147,0.184841759126224,0.154001925361086,0.125238872464374,0.167883962712043,0.149543865297772,0.167531155506033,0.121473740937528,0.182081667398454,0.175048018051987,0.170251552639321,0.179367566457656,0.130683003439033,0.137914934923577,0.140398837409488,0.17305821671701,0.110014101146196,0.182293564008576,0.17623596023662,0.169920246542907,0.684694395763844,0.352101105320683,0.16730362106563,0.291442395824149,0.169607239466108,0.0809336981188557,0.139719888629038,0.165714423952655,0.109687272711786,0.161720380606635,0.0591794039380677,0.116470852884763,0.309586233492299,0.0668266381832625,0.0231568016852539,0.0508701681481841,0.0396675555581704,0.0657624255729685,0.0459748282114505,0.12054548689017,0.121671206281169,0.11333814981645,0.301657815824736,0.110305856135717,0.564070662226693,0.0948988851276772,0.0388212410219426,0.175168887766668,0.089228329899115,0.0728641051412174,0.13580456094345,0.117879010837117,0.116556201273178,0.163489898066231,0.0577881199968393,0.161458994421628,0.035951598924055,0.0487859471980895,0.0875364557288834,0.0647824974074631,0.107969107388011,0.0908665269364843,0.0809129238174862,0.0516691340030787,0.103323197756751,0.0334198277330401,0.0744424641122558,0.104715759022052,0.11640077499918,0.104832243382234,0.138795629314594,0.102733835897453,0.0472529830613833,0.0948613203690152,0.0333363465484862,0.0519192589807332,0.0752428141236393,0.0667403810801245,0.077199826113246,0.0915777248773713,0.0715175833881866,0.894227916818579
"A[Ins(C):R(9,)]A",0.175090383818338,1,0.550666257452154,0.657818264288453,0.704852228605836,0.79968947284703,0.59625544028474,0.890715988068962,0.862334596702928,0.873039256602129,0.859124778840143,0.684417896179078,0.689157432266309,0.741271103028131,0.819796570196713,0.653567069054377,0.854364094547653,0.848497601046138,0.852917176752455,0.903322665201317,0.763147306673468,0.818935293076807,0.697381342772796,0.801523671604478,0.581873790936984,0.874412032393289,0.865763110127289,0.863870339456694,0.207530091085431,0.333637368866533,0.108843266126723,0.162078540042164,0.31678332161507,0.290205940045535,0.265867980710255,0.635843922709747,0.516000198880979,0.688062745197798,0.100148117387561,0.566068092508926,0.372226069593481,0.15033318233345,0.124251278857715,0.138823672670645,0.190218843860909,0.259267507714218,0.24030678445241,0.584168158007513,0.542167242304831,0.608129346634587,0.525497686629066,0.365364350568957,0.654562446233966,0.290476707255992,0.157201627679031,0.407345583199814,0.344516210731805,0.388010205021959,0.440824645590328,0.560285680334086,0.567740969385306,0.673818630532746,0.358026641896054,0.712148193484384,0.279828081773686,0.326592414966914,0.505611426439127,0.396318404161987,0.566924291874403,0.508279368544299,0.449452308505818,0.338782848726564,0.592161843013894,0.271238828931644,0.414706647434928,0.55596386123862,0.603723893243593,0.556146279426837,0.712888750654027,0.558042155273088,0.324344617152506,0.51492660657916,0.268679228276991,0.343202040396722,0.451614040570229,0.406557505394478,0.454021150364103,0.511820679536616,0.445256918983312,0.0675031426981236
"A[Ins(C):R(9,)]G",0.100246218787812,0.550666257452154,1,0.4242743590485,0.512907197475433,0.532946782917003,0.481269425485893,0.560850914620075,0.535844133930351,0.53963273742849,0.508969550512505,0.444880894722905,0.427993741597971,0.520779099270436,0.538417405342378,0.484236311032667,0.533686703007966,0.545201011288099,0.546824254021,0.573601697419934,0.515817630029608,0.513957080247556,0.518202109211001,0.54572745091296,0.466537963396819,0.580220986967156,0.552536233598081,0.570393331411667,0.101067185365813,0.215287661989758,0.0673256509242988,0.115180745290715,0.222586978308129,0.187912679454995,0.185937509832769,0.479188409380001,0.300541640287752,0.486539114739937,0.0662735074678508,0.325242282467667,0.249642996657457,0.101342723755882,0.0697355051756392,0.0808672745662092,0.140326056387231,0.187894166047349,0.135041282899389,0.375071278602712,0.336700984064854,0.405705652210064,0.338180461147249,0.234028670845787,0.421577850670943,0.230274134175493,0.116899249326777,0.323929142072965,0.239771166107436,0.27537441537133,0.334996598489378,0.411660057331414,0.371429034458048,0.463571425804084,0.340053392065233,0.450083605423174,0.29624010129743,0.325912741285184,0.430312231852494,0.369581482072338,0.462558517733414,0.414193040044899,0.397852458900653,0.331555371271339,0.420533881101168,0.293875808181254,0.377318900134229,0.440764084965131,0.465085904430236,0.45558761879397,0.512787475044315,0.449856930140609,0.319399286346375,0.410661961755362,0.292972049585536,0.33543758857942,0.396971854649006,0.376556037091879,0.4018704768479,0.425680816571595,0.395673335801774,0.0306393841898667
"A[Ins(C):R(9,)]T",0.153450208402436,0.657818264288453,0.4242743590485,1,0.454898725990946,0.556594850877494,0.369620726348637,0.645730587125749,0.621078940291924,0.616712302998029,0.635718931166854,0.462659482727176,0.5277570637649,0.506276273814535,0.592782611959553,0.430424203740818,0.620523238952531,0.61382823059264,0.605497435579795,0.669511429070419,0.601205519947318,0.604778003217817,0.468178617632976,0.579695011075687,0.359481150000817,0.647973447109076,0.638695440072194,0.624756967156377,0.177522917120524,0.243627368272327,0.0859878389441833,0.124272624686835,0.236444683945973,0.229078748854781,0.200580264738632,0.480418052566682,0.411760176178754,0.534530485476916,0.062116377346546,0.382965188045743,0.25973876000212,0.102175748875396,0.0740066044722812,0.0924597160945208,0.125506152383934,0.200984722725361,0.164211534695041,0.420016040893962,0.455696429766433,0.448695462484,0.362534464288357,0.24631018829136,0.501122315564061,0.19695384886582,0.102214558557732,0.263221397113017,0.239515217093666,0.274805477278795,0.302707721920469,0.391048587053734,0.4285334186605,0.484206446059297,0.174418861143772,0.517084995713585,0.11226371267264,0.150463033413601,0.314961241175725,0.207477714186689,0.348994835298178,0.305480636490626,0.249446522800254,0.15918718562889,0.374744802402359,0.108751963712514,0.225240808070038,0.366035784450514,0.397805255775292,0.343697394443116,0.495888305691972,0.355528686284295,0.146134656111514,0.316557993417802,0.104341409798917,0.164859449622874,0.25572126653685,0.216047537090121,0.254233635596916,0.307119413494593,0.243204365999474,0.0807493522404952
"A[Ins(C):R7]A",0.141149322248713,0.704852228605836,0.512907197475433,0.454898725990946,1,0.94726186026749,0.973243980751158,0.837000763452911,0.758288011231478,0.850516780038615,0.676832639961037,0.561362422683349,0.533065742742222,0.985113863328406,0.909958855049243,0.980862661679595,0.857338293721459,0.818597720939119,0.885243863302088,0.758174085155561,0.636427048852718,0.626305526726331,0.99291310912778,0.929138428614951,0.969666246331798,0.852550344036714,0.790343801658761,0.88054376804939,0.174356856420947,0.345339090834355,0.132439640657324,0.202392162762321,0.338269018112842,0.27495780010354,0.324243618168435,0.772065296302094,0.477940166793158,0.745886350348402,0.075077337083111,0.520216115824347,0.348401302859398,0.167200267555189,0.128601405593439,0.167481849934906,0.235601925750504,0.291089924695656,0.306095576830289,0.650124067908039,0.536677060357398,0.653235412573152,0.549451694514374,0.367840560999135,0.675215912134554,0.429792155233233,0.222708215742745,0.643020089574992,0.451565346401855,0.555675662371249,0.541051086090546,0.745843871559143,0.600630198375875,0.778714233427875,0.849762565877668,0.830067819203891,0.784907214282608,0.825345688440824,0.913087831465004,0.871790060913592,0.960651819691832,0.936942162874377,0.902213713828755,0.841436853230663,0.906247278271792,0.781429788801155,0.885160392458146,0.930974045645611,0.963383931218849,0.957306599271262,0.957004612497263,0.953695945215916,0.828543858687075,0.91997299561471,0.779685129236804,0.837116269071368,0.898989310237515,0.881483387472674,0.907084865825335,0.93958791760456,0.893993665701291,0.0416645781953205
"A[Ins(C):R7]G",0.16800477762534,0.79968947284703,0.532946782917003,0.556594850877494,0.94726186026749,1,0.868666079041051,0.938238531819965,0.855873418838683,0.933140944762368,0.765880874784374,0.606173954156144,0.61916589611997,0.96691064965291,0.970633077900483,0.912247906887439,0.948863094669369,0.916302874823414,0.951422661472363,0.834143469086303,0.711178085868462,0.697479510741346,0.945542104114304,0.974673461433394,0.86098312014285,0.941724548361268,0.899535255848747,0.937763544066162,0.205643300886901,0.360324661678906,0.124050277874781,0.19597106332754,0.355272169209334,0.307757883108215,0.323361415060016,0.773286305873883,0.546429545413302,0.790841870360558,0.0824591250136515,0.576815081179547,0.360446834270686,0.169333728790455,0.127061875741834,0.161895341808273,0.231490886325852,0.302796770391903,0.294931400771194,0.683329089822421,0.630034523566778,0.696549469610872,0.554216011258617,0.381432708421854,0.750889515926684,0.39773621989186,0.203640769394873,0.562006183748645,0.423106716136403,0.509981127495412,0.511645541162474,0.706398360839024,0.65514592238108,0.763227081084257,0.664812848323277,0.878888408587089,0.577018516164676,0.629920630300998,0.784883311104103,0.696529527320935,0.845926157323394,0.804815592153976,0.745234836224504,0.652915758231612,0.827071994201043,0.572507546154,0.716470429929499,0.840826070245854,0.878972128036385,0.838257389037415,0.944789765058625,0.843668717005077,0.635257958579731,0.793437222062667,0.570007375844769,0.646498990642031,0.744193333300644,0.708686661127669,0.748705399152355,0.811127112289919,0.729761954173395,0.0474959397909422
"A[Ins(C):R7]T",0.110383546575255,0.59625544028474,0.481269425485893,0.369620726348637,0.973243980751158,0.868666079041051,1,0.719512168948544,0.64872870967127,0.747441695117298,0.575292873543265,0.500930541934619,0.435916843658774,0.943373124764097,0.818736542449942,0.976163790753066,0.745760648227552,0.702307110978737,0.79202306312708,0.670085841558483,0.557803888816522,0.550527226047608,0.970865974456104,0.850870108778669,0.99210337350733,0.741906408332619,0.674224226828231,0.793791175868497,0.138020967239957,0.311471045933418,0.130313495203233,0.19811977765291,0.306495008285181,0.235303094214602,0.308235282411416,0.731288252614282,0.398103718898427,0.674540252120872,0.0591910307653386,0.444002607296235,0.323897884046649,0.154746272918067,0.119564476750539,0.160591412004268,0.224457407941443,0.266959922055775,0.293521020518563,0.586703374638092,0.440808024305509,0.587267205735827,0.513374533790282,0.335916462360886,0.584907651335513,0.429908589889585,0.226044656123715,0.661090329981062,0.443908637535688,0.554093388050404,0.536747293316218,0.734799649789225,0.528812053821912,0.752115457586527,0.930569557708159,0.749693993325343,0.885618020647808,0.915453642518046,0.955835779853537,0.94632936261156,0.987968051962813,0.976389046596012,0.962905977693822,0.92542116510488,0.904193012282867,0.883503243175357,0.953341382007434,0.943019484432844,0.968750065512766,0.987799376764173,0.913591677285277,0.980873540927102,0.916341705994986,0.953122483862921,0.882349957466527,0.923707474779973,0.957999893806577,0.952395841595824,0.968279517156727,0.978621907338656,0.959207974460789,0.0327944766197898
"A[Ins(C):R8]A",0.191517953862282,0.890715988068962,0.560850914620075,0.645730587125749,0.837000763452911,0.938238531819965,0.719512168948544,1,0.917776724526242,0.964409221630579,0.854431483370498,0.662440609853721,0.703515356203703,0.882728509509104,0.953348754851202,0.783415507512816,0.973516743817812,0.954716134028993,0.959662133394359,0.887926774455622,0.774019300338645,0.774450567246388,0.835358703153264,0.941478134145624,0.703178131997148,0.975959488708811,0.94515487036786,0.948129513143917,0.230162233436208,0.359620816621918,0.11220688627406,0.177885913019966,0.351651424067398,0.317230586418332,0.297225541783972,0.722652982619681,0.59121530349725,0.782801328195453,0.0903686022520726,0.610972283568943,0.351477302124368,0.162446136302284,0.126018121760228,0.150971042615821,0.214612830627223,0.299088074857289,0.261867227869718,0.677809084261251,0.665031249494619,0.69605317621043,0.540929135187926,0.381584866235615,0.771154399141486,0.337086673890374,0.173404758873175,0.463469968453074,0.377055344463917,0.442466230199327,0.457255571059932,0.626681544464794,0.658106542720684,0.707296997105407,0.452547312961235,0.854631486377116,0.354794599118739,0.413496286499521,0.624619682409691,0.493532707152226,0.6828277317143,0.62852939234994,0.550348947936265,0.438537888834567,0.7090963465026,0.348253867998061,0.5163624324455,0.697150061793423,0.734515983519116,0.671549289070587,0.861307109097583,0.680878694813792,0.417395103131413,0.628452904506432,0.345432433861388,0.431187484752492,0.556668198776502,0.5048580471169,0.554478710005807,0.633943278150605,0.534312681736055,0.0609153016543529
"A[Ins(C):R8]G",0.170943471023147,0.862334596702928,0.535844133930351,0.621078940291924,0.758288011231478,0.855873418838683,0.64872870967127,0.917776724526242,1,0.895387771328649,0.826703815436158,0.63982029196737,0.702897392333554,0.797588824116532,0.869519649860334,0.706593612481906,0.902627797448173,0.901281607577355,0.886785711110749,0.85132186370629,0.730602761638986,0.785241903575596,0.749013356826059,0.862969373676939,0.630945722335618,0.905878302186998,0.89254473601959,0.878817787124368,0.202836598694002,0.336563868582398,0.103693896479194,0.160131974345406,0.329660408008493,0.313635380963748,0.270401506485129,0.651207198062222,0.552021868898002,0.727176405238523,0.0851730392063719,0.581567474329144,0.335146619058243,0.158675037657292,0.107807170246109,0.143503847236074,0.201582289230156,0.26362289967741,0.231913057834786,0.619678853047502,0.601676025831124,0.63732543936434,0.515663219711309,0.367589163799499,0.693132409250257,0.300886733836098,0.149573364649297,0.430797673053878,0.343781975446208,0.417784462070094,0.413873491666946,0.574073625522429,0.611257170510011,0.643899082982532,0.402483538407975,0.777215867686188,0.314735402649513,0.364650445042282,0.564185093056011,0.438242656578384,0.607588734995474,0.563234101127651,0.487303862083159,0.385943946464373,0.624844411470293,0.307019239102566,0.458084183955099,0.614295414323734,0.657354296931665,0.598974879895587,0.781510548504217,0.603321279123593,0.367143970533383,0.559252214478951,0.304648341248287,0.382630586722183,0.495906276975947,0.446729264086011,0.490856356860607,0.564878424854833,0.47816279702628,0.0528339824915425
"A[Ins(C):R8]T",0.184841759126224,0.873039256602129,0.53963273742849,0.616712302998029,0.850516780038615,0.933140944762368,0.747441695117298,0.964409221630579,0.895387771328649,1,0.839120418629158,0.65258056029948,0.694527486323154,0.888453792507624,0.939152394165926,0.805081326141671,0.948804619969564,0.931789865163069,0.944764227751746,0.881819801276972,0.764104830225883,0.760174689818999,0.848913235913969,0.932462845436735,0.736577609313437,0.956636201003584,0.920237996666234,0.943355406322718,0.220147553740365,0.352259032754571,0.121866387365418,0.178457321185232,0.348696642428482,0.3057246546193,0.302219583865246,0.719036592496955,0.568135562459597,0.776971405133317,0.090271357300176,0.604359386680928,0.361675424515846,0.160181809495936,0.12514830946147,0.151736079062997,0.216708377703426,0.289680647416633,0.270074531153671,0.664556952800072,0.644010663857065,0.683291096883453,0.561466221720347,0.378924924951854,0.74256052319437,0.351639011452802,0.183535992459093,0.48279163262381,0.388345086693193,0.462999251888787,0.471331017309039,0.642423976968679,0.644584017519094,0.715460224549147,0.501107650862539,0.842053753171399,0.409504092185755,0.464503370348761,0.650240508819857,0.537543426115564,0.711852996482519,0.664584486731206,0.592768766687647,0.486592334101358,0.728621133481887,0.402937226826151,0.560474327003831,0.72285125299875,0.752909638625555,0.701631755777198,0.861233710927971,0.706884411059607,0.467996616481294,0.661418997340019,0.400453724798159,0.4829733371936,0.5968332935815,0.54901571343697,0.596890195999065,0.667834521069397,0.578388573278183,0.0611893262536962
"G[Ins(C):R(9,)]A",0.154001925361086,0.859124778840143,0.508969550512505,0.635718931166854,0.676832639961037,0.765880874784374,0.575292873543265,0.854431483370498,0.826703815436158,0.839120418629158,1,0.649134793420644,0.701340496914257,0.719250831986665,0.805190916166434,0.645391107694384,0.832200448140486,0.841188371477166,0.834443148907022,0.845171458265549,0.769492410125977,0.792872221939942,0.671142951602655,0.776469225952185,0.56221444092968,0.837429130512091,0.812026274131687,0.838742774281279,0.192232594815575,0.315159678873846,0.105682061805893,0.156189759265124,0.30515716594501,0.302854509918169,0.249683545471899,0.568443726675907,0.499912563433602,0.650837311172266,0.0868206474797759,0.540247533271257,0.370226749495908,0.144394667818009,0.112106343890071,0.132580046600983,0.187580665994517,0.259225400661459,0.234084646599151,0.58136496400262,0.563678813259103,0.622857670437216,0.513868665816617,0.357473587678781,0.636950872778373,0.274614011236166,0.148328235736645,0.390786050517843,0.323664282381359,0.390556926722238,0.423125432835857,0.536489077366823,0.568027820932233,0.650366151113497,0.342665729458805,0.678023027591479,0.269836292225694,0.31726101234325,0.506025006324608,0.388061946546995,0.542125620729886,0.498892840689962,0.440980373270443,0.330425503864584,0.580826719676685,0.262692542669984,0.409091590843994,0.563362876342857,0.601442130575609,0.54067999317243,0.72301277201446,0.552893736871083,0.312384510290294,0.499350678350694,0.259029402895589,0.332508830841899,0.440151207184483,0.393965949163462,0.434530054979205,0.50416785117084,0.431950458794046,0.0568781548471594
"G[Ins(C):R(9,)]G",0.125238872464374,0.684417896179078,0.444880894722905,0.462659482727176,0.561362422683349,0.606173954156144,0.500930541934619,0.662440609853721,0.63982029196737,0.65258056029948,0.649134793420644,1,0.494347011830418,0.586587924344854,0.621501307037278,0.549396791743786,0.647668489953151,0.644212702275191,0.662144393327039,0.675031592212829,0.602011872793953,0.640789166898552,0.559624861214451,0.607287642155647,0.494104713501555,0.644892014569225,0.637606429028253,0.653955671080741,0.166624478312432,0.249424869820413,0.106843061925804,0.129038357785949,0.227245065429531,0.24355550169286,0.188888829603206,0.468140179379919,0.426113938214336,0.523389745899329,0.0704663485083138,0.453687471368178,0.307180509455912,0.123807125684653,0.100707957225425,0.115723814706997,0.15734483040413,0.205307449569903,0.200331768045714,0.449932301462898,0.425215342774621,0.508187014523757,0.426280278937817,0.306552082510075,0.476385023412216,0.233950728660001,0.142308220453886,0.354928053357359,0.268964376844734,0.349621424519368,0.354070368795877,0.457280250145471,0.451066106242918,0.524863166095491,0.355729051192729,0.593812086744423,0.305462148973867,0.33580969822531,0.464298613420101,0.386178481804089,0.480689339900888,0.449880968995936,0.416076370930508,0.345775400211955,0.534456412774117,0.299966776936413,0.399282680109768,0.506431668419373,0.511950055726429,0.481121667257736,0.579116016019443,0.484780562114089,0.333520685106416,0.464822197120404,0.297313762199337,0.347454233650422,0.425309727284962,0.385113454110094,0.415822277727374,0.455599958267889,0.412483068949696,0.0468656195946982
"G[Ins(C):R(9,)]T",0.167883962712043,0.689157432266309,0.427993741597971,0.5277570637649,0.533065742742222,0.61916589611997,0.435916843658774,0.703515356203703,0.702897392333554,0.694527486323154,0.701340496914257,0.494347011830418,1,0.571905675965173,0.654349629259164,0.498187308726143,0.686158545310936,0.681817744244927,0.66688879555878,0.679857041078953,0.607434183393452,0.617111458586259,0.526788553571711,0.624330864713015,0.423198910141415,0.679658197972499,0.680436941641598,0.65680919975206,0.187521361039303,0.26344002216872,0.0890327448606534,0.126294212777404,0.252661075849613,0.267011384428055,0.207830314065524,0.455665417594595,0.392432920835096,0.546585318691602,0.0717442434553535,0.426556332457249,0.230727090929806,0.116619966662292,0.0959775918032048,0.0968167846468905,0.145651142386787,0.207415726975276,0.165673056108225,0.466854954195063,0.465434356302548,0.491112232886489,0.3957046144191,0.264774563448499,0.544954671550684,0.210201591150448,0.106796136513773,0.285143031124238,0.248649348838987,0.292538418081739,0.285403606511422,0.392038031886935,0.447959308545668,0.462681003730316,0.242607871108488,0.554737761048486,0.175674751529874,0.216971252045324,0.369738434295537,0.273078837932967,0.397576845019003,0.375715862091602,0.314092068333046,0.231870182200257,0.445011225880679,0.16946304616604,0.28899511765501,0.439977017075817,0.463386062649104,0.400589624013174,0.575763395110262,0.414526421346654,0.214551313356862,0.371959243612026,0.16659015238669,0.227716500016332,0.319517316503195,0.28254701457252,0.313000986599939,0.368713306619751,0.303682082088899,0.0851690046568998
"G[Ins(C):R7]A",0.149543865297772,0.741271103028131,0.520779099270436,0.506276273814535,0.985113863328406,0.96691064965291,0.943373124764097,0.882728509509104,0.797588824116532,0.888453792507624,0.719250831986665,0.586587924344854,0.571905675965173,1,0.950804557231622,0.971638862137527,0.906074350961302,0.860606706624564,0.923218915768993,0.795192560501863,0.678216522489342,0.662069235716718,0.987747858356606,0.961940965912606,0.938633995305254,0.896828038765979,0.836241734640044,0.911290064979522,0.18729877097492,0.35244991514855,0.130365369233449,0.202137790047998,0.351557540711966,0.285157547437329,0.326445455972552,0.778292657654136,0.521782260602584,0.772810545505598,0.0775809823725802,0.546352027909423,0.363389832634616,0.169740205031434,0.12907219718677,0.16799156057476,0.235751710608937,0.297958163519641,0.307447636898646,0.680158864811018,0.585444494140818,0.689323956201054,0.56083804731882,0.37246102220264,0.717817230912845,0.420015447825458,0.219902266680215,0.616295178896934,0.446559755950339,0.548546410756656,0.544683019326102,0.74908393432766,0.636181350033363,0.792493545111732,0.781544521804305,0.862547908606269,0.706852213413774,0.754841516194303,0.877489832940406,0.815379964199536,0.927886925629332,0.898982769212241,0.854576190680799,0.772771614163766,0.891698389120926,0.703387530573244,0.830288893116723,0.916129225654823,0.95206896520136,0.926017004871807,0.97366034982638,0.931656970331458,0.756933288625645,0.883289728731061,0.700524177181036,0.768463220898239,0.845686376774333,0.822668738496033,0.854275314020438,0.900792215149426,0.840297734066089,0.0436589546164695
"G[Ins(C):R7]G",0.167531155506033,0.819796570196713,0.538417405342378,0.592782611959553,0.909958855049243,0.970633077900483,0.818736542449942,0.953348754851202,0.869519649860334,0.939152394165926,0.805190916166434,0.621501307037278,0.654349629259164,0.950804557231622,1,0.882133545616519,0.967082969693847,0.932035362417569,0.959226138875243,0.85218332730453,0.744567486109953,0.720680928080172,0.913465710111468,0.97322813929498,0.811257695220109,0.954710719941699,0.908635162584647,0.941680695342162,0.20980436435296,0.356933714029551,0.120203658198835,0.189264183793725,0.358053082584256,0.313903173625946,0.31457323777592,0.751263043369946,0.571871699012684,0.788467435148181,0.0901534744447909,0.588074331544175,0.375403271449166,0.171561643942075,0.126912606702941,0.160826516415219,0.223983122872442,0.304477036450944,0.288938928173769,0.694651635678511,0.648208998934223,0.71249432623759,0.558825710549598,0.373742451558234,0.76673231187823,0.376648160151595,0.193698783981602,0.527239723867289,0.409760988962683,0.496529093436479,0.509750018450712,0.690229620269097,0.670571426207887,0.758299261974551,0.584889465965141,0.872528110492545,0.49210718340555,0.551366008128766,0.731992024694059,0.63104884873386,0.793774545097936,0.751264378140585,0.685841738467001,0.574689222535389,0.796140190042068,0.487727225738613,0.65171420582423,0.807041605215207,0.850744502977541,0.789527627318403,0.941851202757983,0.80674184183696,0.554250164667099,0.739831731150412,0.484308143495556,0.568396021636706,0.677071297505932,0.638745277027284,0.681935958236148,0.754336051056163,0.666440506601292,0.0480165461713933
"G[Ins(C):R7]T",0.121473740937528,0.653567069054377,0.484236311032667,0.430424203740818,0.980862661679595,0.912247906887439,0.976163790753066,0.783415507512816,0.706593612481906,0.805081326141671,0.645391107694384,0.549396791743786,0.498187308726143,0.971638862137527,0.882133545616519,1,0.820077638220022,0.777082525866169,0.851579296467772,0.722391515427256,0.621815492746062,0.595773433592932,0.981616036606077,0.897909557047275,0.977476619888763,0.798435203012452,0.736254049837588,0.839463227075285,0.151005422448608,0.327841970351913,0.129618546026957,0.197906569038449,0.323662010441326,0.258271004714469,0.310983790355419,0.730448088707128,0.455848341823484,0.69794005084667,0.0599912412320664,0.49233971188487,0.353154739747861,0.158788301254061,0.123242675356316,0.165073672435821,0.229373252554007,0.283398058582261,0.302439367590017,0.627618175940281,0.496129742295826,0.633934010137543,0.544110229155975,0.355641711948537,0.634776989184242,0.426515519110744,0.226061115639047,0.646435181948506,0.441199861956253,0.557616268499619,0.544467704129868,0.744195403916159,0.571732630714852,0.777641164878696,0.878487331812419,0.800679104745417,0.823560808948442,0.860963117914698,0.931335400471121,0.907373333089528,0.968038393157326,0.956462473629377,0.932366239102381,0.875030540373389,0.912994280614425,0.821306804103805,0.91546828840847,0.950030744806161,0.979958126327284,0.971203281528341,0.954147730741663,0.977518531967986,0.862961683245253,0.938728431760275,0.818856364548127,0.871933898083223,0.922057560717197,0.909378838203821,0.929825332367082,0.959716147374456,0.922539642791305,0.0337114521082527
"G[Ins(C):R8]A",0.182081667398454,0.854364094547653,0.533686703007966,0.620523238952531,0.857338293721459,0.948863094669369,0.745760648227552,0.973516743817812,0.902627797448173,0.948804619969564,0.832200448140486,0.647668489953151,0.686158545310936,0.906074350961302,0.967082969693847,0.820077638220022,1,0.956067521286018,0.962143355520312,0.859319928373681,0.753289534388465,0.742994145380633,0.85655130103958,0.948308585971016,0.733711994863301,0.963635434738823,0.929452234757701,0.93180510962679,0.215977729382602,0.360352473300278,0.114992715930586,0.179773789861992,0.349326811021186,0.331973620872393,0.299404649455318,0.707374564589004,0.59324647984583,0.775623281215728,0.0796765819382847,0.60559526713366,0.36280801660748,0.160591581502188,0.120084943011486,0.154265154237394,0.216640013826114,0.297566423889024,0.269999886802768,0.690557053319884,0.673483417917877,0.703337184519153,0.549382181163088,0.379636646342645,0.785171822737065,0.346357169078442,0.181522605796767,0.482435180094054,0.379986765290817,0.458869066436412,0.466638462856419,0.645011444051594,0.68136938389653,0.717527246172159,0.490577988485366,0.872901983336293,0.392771661302975,0.45271885797798,0.655811711857136,0.536168315094727,0.708832963601639,0.666864512955544,0.591258295050843,0.478984841326623,0.748473141528198,0.387477625271312,0.557290657281843,0.737714958909794,0.779174775463204,0.705295172392628,0.898930709574684,0.72488868185657,0.457556567402399,0.663683955517092,0.383890475649342,0.471215975026843,0.591636492273496,0.542475360622224,0.587818367488197,0.671239830819692,0.572615824683628,0.0539582782803541
"G[Ins(C):R8]G",0.175048018051987,0.848497601046138,0.545201011288099,0.61382823059264,0.818597720939119,0.916302874823414,0.702307110978737,0.954716134028993,0.901281607577355,0.931789865163069,0.841188371477166,0.644212702275191,0.681817744244927,0.860606706624564,0.932035362417569,0.777082525866169,0.956067521286018,1,0.935069962855777,0.848317774213298,0.766562870823112,0.754528483003557,0.814788946343791,0.913193218039027,0.691053773977007,0.942327276489156,0.916907379905129,0.918306425259629,0.211646854578272,0.350789158832702,0.108185758319673,0.171916457139215,0.337653013152179,0.32653893821337,0.288146802265325,0.674738794837006,0.578565565528638,0.755162228323403,0.0845770010602991,0.602967105910715,0.355993830973275,0.161846649523178,0.122192380480014,0.14725652911672,0.218627312052404,0.296428796049791,0.253164568558022,0.654332324836644,0.660010844490665,0.689479804956481,0.542835153433645,0.375890004002287,0.734543028574031,0.326320324569617,0.170130117012979,0.452945718418282,0.35849318778564,0.447851429149557,0.437793183794978,0.612864164472826,0.662538671741687,0.68914156636162,0.449355870891959,0.83775097514819,0.356174356114675,0.412367282913174,0.616486925584637,0.490177564984886,0.668264998042101,0.621042767863985,0.545957630765678,0.438711664729807,0.70349528624766,0.350849264096512,0.514810687795385,0.689425215677842,0.729807617607203,0.659085628360382,0.857421295270083,0.674226323376969,0.417464704648129,0.622790450749262,0.347509892017747,0.43052194038495,0.549934676333938,0.501131739499626,0.545437413451891,0.628525458794666,0.531352268724112,0.0494431012752276
"G[Ins(C):R8]T",0.170251552639321,0.852917176752455,0.546824254021,0.605497435579795,0.885243863302088,0.951422661472363,0.79202306312708,0.959662133394359,0.886785711110749,0.944764227751746,0.834443148907022,0.662144393327039,0.66688879555878,0.923218915768993,0.959226138875243,0.851579296467772,0.962143355520312,0.935069962855777,1,0.866762772773402,0.760490740891462,0.753566187798095,0.883604745356144,0.949360455172276,0.780287368448723,0.960290797173841,0.913354208559178,0.945035227225743,0.211155533659396,0.359354709575238,0.122355382668458,0.181437990502405,0.346797753805085,0.322307972877594,0.307264698556781,0.733893767985036,0.586249139628557,0.787732906767142,0.0857363889611918,0.60591663790194,0.365667563043835,0.167374847117807,0.131552433556105,0.158755659587131,0.223587591734507,0.303631752184706,0.281458521756229,0.68058025547521,0.659917917327491,0.717073093908577,0.552878562879089,0.38784375123875,0.761358756287867,0.364665171305577,0.190401480455556,0.513787139592161,0.402384437327588,0.487631059772752,0.48973128515345,0.675114790854468,0.672817061545113,0.747274973655533,0.558045457953492,0.876000136040524,0.467526931008958,0.522784965373694,0.70602349278985,0.599264545581109,0.761315670293409,0.717963750752935,0.647211218754288,0.544590669130774,0.785202527151355,0.461998446662204,0.617001437213852,0.769796325426228,0.806431097159779,0.752104263753653,0.904607254914489,0.764952199981331,0.525461403046198,0.716885695990157,0.458426623128828,0.539685486705652,0.649830878477305,0.605773938450012,0.64938222086063,0.722699787142079,0.632855959902107,0.0500161717892262
"T[Ins(C):R(9,)]A",0.179367566457656,0.903322665201317,0.573601697419934,0.669511429070419,0.758174085155561,0.834143469086303,0.670085841558483,0.887926774455622,0.85132186370629,0.881819801276972,0.845171458265549,0.675031592212829,0.679857041078953,0.795192560501863,0.85218332730453,0.722391515427256,0.859319928373681,0.848317774213298,0.866762772773402,1,0.812076973538258,0.827425348761187,0.762254659284159,0.841398802003062,0.660588928042156,0.888510174200836,0.866741913385934,0.884299400765562,0.214879973569341,0.33832086530066,0.119121931531238,0.173653159870904,0.342962427746005,0.284267386710654,0.291866754497943,0.694487093086669,0.51739482106213,0.737867669037572,0.109280829639665,0.560017609990842,0.394891980603723,0.155586834061468,0.126670424170732,0.145344513832875,0.199840159493551,0.275284631378433,0.254197963797217,0.590161408819513,0.539796161209936,0.630681841961842,0.546842224232151,0.366703020227368,0.665864669968307,0.331588497539347,0.165245717155631,0.45652316502713,0.377535886968522,0.440302522685026,0.489628542101173,0.614643092528177,0.576225958426803,0.722155732624609,0.444947864718755,0.720460381130994,0.368739644952716,0.41655622330858,0.579207721745929,0.4884213882956,0.647069060549166,0.589936242478381,0.540223246663108,0.42537466099024,0.637801185349367,0.362155720416882,0.501760259732458,0.629289361140336,0.678074537387982,0.639986899555381,0.761447797683624,0.640219007350187,0.411287067736534,0.584644287091446,0.358878326015975,0.432665471999456,0.535207505495109,0.494821356086245,0.541866153763916,0.593938192250921,0.53251483205519,0.0740257843600133
"T[Ins(C):R(9,)]G",0.130683003439033,0.763147306673468,0.515817630029608,0.601205519947318,0.636427048852718,0.711178085868462,0.557803888816522,0.774019300338645,0.730602761638986,0.764104830225883,0.769492410125977,0.602011872793953,0.607434183393452,0.678216522489342,0.744567486109953,0.621815492746062,0.753289534388465,0.766562870823112,0.760490740891462,0.812076973538258,1,0.710224197358612,0.644481420268167,0.72489615974658,0.549867525188021,0.76159676422529,0.732510393305653,0.760456769092199,0.168449756434401,0.2845917073512,0.0979434710056991,0.135532872742337,0.283829682483678,0.26611645684686,0.237724396196121,0.574597950839876,0.452830018989018,0.629795488330932,0.0821699547690477,0.470554247709771,0.321856089489315,0.138264022676692,0.103389841138277,0.123110001298153,0.171609042718326,0.24558756283607,0.200145829710565,0.520482839065671,0.479582318466277,0.557056749580423,0.441693446334898,0.313348919034741,0.567299569852224,0.265199652445129,0.136403078969889,0.37068727570659,0.296731150714687,0.387719475215489,0.397253249990116,0.511188874576434,0.49707370383853,0.594641469852245,0.363750889631969,0.62724967421534,0.296041189738467,0.339515228711412,0.487715934706394,0.404601902256034,0.53409336175238,0.494445747852169,0.443947432408356,0.350002936290172,0.552008671697373,0.29335231279162,0.414051741819498,0.550339417201801,0.584232272122524,0.532451331039528,0.669592883763,0.54560110623742,0.336912836495479,0.499272167960629,0.288421301760739,0.351361963151949,0.450746391310065,0.406923856487742,0.441871760506593,0.499908442467542,0.438374273098811,0.045279306191751
"T[Ins(C):R(9,)]T",0.137914934923577,0.818935293076807,0.513957080247556,0.604778003217817,0.626305526726331,0.697479510741346,0.550527226047608,0.774450567246388,0.785241903575596,0.760174689818999,0.792872221939942,0.640789166898552,0.617111458586259,0.662069235716718,0.720680928080172,0.595773433592932,0.742994145380633,0.754528483003557,0.753566187798095,0.827425348761187,0.710224197358612,1,0.626555319593556,0.703917802993615,0.536340508803722,0.766739476754616,0.756825621825563,0.777170843613788,0.163526039681717,0.287656385960226,0.0977035931253701,0.147336393650256,0.288408073416204,0.268376100645004,0.229200705244587,0.584745414573523,0.464157114185704,0.651537031225773,0.0823609284021628,0.489285011716878,0.346403931060803,0.132955590710516,0.116171422578125,0.125845454395591,0.180555249645685,0.22039326539793,0.215706502594006,0.527456027391071,0.459674749398128,0.565033200134122,0.465489951754027,0.332283409438565,0.541678802317723,0.263825309028895,0.140188030390876,0.386358357887351,0.312815914839007,0.38240123989572,0.404640279364588,0.529155757693267,0.498099855741325,0.626386992022237,0.353819656825107,0.6347724861965,0.291969781162202,0.327394581740941,0.503461719549412,0.389495644913059,0.531120849417481,0.476677534944282,0.433380457088348,0.334818199637506,0.546915202833736,0.284543785357374,0.402310812486262,0.504320030327005,0.551593602808284,0.520517036052355,0.64037473643794,0.515856565584623,0.320765660440464,0.489225521207759,0.280974657613005,0.343038309794211,0.429824654240204,0.392692527855597,0.431539706378458,0.478182819706489,0.429583269541718,0.0520377244985587
"T[Ins(C):R7]A",0.140398837409488,0.697381342772796,0.518202109211001,0.468178617632976,0.99291310912778,0.945542104114304,0.970865974456104,0.835358703153264,0.749013356826059,0.848913235913969,0.671142951602655,0.559624861214451,0.526788553571711,0.987747858356606,0.913465710111468,0.981616036606077,0.85655130103958,0.814788946343791,0.883604745356144,0.762254659284159,0.644481420268167,0.626555319593556,1,0.935197110888818,0.968597923281014,0.854221829226523,0.786661866471602,0.881915225957631,0.176159859793704,0.343100281038979,0.131099475441824,0.20366197256901,0.342711688958797,0.268978623110934,0.325268168813192,0.783562611865986,0.486353532058132,0.756287280698522,0.0771910823380572,0.514654450943413,0.352152730695674,0.169112975100628,0.12851963867128,0.166455976926906,0.2362916124609,0.296264482030449,0.307279843170338,0.656450801879641,0.53976028720312,0.662114937921534,0.548493447386838,0.362464413509116,0.675503199911503,0.431348200406396,0.224615215380895,0.638981885459132,0.452943420410163,0.558084785606142,0.549352326412484,0.75262194540688,0.60298099367345,0.789825074539719,0.841957374732245,0.829061364877905,0.776525508173745,0.818478226905868,0.911567951882049,0.868470612178137,0.961840417836215,0.934617499602099,0.901345684389247,0.834198880912086,0.899860880519775,0.773749084026913,0.881052918229014,0.934081728229794,0.966437180928153,0.958819864168877,0.958572168960298,0.956951840586586,0.820575352756311,0.915759342005977,0.771674543289187,0.830696069624485,0.894997905584363,0.878036402082972,0.905016654708687,0.93728482653736,0.891038569717851,0.0418688956229248
"T[Ins(C):R7]G",0.17305821671701,0.801523671604478,0.54572745091296,0.579695011075687,0.929138428614951,0.974673461433394,0.850870108778669,0.941478134145624,0.862969373676939,0.932462845436735,0.776469225952185,0.607287642155647,0.624330864713015,0.961940965912606,0.97322813929498,0.897909557047275,0.948308585971016,0.913193218039027,0.949360455172276,0.841398802003062,0.72489615974658,0.703917802993615,0.935197110888818,1,0.842355403325459,0.948999419200509,0.899920506047077,0.942405250258519,0.215215163228843,0.360994825066769,0.117998170909808,0.194638038506251,0.361150486848248,0.304221721569142,0.320038568724599,0.772141021749095,0.556699411595537,0.792091291314613,0.0849326085532908,0.581790895360874,0.367305821568079,0.170895142870539,0.12901034095646,0.160826538147953,0.230582931507245,0.300350490616984,0.290940371300716,0.687294234495279,0.636348506398134,0.693112371570914,0.555416434625048,0.380888537731903,0.753645719418857,0.391687238896862,0.202357807906604,0.548113015170502,0.423057358949654,0.506891555788825,0.519214349339906,0.703936853482325,0.65927345461869,0.760958801888311,0.631912684156068,0.870613884947932,0.54261630631609,0.597983668291259,0.76434867454236,0.671484126495365,0.827524687177502,0.785429932462114,0.721944029975241,0.619924827796024,0.802624404337226,0.538797835936788,0.68916615572958,0.829063068631244,0.868518422639592,0.822137145088572,0.941340623133005,0.829981082545537,0.600863315398044,0.769396282245218,0.535795207675029,0.614799525104295,0.714488618492592,0.681587897780855,0.723004040679675,0.788451733202891,0.703937999946791,0.0506911663326672
"T[Ins(C):R7]T",0.110014101146196,0.581873790936984,0.466537963396819,0.359481150000817,0.969666246331798,0.86098312014285,0.99210337350733,0.703178131997148,0.630945722335618,0.736577609313437,0.56221444092968,0.494104713501555,0.423198910141415,0.938633995305254,0.811257695220109,0.977476619888763,0.733711994863301,0.691053773977007,0.780287368448723,0.660588928042156,0.549867525188021,0.536340508803722,0.968597923281014,0.842355403325459,1,0.726092947420632,0.65943180921564,0.781790074122066,0.139222520722268,0.309254115406374,0.132224748533201,0.197458416948388,0.307280189149808,0.227542968379981,0.306275170567579,0.722520917633835,0.396765743262334,0.667429235292923,0.0582301723772379,0.444901405932557,0.327058789032586,0.154370367275617,0.120188715592289,0.1607727536298,0.225537537964176,0.267504359218026,0.297418548665257,0.582635854650628,0.433456392938716,0.58208786464355,0.515617270542515,0.336407622908695,0.569725123416446,0.430220805739708,0.225415833402178,0.664690381232466,0.445087540011753,0.558109784043218,0.538514286842731,0.735545861272763,0.521275028206362,0.752197896794141,0.939034911284422,0.744155887709717,0.896857027576524,0.925043052982134,0.955697125581495,0.955053495351738,0.989275698649111,0.980730845264625,0.970422498011198,0.934323114587156,0.907151052414367,0.894693018764994,0.961327214447059,0.949726031855475,0.972936148606582,0.991470096611855,0.909803352727497,0.984613674444737,0.925799403168397,0.960598624602325,0.893267550886681,0.933011938173343,0.963695353263736,0.96031301737087,0.973791849161078,0.983581103529078,0.967254008517739,0.0332665681012241
"T[Ins(C):R8]A",0.182293564008576,0.874412032393289,0.580220986967156,0.647973447109076,0.852550344036714,0.941724548361268,0.741906408332619,0.975959488708811,0.905878302186998,0.956636201003584,0.837429130512091,0.644892014569225,0.679658197972499,0.896828038765979,0.954710719941699,0.798435203012452,0.963635434738823,0.942327276489156,0.960290797173841,0.888510174200836,0.76159676422529,0.766739476754616,0.854221829226523,0.948999419200509,0.726092947420632,1,0.940713044465953,0.958371799823175,0.215777425001414,0.361691534293006,0.116184753997658,0.179733574991436,0.35776778982289,0.320925367359373,0.305113864358573,0.752555081735914,0.59219142189901,0.806106961965374,0.0976811874267499,0.60050854687193,0.363770752126582,0.167377141183652,0.124207347065424,0.150820281746214,0.218355889328365,0.288358151790346,0.265816950818254,0.685987340773268,0.676153671549341,0.70883533852951,0.546168535976943,0.376553543879096,0.774884751681524,0.352165329116116,0.179531330351646,0.475831451531828,0.393260839697445,0.463644750435841,0.480651592394026,0.656931896692834,0.673958701252054,0.73619606673417,0.474263770277183,0.857352820762177,0.37565106656599,0.435439256136133,0.63997630318638,0.516542184481475,0.710743930489178,0.649924144937449,0.576038457085395,0.457541731043705,0.719340523989812,0.369933206121836,0.541010011034618,0.708612548354515,0.757129272420499,0.697755843180282,0.873516905765842,0.704490290220404,0.437238130014473,0.649037111118625,0.366739602284979,0.454982462136957,0.576162295238144,0.530091210477058,0.581158883468889,0.655149040518618,0.559695423566161,0.0546070084917638
"T[Ins(C):R8]G",0.17623596023662,0.865763110127289,0.552536233598081,0.638695440072194,0.790343801658761,0.899535255848747,0.674224226828231,0.94515487036786,0.89254473601959,0.920237996666234,0.812026274131687,0.637606429028253,0.680436941641598,0.836241734640044,0.908635162584647,0.736254049837588,0.929452234757701,0.916907379905129,0.913354208559178,0.866741913385934,0.732510393305653,0.756825621825563,0.786661866471602,0.899920506047077,0.65943180921564,0.940713044465953,1,0.907243053178746,0.214291430869141,0.34299382549251,0.111938601156807,0.167450384989361,0.337084145041295,0.305777791557482,0.291860703257372,0.690475505804518,0.546863551123161,0.749186964281188,0.0930774193737537,0.5892298124748,0.354968931173602,0.156693014067052,0.117839532845171,0.144017178141805,0.201487713428494,0.278574139679042,0.246115304095504,0.630400270446414,0.634094514347111,0.657568671163363,0.530592960778396,0.365980384854418,0.73206233934442,0.322835148133761,0.161026908150188,0.436202801598278,0.359873785051486,0.413960722220482,0.441426043925277,0.597910949256226,0.62783880690487,0.68623226873958,0.408616577302223,0.803856496322896,0.314334892783631,0.371389065660128,0.569469249584391,0.449342149018522,0.63944282455797,0.577680408246789,0.506887256356561,0.393714985163817,0.64935874984126,0.30850997374703,0.473392884415647,0.643835355717898,0.692431822911625,0.626393121524662,0.814508936340451,0.638922325986865,0.373640338914855,0.569495890655594,0.305619797935147,0.390136623741993,0.507493568521105,0.462079384779091,0.514912771316045,0.585710651711526,0.494300374128604,0.0512496254251968
"T[Ins(C):R8]T",0.169920246542907,0.863870339456694,0.570393331411667,0.624756967156377,0.88054376804939,0.937763544066162,0.793791175868497,0.948129513143917,0.878817787124368,0.943355406322718,0.838742774281279,0.653955671080741,0.65680919975206,0.911290064979522,0.941680695342162,0.839463227075285,0.93180510962679,0.918306425259629,0.945035227225743,0.884299400765562,0.760456769092199,0.777170843613788,0.881915225957631,0.942405250258519,0.781790074122066,0.958371799823175,0.907243053178746,1,0.204509143213035,0.360346110034778,0.121935206344724,0.189079390154467,0.35851651570869,0.313272027963723,0.313093019270626,0.759369558412084,0.569475438974853,0.80197617414105,0.0947664065192563,0.599226263979207,0.371190528287819,0.167703064692722,0.136793412356472,0.15768218831252,0.224114995046603,0.298498415214484,0.28682908613291,0.681918014717966,0.640013007857976,0.709623214987205,0.561721411441836,0.390529660784955,0.73528602977168,0.372085561036687,0.191879263685611,0.517238377833581,0.412132746248093,0.493844350419637,0.506177107522548,0.681038658693397,0.656815162087871,0.759874246318291,0.559756184084555,0.845364122101322,0.474198982475456,0.526953759401643,0.709236868824026,0.597671364220221,0.766517564075865,0.715123454522187,0.651441001094172,0.544703784895274,0.76397744135179,0.467357260383537,0.618876693170069,0.762089520364153,0.797631181252108,0.753491840150854,0.887765158783957,0.759087252233533,0.525965405599995,0.712600129179547,0.464226892899594,0.543650544505393,0.652283968432557,0.610849741999389,0.655534355698255,0.717485619537258,0.63831132628215,0.0565401762767632
"A[Ins(C):R0]G",0.684694395763844,0.207530091085431,0.101067185365813,0.177522917120524,0.174356856420947,0.205643300886901,0.138020967239957,0.230162233436208,0.202836598694002,0.220147553740365,0.192232594815575,0.166624478312432,0.187521361039303,0.18729877097492,0.20980436435296,0.151005422448608,0.215977729382602,0.211646854578272,0.211155533659396,0.214879973569341,0.168449756434401,0.163526039681717,0.176159859793704,0.215215163228843,0.139222520722268,0.215777425001414,0.214291430869141,0.204509143213035,1,0.338472257018532,0.274626141797161,0.272448938000298,0.231537718237944,0.17636784984792,0.182986998883874,0.242300833603546,0.233906229303098,0.217147653952557,0.193889449893783,0.421606663888775,0.371659477290864,0.183145277604943,0.228828790260571,0.128637787102915,0.152295330098561,0.181553565799357,0.131135305810703,0.198189412838257,0.223184786190843,0.198649703237962,0.390348928467965,0.467613612677069,0.493771633767568,0.163633996000385,0.231937380964668,0.240556461747285,0.173375935920373,0.152841917489845,0.18846991113575,0.204930086609223,0.216994124510623,0.206545213555949,0.0802611544048955,0.21618390602637,0.0537499848745115,0.0684977932492234,0.122399065197364,0.0878406057792604,0.139699503057911,0.121387201797942,0.104651462258604,0.0730479754955981,0.147656132304926,0.051509578792455,0.102460502721283,0.161852084137336,0.153198212320967,0.13761551805728,0.177961600853094,0.132983427056014,0.0671835087567956,0.138518708535272,0.0503968087381457,0.073793495996682,0.108822838533632,0.0936889587323525,0.10516365282912,0.125101982006955,0.0979069555290881,0.680147662054486
"A[Ins(C):R1]A",0.352101105320683,0.333637368866533,0.215287661989758,0.243627368272327,0.345339090834355,0.360324661678906,0.311471045933418,0.359620816621918,0.336563868582398,0.352259032754571,0.315159678873846,0.249424869820413,0.26344002216872,0.35244991514855,0.356933714029551,0.327841970351913,0.360352473300278,0.350789158832702,0.359354709575238,0.33832086530066,0.2845917073512,0.287656385960226,0.343100281038979,0.360994825066769,0.309254115406374,0.361691534293006,0.34299382549251,0.360346110034778,0.338472257018532,1,0.716435710072855,0.905597466141971,0.824647670483405,0.377705441994377,0.858005472369096,0.461624825400729,0.320191812575798,0.50881774235173,0.068991062700049,0.298883598821679,0.273265975216742,0.717294773568012,0.478197287426974,0.859949475506193,0.772236554824555,0.384987757426375,0.819942538194698,0.451078482462408,0.299521535584325,0.531233794845752,0.331852024003012,0.256822160784026,0.441074928849996,0.855927947294637,0.60675291747629,0.801868320292871,0.819664452282978,0.48206934763116,0.794616586963568,0.533516766361082,0.357311707834131,0.558327322160354,0.239384821210516,0.323730121496462,0.204936559372862,0.223039759696758,0.279545271785617,0.247756498441616,0.305424310797848,0.288596385233013,0.265251847322426,0.233966485330271,0.315297801677018,0.201502877980524,0.258426629179479,0.303759516127498,0.322208933326286,0.302266126858428,0.346179554446622,0.302575394666121,0.222778811814449,0.304377395943867,0.198971021720887,0.230133655908706,0.266667222178688,0.253546235401864,0.266872774172904,0.287261066453127,0.261062047573966,0.306732409476917
"A[Ins(C):R1]G",0.16730362106563,0.108843266126723,0.0673256509242988,0.0859878389441833,0.132439640657324,0.124050277874781,0.130313495203233,0.11220688627406,0.103693896479194,0.121866387365418,0.105682061805893,0.106843061925804,0.0890327448606534,0.130365369233449,0.120203658198835,0.129618546026957,0.114992715930586,0.108185758319673,0.122355382668458,0.119121931531238,0.0979434710056991,0.0977035931253701,0.131099475441824,0.117998170909808,0.132224748533201,0.116184753997658,0.111938601156807,0.121935206344724,0.274626141797161,0.716435710072855,1,0.731310001436096,0.658826961582104,0.332628470845892,0.693725775162352,0.280460069392771,0.234095908166472,0.319259059505848,0.0695107300557367,0.272525150697517,0.248926326780346,0.618399916550095,0.480838658777727,0.737398030902544,0.677721455962683,0.335304307198694,0.683087992233695,0.304381151857064,0.174574410936597,0.361654492691828,0.198892352145781,0.302896270965443,0.188562158217971,0.691588976744551,0.578524699547641,0.620367220195698,0.65763651200179,0.374740679624896,0.611072401554921,0.396163819822234,0.249881544889776,0.369249372907261,0.128185295744846,0.127526795099598,0.116510031918454,0.120550190824248,0.131423081100074,0.124338170507609,0.133321205753013,0.128942935096419,0.126182621470515,0.125381894600441,0.160234524962347,0.114247963821374,0.131022029047387,0.132366026097083,0.137926199972498,0.130751760919679,0.129811004311677,0.132388075551432,0.119223009111607,0.153644679618967,0.112246527659144,0.123308163502362,0.134529417938512,0.126280569489385,0.127094057080817,0.130010262570389,0.127168957892309,0.187496409471329
"A[Ins(C):R1]T",0.291442395824149,0.162078540042164,0.115180745290715,0.124272624686835,0.202392162762321,0.19597106332754,0.19811977765291,0.177885913019966,0.160131974345406,0.178457321185232,0.156189759265124,0.129038357785949,0.126294212777404,0.202137790047998,0.189264183793725,0.197906569038449,0.179773789861992,0.171916457139215,0.181437990502405,0.173653159870904,0.135532872742337,0.147336393650256,0.20366197256901,0.194638038506251,0.197458416948388,0.179733574991436,0.167450384989361,0.189079390154467,0.272448938000298,0.905597466141971,0.731310001436096,1,0.802051895081428,0.327150806701863,0.856337753365356,0.343458765420975,0.217563318208469,0.383249975336417,0.0413968029015759,0.159227958206494,0.187467417923102,0.728324060562742,0.47803389805963,0.892383339778639,0.781230010018615,0.350228668993349,0.824693192817452,0.340417076241203,0.185107325692416,0.425704547635747,0.209480767053484,0.158719807746477,0.276123511920917,0.850112469003259,0.60090299736729,0.76333019139067,0.804450914121928,0.427100920614604,0.76703475717243,0.451849306355613,0.251878803666117,0.458796981697623,0.177331796321671,0.176087853342899,0.161144692768012,0.168810764015021,0.187181629695945,0.178219944604871,0.200041908907541,0.189819852538994,0.186155153708924,0.174442272229614,0.201540280693591,0.159043739647971,0.186421046665189,0.197048181266605,0.207172575206094,0.19840817064633,0.197589932883194,0.196968811613765,0.166258280486453,0.205049881438082,0.156664578246107,0.172049475105032,0.185634660857837,0.182260400026309,0.186510111584602,0.192975556661125,0.184052973528099,0.276859437769689
"A[Ins(C):R2]A",0.169607239466108,0.31678332161507,0.222586978308129,0.236444683945973,0.338269018112842,0.355272169209334,0.306495008285181,0.351651424067398,0.329660408008493,0.348696642428482,0.30515716594501,0.227245065429531,0.252661075849613,0.351557540711966,0.358053082584256,0.323662010441326,0.349326811021186,0.337653013152179,0.346797753805085,0.342962427746005,0.283829682483678,0.288408073416204,0.342711688958797,0.361150486848248,0.307280189149808,0.35776778982289,0.337084145041295,0.35851651570869,0.231537718237944,0.824647670483405,0.658826961582104,0.802051895081428,1,0.43528863580244,0.821305264244704,0.525101280887043,0.414931885331141,0.557778120588935,0.0753666112369268,0.340778520670711,0.300589542022176,0.681529264733974,0.505166611496581,0.806077493015492,0.763794043265684,0.461538136272868,0.797017759773768,0.513713390933344,0.359747276506079,0.572287364685965,0.331846183058059,0.309903211454436,0.362401928000647,0.816729106004822,0.59006327234814,0.759794536378735,0.803577278978398,0.500144243238112,0.782098927990828,0.589090645669087,0.429889275107411,0.586420618901534,0.237483247238303,0.345696158112155,0.200333069141998,0.219784734142594,0.284218099434024,0.246152272855155,0.307951643116159,0.284424599694051,0.265113778137468,0.227953988190537,0.329414320565356,0.196308114991159,0.257430032388837,0.312100184732312,0.321396778825137,0.302933692582361,0.335166540953896,0.300684287060367,0.216209313753884,0.313212145815456,0.193014189902434,0.227615726477239,0.270131291669177,0.250689499149385,0.2655388745886,0.285838729194301,0.259262763791151,0.122844970007573
"A[Ins(C):R2]G",0.0809336981188557,0.290205940045535,0.187912679454995,0.229078748854781,0.27495780010354,0.307757883108215,0.235303094214602,0.317230586418332,0.313635380963748,0.3057246546193,0.302854509918169,0.24355550169286,0.267011384428055,0.285157547437329,0.313903173625946,0.258271004714469,0.331973620872393,0.32653893821337,0.322307972877594,0.284267386710654,0.26611645684686,0.268376100645004,0.268978623110934,0.304221721569142,0.227542968379981,0.320925367359373,0.305777791557482,0.313272027963723,0.17636784984792,0.377705441994377,0.332628470845892,0.327150806701863,0.43528863580244,1,0.400906031256525,0.424385951872068,0.425515054240135,0.443745011659517,0.133377014196681,0.367462873276197,0.317629809343052,0.364885264436038,0.315675721063433,0.354412073795846,0.417402075512838,0.379143381720555,0.382886168723512,0.474993287420213,0.425048382154102,0.454182199947808,0.306681180159707,0.367879916617831,0.313953306693081,0.375762762259883,0.32666241946484,0.385765864167099,0.391943485763373,0.343423972081148,0.401886031727265,0.440855120395895,0.451285606452372,0.404063601728196,0.16286265653802,0.345408438766502,0.120935001347513,0.143189633702318,0.230436081502825,0.169182982725082,0.223840581128998,0.207287299901908,0.180611287344949,0.152153175764214,0.300193459955978,0.117720380027119,0.181838645431203,0.254673123140264,0.254999834168239,0.220222518308539,0.294593530580772,0.227430609975526,0.140729974999077,0.254080622426168,0.114881575806918,0.150375790031367,0.197726197673223,0.169112872112901,0.179626652933222,0.205879967844844,0.178366368909497,0.05451002171403
"A[Ins(C):R2]T",0.139719888629038,0.265867980710255,0.185937509832769,0.200580264738632,0.324243618168435,0.323361415060016,0.308235282411416,0.297225541783972,0.270401506485129,0.302219583865246,0.249683545471899,0.188888829603206,0.207830314065524,0.326445455972552,0.31457323777592,0.310983790355419,0.299404649455318,0.288146802265325,0.307264698556781,0.291866754497943,0.237724396196121,0.229200705244587,0.325268168813192,0.320038568724599,0.306275170567579,0.305113864358573,0.291860703257372,0.313093019270626,0.182986998883874,0.858005472369096,0.693725775162352,0.856337753365356,0.821305264244704,0.400906031256525,1,0.470761418735898,0.322365852881153,0.499876982097671,0.0700715158015156,0.264513325072398,0.240482705382971,0.724611397663647,0.501288279523503,0.868398064959127,0.790588032839566,0.414778956001244,0.846970241052563,0.458635165626398,0.301186393526661,0.530765090634809,0.264264298843646,0.237311461674002,0.301808288591398,0.861285624536285,0.615365502528528,0.78998748018604,0.832394169001632,0.491876841306299,0.80556898644395,0.559094239286934,0.365976196078951,0.561011085162759,0.260923916024798,0.292876226089861,0.23202528156708,0.247175007769998,0.285349589274724,0.263184038859179,0.308087345635252,0.290189440283465,0.277207324120527,0.255113930937862,0.3133773190296,0.229227668214213,0.273190037095197,0.301107450011063,0.312642482713915,0.30384180431047,0.314207566658854,0.300853626183313,0.244839572160157,0.308781553986655,0.225908298997836,0.251978588067316,0.280495546823487,0.270123189900008,0.280374445203301,0.290348063999332,0.273212143356612,0.101801608398
"A[Ins(C):R3]A",0.165714423952655,0.635843922709747,0.479188409380001,0.480418052566682,0.772065296302094,0.773286305873883,0.731288252614282,0.722652982619681,0.651207198062222,0.719036592496955,0.568443726675907,0.468140179379919,0.455665417594595,0.778292657654136,0.751263043369946,0.730448088707128,0.707374564589004,0.674738794837006,0.733893767985036,0.694487093086669,0.574597950839876,0.584745414573523,0.783562611865986,0.772141021749095,0.722520917633835,0.752555081735914,0.690475505804518,0.759369558412084,0.242300833603546,0.461624825400729,0.280460069392771,0.343458765420975,0.525101280887043,0.424385951872068,0.470761418735898,1,0.605864099784504,0.816761234863795,0.229592971459742,0.5127769221388,0.425728989190146,0.381455625055262,0.321405214983085,0.33476782005917,0.415427440577376,0.46088130609836,0.447864585463827,0.724249034857806,0.590202867541074,0.705202853875576,0.520822005541744,0.413211283884681,0.606124022415348,0.520857730979481,0.334132569769326,0.633954954034161,0.545793800164249,0.555092861663781,0.615616948481698,0.778246470382442,0.635062516410342,0.775930842945082,0.594986695571153,0.721272958769293,0.523337011420907,0.56282535173728,0.683790360370449,0.609059009536114,0.733646176809591,0.684551280648547,0.639342542922848,0.57373270048779,0.704852329383757,0.51832714162338,0.628352299181839,0.698564902123751,0.719241219529154,0.717706419532702,0.73259161177519,0.70109837665778,0.559795011856745,0.698738304699546,0.514950902218237,0.576593527870126,0.652674496125695,0.623343923521505,0.656053571558157,0.682789940254664,0.632633037189264,0.0791696561984466
"A[Ins(C):R3]G",0.109687272711786,0.516000198880979,0.300541640287752,0.411760176178754,0.477940166793158,0.546429545413302,0.398103718898427,0.59121530349725,0.552021868898002,0.568135562459597,0.499912563433602,0.426113938214336,0.392432920835096,0.521782260602584,0.571871699012684,0.455848341823484,0.59324647984583,0.578565565528638,0.586249139628557,0.51739482106213,0.452830018989018,0.464157114185704,0.486353532058132,0.556699411595537,0.396765743262334,0.59219142189901,0.546863551123161,0.569475438974853,0.233906229303098,0.320191812575798,0.234095908166472,0.217563318208469,0.414931885331141,0.425515054240135,0.322365852881153,0.605864099784504,1,0.653135036934475,0.117436474045109,0.553821168160462,0.444245409817473,0.258590795864775,0.330964576874793,0.252210146337613,0.327301068525873,0.52676991630207,0.35056132186531,0.697433808777805,0.714441855679903,0.684128517642613,0.402352910277994,0.46624586672859,0.49982369827777,0.297522254152553,0.256540066238176,0.389746145567612,0.381016578458481,0.476067937949774,0.417738042164072,0.648461005904094,0.721825559425437,0.598446516862688,0.250324677254859,0.685281259518424,0.178100298332956,0.216231760813089,0.411382757479152,0.276007273788667,0.394413581928445,0.358920259634891,0.304737245543893,0.230901111796507,0.532700294948294,0.171010069832918,0.297658566981298,0.450693504163866,0.440971377999476,0.388655581589121,0.509432754920152,0.395814252769484,0.212264138952124,0.430227347964561,0.165817007138491,0.231291479444965,0.330031237439437,0.274080330480092,0.300851936549124,0.367051809445144,0.287655851176409,0.0397443158300758
"A[Ins(C):R3]T",0.161720380606635,0.688062745197798,0.486539114739937,0.534530485476916,0.745886350348402,0.790841870360558,0.674540252120872,0.782801328195453,0.727176405238523,0.776971405133317,0.650837311172266,0.523389745899329,0.546585318691602,0.772810545505598,0.788467435148181,0.69794005084667,0.775623281215728,0.755162228323403,0.787732906767142,0.737867669037572,0.629795488330932,0.651537031225773,0.756287280698522,0.792091291314613,0.667429235292923,0.806106961965374,0.749186964281188,0.80197617414105,0.217147653952557,0.50881774235173,0.319259059505848,0.383249975336417,0.557778120588935,0.443745011659517,0.499876982097671,0.816761234863795,0.653135036934475,1,0.117210845904235,0.564039540896632,0.391221023495339,0.355619237464258,0.289564877346439,0.374387905108267,0.42349921670586,0.4329406439978,0.474709928942569,0.728981393705625,0.664678282457895,0.774610104937393,0.507789014815248,0.403722534304852,0.657641156663546,0.531688387897362,0.341002334949083,0.621980331420547,0.561053874278097,0.568708979362778,0.622939370473265,0.767791613967212,0.715215181602647,0.775931815146547,0.491676042605563,0.77405728702469,0.410307196596956,0.453576042450612,0.622225593366372,0.51571498940553,0.663372083332969,0.609037341517219,0.55574356996373,0.470760020603723,0.700645237726642,0.404410022073229,0.534463396879388,0.65313990343653,0.675621011571305,0.648624074571636,0.734207684303589,0.642855983741925,0.452145516114202,0.638137940443454,0.399734008430971,0.471310190075303,0.573961095491102,0.527737477583028,0.563942709714305,0.614270197208085,0.544817826940662,0.0651516806015561
"G[Ins(C):R0]A",0.0591794039380677,0.100148117387561,0.0662735074678508,0.062116377346546,0.075077337083111,0.0824591250136515,0.0591910307653386,0.0903686022520726,0.0851730392063719,0.090271357300176,0.0868206474797759,0.0704663485083138,0.0717442434553535,0.0775809823725802,0.0901534744447909,0.0599912412320664,0.0796765819382847,0.0845770010602991,0.0857363889611918,0.109280829639665,0.0821699547690477,0.0823609284021628,0.0771910823380572,0.0849326085532908,0.0582301723772379,0.0976811874267499,0.0930774193737537,0.0947664065192563,0.193889449893783,0.068991062700049,0.0695107300557367,0.0413968029015759,0.0753666112369268,0.133377014196681,0.0700715158015156,0.229592971459742,0.117436474045109,0.117210845904235,1,0.168672125952683,0.225507679460197,0.523894097855418,0.305420374710451,0.156375171408685,0.154143741560409,0.178422989176525,0.0946220409374875,0.0959685672550478,0.0941020757846972,0.0945411394960295,0.117454408882177,0.149499108719797,0.100145701497493,0.0640536584734163,0.059998870645708,0.0820349416934463,0.0758561139845015,0.0693595021060219,0.0698872945480298,0.115583165623949,0.0892919440550934,0.084415104590124,0.0394382216943062,0.0738682575566395,0.0258251109126482,0.0353751267961574,0.0557030673650378,0.0349328798276937,0.0668996132993184,0.0477733099476851,0.0417852867094846,0.0310190046823501,0.0774269077714072,0.0241068555655464,0.0435399629328511,0.0659919058485571,0.057541732962361,0.0599122396871399,0.061853410272293,0.0483304678046122,0.0296443006461647,0.0588219850752976,0.0238329410539888,0.0396332178332342,0.0602478352122732,0.0405546672259762,0.0500437244390513,0.0560897658633118,0.0418445432949017,0.0464847586085337
"G[Ins(C):R0]G",0.116470852884763,0.566068092508926,0.325242282467667,0.382965188045743,0.520216115824347,0.576815081179547,0.444002607296235,0.610972283568943,0.581567474329144,0.604359386680928,0.540247533271257,0.453687471368178,0.426556332457249,0.546352027909423,0.588074331544175,0.49233971188487,0.60559526713366,0.602967105910715,0.60591663790194,0.560017609990842,0.470554247709771,0.489285011716878,0.514654450943413,0.581790895360874,0.444901405932557,0.60050854687193,0.5892298124748,0.599226263979207,0.421606663888775,0.298883598821679,0.272525150697517,0.159227958206494,0.340778520670711,0.367462873276197,0.264513325072398,0.5127769221388,0.553821168160462,0.564039540896632,0.168672125952683,1,0.516099680700627,0.221667874931581,0.350873596571777,0.191721746691433,0.276542876595868,0.368921440637985,0.266224973888448,0.52714175536512,0.526027876001378,0.536453061294066,0.557150956237128,0.7592839180605,0.533936168487621,0.28946988223338,0.375094936048243,0.398374327831145,0.340514487421774,0.38344417573506,0.368241154312546,0.525692967202821,0.550222793739044,0.506266528118414,0.29742268471509,0.563573477860952,0.235835404311282,0.268979694671428,0.403059201790823,0.319771068398917,0.42440449637558,0.401881150469939,0.349264710692518,0.285358435034223,0.495419541162686,0.228759887326584,0.335668092954983,0.457877069459563,0.462300069775131,0.418409903946454,0.535812329940069,0.421832026768766,0.271893850140949,0.431292001958812,0.226417137596851,0.283831015773322,0.364596739594698,0.321504668858516,0.349377278459906,0.401841147091267,0.342824139159319,0.0436675866388914
"G[Ins(C):R0]T",0.309586233492299,0.372226069593481,0.249642996657457,0.25973876000212,0.348401302859398,0.360446834270686,0.323897884046649,0.351477302124368,0.335146619058243,0.361675424515846,0.370226749495908,0.307180509455912,0.230727090929806,0.363389832634616,0.375403271449166,0.353154739747861,0.36280801660748,0.355993830973275,0.365667563043835,0.394891980603723,0.321856089489315,0.346403931060803,0.352152730695674,0.367305821568079,0.327058789032586,0.363770752126582,0.354968931173602,0.371190528287819,0.371659477290864,0.273265975216742,0.248926326780346,0.187467417923102,0.300589542022176,0.317629809343052,0.240482705382971,0.425728989190146,0.444245409817473,0.391221023495339,0.225507679460197,0.516099680700627,1,0.231263223997352,0.328695972600584,0.1770768977546,0.241784241352059,0.37103434155703,0.248975940083399,0.415619429230463,0.402268847912406,0.413367006123283,0.50440041873099,0.544419999021398,0.440561354049508,0.251590697655596,0.297897549581845,0.360193820314532,0.309022273570771,0.328920082853167,0.419232446481591,0.51255177632646,0.460247939430021,0.523391000014674,0.250468687992701,0.339433438181537,0.21614967418926,0.241738417140566,0.314281700719665,0.278860668667317,0.33796682735119,0.296769295199199,0.307797125909728,0.240247335310909,0.357128799930513,0.21089444534766,0.294510641968573,0.33613442407092,0.36950397522907,0.336693829064064,0.375351072383422,0.345356743901591,0.231490042935442,0.331249814361985,0.208169168917104,0.253858111670199,0.28940428395783,0.275803840031502,0.294544174408677,0.303338969433108,0.301346887184535,0.173303461631215
"G[Ins(C):R1]A",0.0668266381832625,0.15033318233345,0.101342723755882,0.102175748875396,0.167200267555189,0.169333728790455,0.154746272918067,0.162446136302284,0.158675037657292,0.160181809495936,0.144394667818009,0.123807125684653,0.116619966662292,0.169740205031434,0.171561643942075,0.158788301254061,0.160591581502188,0.161846649523178,0.167374847117807,0.155586834061468,0.138264022676692,0.132955590710516,0.169112975100628,0.170895142870539,0.154370367275617,0.167377141183652,0.156693014067052,0.167703064692722,0.183145277604943,0.717294773568012,0.618399916550095,0.728324060562742,0.681529264733974,0.364885264436038,0.724611397663647,0.381455625055262,0.258590795864775,0.355619237464258,0.523894097855418,0.221667874931581,0.231263223997352,1,0.570187950434064,0.819735389025761,0.742226683886781,0.389768859174806,0.734531694319445,0.34265521806688,0.203166539966752,0.394744624928581,0.17369535703575,0.209849241969426,0.165453122404934,0.719159214187843,0.524072839534467,0.63387219915316,0.693148154266985,0.377440622659343,0.643599198877597,0.421658910152105,0.247965780193983,0.387731404139977,0.133360928320451,0.165904838296071,0.114408106486946,0.124168058382851,0.15057722396431,0.130201441748247,0.158816538884447,0.145802092190424,0.136213286149564,0.128037031997663,0.17793543241045,0.111875048914652,0.140046115075489,0.161522331676037,0.161453682511181,0.154236009972145,0.163079290620952,0.149652090971199,0.120148183158724,0.168499378677553,0.109754595794142,0.129028383998041,0.147168646918125,0.134219682035545,0.140963009047237,0.149276092109185,0.135595938691981,0.0556921662435421
"G[Ins(C):R1]G",0.0231568016852539,0.124251278857715,0.0697355051756392,0.0740066044722812,0.128601405593439,0.127061875741834,0.119564476750539,0.126018121760228,0.107807170246109,0.12514830946147,0.112106343890071,0.100707957225425,0.0959775918032048,0.12907219718677,0.126912606702941,0.123242675356316,0.120084943011486,0.122192380480014,0.131552433556105,0.126670424170732,0.103389841138277,0.116171422578125,0.12851963867128,0.12901034095646,0.120188715592289,0.124207347065424,0.117839532845171,0.136793412356472,0.228828790260571,0.478197287426974,0.480838658777727,0.47803389805963,0.505166611496581,0.315675721063433,0.501288279523503,0.321405214983085,0.330964576874793,0.289564877346439,0.305420374710451,0.350873596571777,0.328695972600584,0.570187950434064,1,0.560681386818447,0.552451075991283,0.420124297693816,0.532751904466325,0.31895719533855,0.259787139788855,0.33391600874319,0.193571612861727,0.412463438301214,0.139577148367852,0.490641626152928,0.489463291114746,0.458151123673627,0.510449315013481,0.31787261933953,0.465790606262734,0.399581498544579,0.284533747976368,0.321839446103095,0.112824360119009,0.138442801085906,0.0974878240151352,0.103377272151556,0.125435471743997,0.10827394428432,0.128694830299202,0.116611863975713,0.111657997111122,0.107298788666722,0.158066188629709,0.0941451535257689,0.119546586133818,0.134338365316886,0.12938175151388,0.120572942269845,0.124765809110413,0.118075362925836,0.100588176076372,0.1499855357659,0.0923496137675672,0.108738795107887,0.124605526450672,0.111122025696191,0.114276126449248,0.115496373360433,0.109912879587154,0.0165593784629277
"G[Ins(C):R1]T",0.0508701681481841,0.138823672670645,0.0808672745662092,0.0924597160945208,0.167481849934906,0.161895341808273,0.160591412004268,0.150971042615821,0.143503847236074,0.151736079062997,0.132580046600983,0.115723814706997,0.0968167846468905,0.16799156057476,0.160826516415219,0.165073672435821,0.154265154237394,0.14725652911672,0.158755659587131,0.145344513832875,0.123110001298153,0.125845454395591,0.166455976926906,0.160826538147953,0.1607727536298,0.150820281746214,0.144017178141805,0.15768218831252,0.128637787102915,0.859949475506193,0.737398030902544,0.892383339778639,0.806077493015492,0.354412073795846,0.868398064959127,0.33476782005917,0.252210146337613,0.374387905108267,0.156375171408685,0.191721746691433,0.1770768977546,0.819735389025761,0.560681386818447,1,0.834744063659565,0.3835385794804,0.868892995865416,0.356373643995537,0.19895642454757,0.44816062850514,0.150935320710544,0.185062081454026,0.153271448452361,0.862759616020255,0.63243589590694,0.752713269428653,0.828009881159717,0.435698657338919,0.765974524995107,0.463833641643384,0.260885809344326,0.43886941906021,0.147925774259622,0.163018886694508,0.132833379098483,0.138853983004407,0.162123498723797,0.146493874555081,0.161640042253628,0.155627284286861,0.149603326586397,0.145464145262196,0.18649550154876,0.130380711723979,0.151432209187305,0.165953274461375,0.169743910962203,0.160235563048414,0.165872855101685,0.160130743186603,0.137086140279021,0.18290024470082,0.127488829724648,0.141458442163125,0.154932761403626,0.147390658573493,0.150687314571816,0.158015533217908,0.148407799533747,0.0364046409511815
"G[Ins(C):R2]A",0.0396675555581704,0.190218843860909,0.140326056387231,0.125506152383934,0.235601925750504,0.231490886325852,0.224457407941443,0.214612830627223,0.201582289230156,0.216708377703426,0.187580665994517,0.15734483040413,0.145651142386787,0.235751710608937,0.223983122872442,0.229373252554007,0.216640013826114,0.218627312052404,0.223587591734507,0.199840159493551,0.171609042718326,0.180555249645685,0.2362916124609,0.230582931507245,0.225537537964176,0.218355889328365,0.201487713428494,0.224114995046603,0.152295330098561,0.772236554824555,0.677721455962683,0.781230010018615,0.763794043265684,0.417402075512838,0.790588032839566,0.415427440577376,0.327301068525873,0.42349921670586,0.154143741560409,0.276542876595868,0.241784241352059,0.742226683886781,0.552451075991283,0.834744063659565,1,0.433333537435628,0.793979618991288,0.42468677336574,0.278814983338864,0.48252014661717,0.232534914075986,0.285012634657357,0.193905034838053,0.795373198775032,0.61477878971777,0.719468534484233,0.771483663871545,0.467730676240019,0.732329118459786,0.518527035342182,0.336439790956314,0.484685673342051,0.201065428495263,0.233684543635689,0.180008471185805,0.189262746984258,0.221191552981543,0.200438839725885,0.227768308381853,0.216088129460326,0.205725736395465,0.197123926492973,0.251471649228794,0.176906386039343,0.209141237377062,0.233610019082157,0.231762088772855,0.224111129392342,0.231333282779198,0.220716098111245,0.187508348745644,0.247095974968423,0.173865371788531,0.194414436910044,0.215663352814296,0.203489665602364,0.207703474926289,0.216708570019894,0.205025353465039,0.0180965959132418
"G[Ins(C):R2]G",0.0657624255729685,0.259267507714218,0.187894166047349,0.200984722725361,0.291089924695656,0.302796770391903,0.266959922055775,0.299088074857289,0.26362289967741,0.289680647416633,0.259225400661459,0.205307449569903,0.207415726975276,0.297958163519641,0.304477036450944,0.283398058582261,0.297566423889024,0.296428796049791,0.303631752184706,0.275284631378433,0.24558756283607,0.22039326539793,0.296264482030449,0.300350490616984,0.267504359218026,0.288358151790346,0.278574139679042,0.298498415214484,0.181553565799357,0.384987757426375,0.335304307198694,0.350228668993349,0.461538136272868,0.379143381720555,0.414778956001244,0.46088130609836,0.52676991630207,0.4329406439978,0.178422989176525,0.368921440637985,0.37103434155703,0.389768859174806,0.420124297693816,0.3835385794804,0.433333537435628,1,0.438646835697723,0.486870230400311,0.42526342411051,0.4510702600939,0.282713967870262,0.368346422876338,0.294098027794186,0.38470476776134,0.367692660213621,0.435549798848132,0.438638235812305,0.414395762647223,0.438565102953614,0.52069221114377,0.485085950489787,0.443198606608843,0.226296407126926,0.331479344560403,0.190591565825492,0.209132325515456,0.277419775467361,0.224993012074931,0.27122234739606,0.257390223027783,0.236203970932256,0.216735244811074,0.332928880831786,0.185497371949158,0.244050053569573,0.30662366987513,0.28400646328518,0.266836107808421,0.286136494712627,0.265350703688792,0.205879651785282,0.295729189789419,0.183581750732432,0.214860327959432,0.259487968890117,0.230859065800519,0.24067148726122,0.260996061584549,0.232444600295888,0.0434890170293681
"G[Ins(C):R2]T",0.0459748282114505,0.24030678445241,0.135041282899389,0.164211534695041,0.306095576830289,0.294931400771194,0.293521020518563,0.261867227869718,0.231913057834786,0.270074531153671,0.234084646599151,0.200331768045714,0.165673056108225,0.307447636898646,0.288938928173769,0.302439367590017,0.269999886802768,0.253164568558022,0.281458521756229,0.254197963797217,0.200145829710565,0.215706502594006,0.307279843170338,0.290940371300716,0.297418548665257,0.265816950818254,0.246115304095504,0.28682908613291,0.131135305810703,0.819942538194698,0.683087992233695,0.824693192817452,0.797017759773768,0.382886168723512,0.846970241052563,0.447864585463827,0.35056132186531,0.474709928942569,0.0946220409374875,0.266224973888448,0.248975940083399,0.734531694319445,0.532751904466325,0.868892995865416,0.793979618991288,0.438646835697723,1,0.472191829048468,0.307819549398563,0.539418386268449,0.233938343116708,0.254852568022167,0.241038298372247,0.845606819863308,0.614442058884055,0.777519177650244,0.84068950431798,0.509856127849452,0.7996498928093,0.572228192722442,0.372235360523064,0.558847022847101,0.266099357146018,0.290812358494328,0.24234247033496,0.255718366883697,0.297596058656109,0.269478173029156,0.301958896614333,0.290025708689432,0.279387871374654,0.260583908406634,0.327529697259387,0.238597055485276,0.277713405198772,0.304967108893683,0.307131294997067,0.300899415121312,0.29937747567171,0.298130831391174,0.251168543556391,0.315220217105587,0.235050906744143,0.259389923940251,0.280318793773041,0.272818953092657,0.278638832123271,0.286805395290923,0.275102219968935,0.0215011799114734
"G[Ins(C):R3]A",0.12054548689017,0.584168158007513,0.375071278602712,0.420016040893962,0.650124067908039,0.683329089822421,0.586703374638092,0.677809084261251,0.619678853047502,0.664556952800072,0.58136496400262,0.449932301462898,0.466854954195063,0.680158864811018,0.694651635678511,0.627618175940281,0.690557053319884,0.654332324836644,0.68058025547521,0.590161408819513,0.520482839065671,0.527456027391071,0.656450801879641,0.687294234495279,0.582635854650628,0.685987340773268,0.630400270446414,0.681918014717966,0.198189412838257,0.451078482462408,0.304381151857064,0.340417076241203,0.513713390933344,0.474993287420213,0.458635165626398,0.724249034857806,0.697433808777805,0.728981393705625,0.0959685672550478,0.52714175536512,0.415619429230463,0.34265521806688,0.31895719533855,0.356373643995537,0.42468677336574,0.486870230400311,0.472191829048468,1,0.677677558613681,0.757835879856935,0.466510836367188,0.44632036497132,0.595262100213225,0.461968146610158,0.341626489137963,0.563485315088359,0.524101972096796,0.538424836381264,0.564185903952292,0.749895035124508,0.705834598550833,0.711029558348339,0.440217807949107,0.723615314267374,0.365637767491332,0.407964912426934,0.583663909145965,0.466437409180094,0.575029777248967,0.546423803721682,0.498427412114812,0.425135626614009,0.650410600728533,0.358999661934091,0.485949364795142,0.618783018987131,0.620740445044086,0.57603128113017,0.677985406834567,0.581676753669908,0.405040947681137,0.582987727733903,0.354374501668277,0.422559379087976,0.51390402658797,0.468711383122992,0.493788095003972,0.549494157356107,0.479492689930416,0.040030150827178
"G[Ins(C):R3]G",0.121671206281169,0.542167242304831,0.336700984064854,0.455696429766433,0.536677060357398,0.630034523566778,0.440808024305509,0.665031249494619,0.601676025831124,0.644010663857065,0.563678813259103,0.425215342774621,0.465434356302548,0.585444494140818,0.648208998934223,0.496129742295826,0.673483417917877,0.660010844490665,0.659917917327491,0.539796161209936,0.479582318466277,0.459674749398128,0.53976028720312,0.636348506398134,0.433456392938716,0.676153671549341,0.634094514347111,0.640013007857976,0.223184786190843,0.299521535584325,0.174574410936597,0.185107325692416,0.359747276506079,0.425048382154102,0.301186393526661,0.590202867541074,0.714441855679903,0.664678282457895,0.0941020757846972,0.526027876001378,0.402268847912406,0.203166539966752,0.259787139788855,0.19895642454757,0.278814983338864,0.42526342411051,0.307819549398563,0.677677558613681,1,0.697215240135895,0.398875985759774,0.409694461579659,0.579394838537516,0.282064085492436,0.214114292601142,0.3640952695179,0.354004412596323,0.441696778213206,0.391420055967586,0.606177315989397,0.739114655052662,0.577006506060501,0.247100041575439,0.741634836283999,0.159932503910337,0.21047992743915,0.422787152525126,0.274274590687019,0.417685270467673,0.37837473423747,0.31534488264442,0.230213051049211,0.554461683275329,0.154456249267154,0.303535722430414,0.504327359721184,0.48905293189675,0.415146195593118,0.60040710098462,0.430410426459914,0.207440601014616,0.439430148246147,0.147533959090842,0.224546132805186,0.338692682581959,0.280651254662549,0.310489097635021,0.385434718769576,0.292433215095914,0.0373515406663682
"G[Ins(C):R3]T",0.11333814981645,0.608129346634587,0.405705652210064,0.448695462484,0.653235412573152,0.696549469610872,0.587267205735827,0.69605317621043,0.63732543936434,0.683291096883453,0.622857670437216,0.508187014523757,0.491112232886489,0.689323956201054,0.71249432623759,0.633934010137543,0.703337184519153,0.689479804956481,0.717073093908577,0.630681841961842,0.557056749580423,0.565033200134122,0.662114937921534,0.693112371570914,0.58208786464355,0.70883533852951,0.657568671163363,0.709623214987205,0.198649703237962,0.531233794845752,0.361654492691828,0.425704547635747,0.572287364685965,0.454182199947808,0.530765090634809,0.705202853875576,0.684128517642613,0.774610104937393,0.0945411394960295,0.536453061294066,0.413367006123283,0.394744624928581,0.33391600874319,0.44816062850514,0.48252014661717,0.4510702600939,0.539418386268449,0.757835879856935,0.697215240135895,1,0.458276105196641,0.417044156129699,0.582779842659439,0.546413055149953,0.376396782057066,0.622257742385601,0.591587904175285,0.577266725038884,0.641908349007341,0.757597598192675,0.729470708068334,0.753305828203164,0.427474389547975,0.745724178014405,0.353607549764651,0.396774523048548,0.575892239724066,0.456527237180671,0.580138934440635,0.541367264233431,0.494708096080474,0.414144962377327,0.675992912755298,0.347923930769734,0.481119287556161,0.624563991665148,0.626343975507727,0.57343147893702,0.682831571970811,0.585061217222476,0.392443129184815,0.586636185956316,0.341555825670674,0.411461927670067,0.507644092888861,0.462312485222351,0.489476880940805,0.550082568734336,0.476123220368201,0.0307832731842544
"T[Ins(C):R0]A",0.301657815824736,0.525497686629066,0.338180461147249,0.362534464288357,0.549451694514374,0.554216011258617,0.513374533790282,0.540929135187926,0.515663219711309,0.561466221720347,0.513868665816617,0.426280278937817,0.3957046144191,0.56083804731882,0.558825710549598,0.544110229155975,0.549382181163088,0.542835153433645,0.552878562879089,0.546842224232151,0.441693446334898,0.465489951754027,0.548493447386838,0.555416434625048,0.515617270542515,0.546168535976943,0.530592960778396,0.561721411441836,0.390348928467965,0.331852024003012,0.198892352145781,0.209480767053484,0.331846183058059,0.306681180159707,0.264264298843646,0.520822005541744,0.402352910277994,0.507789014815248,0.117454408882177,0.557150956237128,0.50440041873099,0.17369535703575,0.193571612861727,0.150935320710544,0.232534914075986,0.282713967870262,0.233938343116708,0.466510836367188,0.398875985759774,0.458276105196641,1,0.478652571221099,0.570562944626616,0.328167498464425,0.253086212080044,0.456147878376883,0.320407354019289,0.37510020479083,0.42440671141371,0.526532092469584,0.454045289709047,0.567803939693966,0.405475279306896,0.499474947751989,0.362370739339626,0.391657702505071,0.468269710869486,0.433434625456919,0.506085330080016,0.480158265138928,0.466452122138754,0.398780793482806,0.50878667369181,0.356412174402056,0.447429046849341,0.51043917174191,0.535488923610424,0.504875423289916,0.555505434041392,0.512793138568036,0.388253076712904,0.487157710593707,0.355586613649514,0.403157071685739,0.452059782769696,0.435350116215486,0.459198255993983,0.484756997347529,0.459985688471691,0.205396593640004
"T[Ins(C):R0]G",0.110305856135717,0.365364350568957,0.234028670845787,0.24631018829136,0.367840560999135,0.381432708421854,0.335916462360886,0.381584866235615,0.367589163799499,0.378924924951854,0.357473587678781,0.306552082510075,0.264774563448499,0.37246102220264,0.373742451558234,0.355641711948537,0.379636646342645,0.375890004002287,0.38784375123875,0.366703020227368,0.313348919034741,0.332283409438565,0.362464413509116,0.380888537731903,0.336407622908695,0.376553543879096,0.365980384854418,0.390529660784955,0.467613612677069,0.256822160784026,0.302896270965443,0.158719807746477,0.309903211454436,0.367879916617831,0.237311461674002,0.413211283884681,0.46624586672859,0.403722534304852,0.149499108719797,0.7592839180605,0.544419999021398,0.209849241969426,0.412463438301214,0.185062081454026,0.285012634657357,0.368346422876338,0.254852568022167,0.44632036497132,0.409694461579659,0.417044156129699,0.478652571221099,1,0.38510472361031,0.269602410768796,0.4353002392534,0.366265498455667,0.318379929356445,0.329822639122286,0.330686681919208,0.461929419527611,0.42387848149477,0.418625634550846,0.271376292540708,0.374266158765286,0.236049177579002,0.254739085177966,0.327769983237536,0.282039351891258,0.331346425969452,0.314048494403891,0.294355995295262,0.261442039015841,0.368583679873481,0.231411022780652,0.293211933990764,0.354714492244514,0.35101681620131,0.330047538755139,0.373572942834935,0.329567555461422,0.253554019905259,0.349177696944089,0.229278606119797,0.263871755909,0.310310669184464,0.283023998959252,0.294454147826009,0.316784541622332,0.293258140249712,0.0708244264413809
"T[Ins(C):R0]T",0.564070662226693,0.654562446233966,0.421577850670943,0.501122315564061,0.675215912134554,0.750889515926684,0.584907651335513,0.771154399141486,0.693132409250257,0.74256052319437,0.636950872778373,0.476385023412216,0.544954671550684,0.717817230912845,0.76673231187823,0.634776989184242,0.785171822737065,0.734543028574031,0.761358756287867,0.665864669968307,0.567299569852224,0.541678802317723,0.675503199911503,0.753645719418857,0.569725123416446,0.774884751681524,0.73206233934442,0.73528602977168,0.493771633767568,0.441074928849996,0.188562158217971,0.276123511920917,0.362401928000647,0.313953306693081,0.301808288591398,0.606124022415348,0.49982369827777,0.657641156663546,0.100145701497493,0.533936168487621,0.440561354049508,0.165453122404934,0.139577148367852,0.153271448452361,0.193905034838053,0.294098027794186,0.241038298372247,0.595262100213225,0.579394838537516,0.582779842659439,0.570562944626616,0.38510472361031,1,0.312550993360272,0.192225031844823,0.453849989745793,0.346644724821973,0.378011486649097,0.41817800134261,0.551347951445109,0.57219680505906,0.603766346179385,0.367808816757956,0.686024688049865,0.280264187327875,0.335135014465433,0.497970003307631,0.403284402710735,0.553624331850661,0.518314289463944,0.45332278574004,0.357282123712466,0.579042904521669,0.276315996468503,0.427194739613438,0.576311320484807,0.610153147368817,0.548447317401441,0.71112103037521,0.565321592767077,0.338294195583073,0.505282740772354,0.274414640325442,0.35109290911896,0.449085935527862,0.411922592192204,0.450157425162539,0.51597901006996,0.43288995504585,0.460499930278382
"T[Ins(C):R1]A",0.0948988851276772,0.290476707255992,0.230274134175493,0.19695384886582,0.429792155233233,0.39773621989186,0.429908589889585,0.337086673890374,0.300886733836098,0.351639011452802,0.274614011236166,0.233950728660001,0.210201591150448,0.420015447825458,0.376648160151595,0.426515519110744,0.346357169078442,0.326320324569617,0.364665171305577,0.331588497539347,0.265199652445129,0.263825309028895,0.431348200406396,0.391687238896862,0.430220805739708,0.352165329116116,0.322835148133761,0.372085561036687,0.163633996000385,0.855927947294637,0.691588976744551,0.850112469003259,0.816729106004822,0.375762762259883,0.861285624536285,0.520857730979481,0.297522254152553,0.531688387897362,0.0640536584734163,0.28946988223338,0.251590697655596,0.719159214187843,0.490641626152928,0.862759616020255,0.795373198775032,0.38470476776134,0.845606819863308,0.461968146610158,0.282064085492436,0.546413055149953,0.328167498464425,0.269602410768796,0.312550993360272,1,0.637957540645271,0.862065648537184,0.870074274869148,0.52716276711305,0.854564599963975,0.611808719550385,0.361265308415408,0.615829922102574,0.395307893756572,0.345956203931461,0.36994940222036,0.384214452239857,0.4018353516775,0.400315784327891,0.432794768933414,0.416797319914643,0.413528174318799,0.391756989784646,0.405530198817194,0.367402315157537,0.406697619350818,0.41313044114453,0.430415498657752,0.428760662277411,0.405307473437405,0.426640504530685,0.382243680331054,0.428622923445634,0.364983521270321,0.389230574431573,0.407535079676852,0.40567028542092,0.415482348797669,0.418896291151303,0.409066456809993,0.051831829063545
"T[Ins(C):R1]G",0.0388212410219426,0.157201627679031,0.116899249326777,0.102214558557732,0.222708215742745,0.203640769394873,0.226044656123715,0.173404758873175,0.149573364649297,0.183535992459093,0.148328235736645,0.142308220453886,0.106796136513773,0.219902266680215,0.193698783981602,0.226061115639047,0.181522605796767,0.170130117012979,0.190401480455556,0.165245717155631,0.136403078969889,0.140188030390876,0.224615215380895,0.202357807906604,0.225415833402178,0.179531330351646,0.161026908150188,0.191879263685611,0.231937380964668,0.60675291747629,0.578524699547641,0.60090299736729,0.59006327234814,0.32666241946484,0.615365502528528,0.334132569769326,0.256540066238176,0.341002334949083,0.059998870645708,0.375094936048243,0.297897549581845,0.524072839534467,0.489463291114746,0.63243589590694,0.61477878971777,0.367692660213621,0.614442058884055,0.341626489137963,0.214114292601142,0.376396782057066,0.253086212080044,0.4353002392534,0.192225031844823,0.637957540645271,1,0.596027892187392,0.630845032958625,0.398442750778651,0.587501429340323,0.438481382447651,0.263302796723862,0.403170717287437,0.217694645653876,0.187176683959145,0.202984646392722,0.209671847082399,0.228366947727937,0.218571859791382,0.228676015356154,0.229058027193605,0.222542248152097,0.216452030635115,0.237820737810859,0.20049141691593,0.224548771000894,0.23009906493547,0.233073436048585,0.228791322958586,0.222198172917579,0.228406815691145,0.209131140660096,0.240840559436468,0.198640359083739,0.214304080587438,0.228075163750347,0.221141981783397,0.224990213505694,0.227271186318423,0.220144487343849,0.029476968993176
"T[Ins(C):R1]T",0.175168887766668,0.407345583199814,0.323929142072965,0.263221397113017,0.643020089574992,0.562006183748645,0.661090329981062,0.463469968453074,0.430797673053878,0.48279163262381,0.390786050517843,0.354928053357359,0.285143031124238,0.616295178896934,0.527239723867289,0.646435181948506,0.482435180094054,0.452945718418282,0.513787139592161,0.45652316502713,0.37068727570659,0.386358357887351,0.638981885459132,0.548113015170502,0.664690381232466,0.475831451531828,0.436202801598278,0.517238377833581,0.240556461747285,0.801868320292871,0.620367220195698,0.76333019139067,0.759794536378735,0.385765864167099,0.78998748018604,0.633954954034161,0.389746145567612,0.621980331420547,0.0820349416934463,0.398374327831145,0.360193820314532,0.63387219915316,0.458151123673627,0.752713269428653,0.719468534484233,0.435549798848132,0.777519177650244,0.563485315088359,0.3640952695179,0.622257742385601,0.456147878376883,0.366265498455667,0.453849989745793,0.862065648537184,0.596027892187392,1,0.839196151022026,0.629698031386459,0.859338276641385,0.743018090452459,0.474726851757584,0.741546676755844,0.646198244265597,0.498066950919187,0.619539401397777,0.634293925076711,0.649478095787492,0.650322896126856,0.665248952127237,0.658076950517162,0.65701250798381,0.640830752620632,0.632828534866688,0.616036964382481,0.658208211462908,0.646009802239156,0.656358470937462,0.66631221776292,0.60088097361817,0.659236422729204,0.63240458430731,0.66872201069717,0.613518509121148,0.640446115525786,0.658540863333844,0.653743608240737,0.659414286011304,0.663620900278587,0.657808762992804,0.118230821446626
"T[Ins(C):R2]A",0.089228329899115,0.344516210731805,0.239771166107436,0.239515217093666,0.451565346401855,0.423106716136403,0.443908637535688,0.377055344463917,0.343781975446208,0.388345086693193,0.323664282381359,0.268964376844734,0.248649348838987,0.446559755950339,0.409760988962683,0.441199861956253,0.379986765290817,0.35849318778564,0.402384437327588,0.377535886968522,0.296731150714687,0.312815914839007,0.452943420410163,0.423057358949654,0.445087540011753,0.393260839697445,0.359873785051486,0.412132746248093,0.173375935920373,0.819664452282978,0.65763651200179,0.804450914121928,0.803577278978398,0.391943485763373,0.832394169001632,0.545793800164249,0.381016578458481,0.561053874278097,0.0758561139845015,0.340514487421774,0.309022273570771,0.693148154266985,0.510449315013481,0.828009881159717,0.771483663871545,0.438638235812305,0.84068950431798,0.524101972096796,0.354004412596323,0.591587904175285,0.320407354019289,0.318379929356445,0.346644724821973,0.870074274869148,0.630845032958625,0.839196151022026,1,0.553422237583308,0.847080718155298,0.669235989345375,0.431466973916552,0.656180327862271,0.398106754393171,0.38913561131757,0.367577038501838,0.385202360766048,0.42843078047696,0.405969870272609,0.449727109516016,0.430650017883055,0.421710194418369,0.390845429855563,0.43847874433957,0.364102156265674,0.41463884774267,0.431129736797455,0.450448248587863,0.446519327634318,0.434065318951188,0.44202470947284,0.379942002909764,0.446818611625773,0.360774306593013,0.390628776791693,0.417305478735977,0.411641473348214,0.422589793563312,0.430113132226276,0.416876439348093,0.041990348381305
"T[Ins(C):R2]G",0.0728641051412174,0.388010205021959,0.27537441537133,0.274805477278795,0.555675662371249,0.509981127495412,0.554093388050404,0.442466230199327,0.417784462070094,0.462999251888787,0.390556926722238,0.349621424519368,0.292538418081739,0.548546410756656,0.496529093436479,0.557616268499619,0.458869066436412,0.447851429149557,0.487631059772752,0.440302522685026,0.387719475215489,0.38240123989572,0.558084785606142,0.506891555788825,0.558109784043218,0.463644750435841,0.413960722220482,0.493844350419637,0.152841917489845,0.48206934763116,0.374740679624896,0.427100920614604,0.500144243238112,0.343423972081148,0.491876841306299,0.555092861663781,0.476067937949774,0.568708979362778,0.0693595021060219,0.38344417573506,0.328920082853167,0.377440622659343,0.31787261933953,0.435698657338919,0.467730676240019,0.414395762647223,0.509856127849452,0.538424836381264,0.441696778213206,0.577266725038884,0.37510020479083,0.329822639122286,0.378011486649097,0.52716276711305,0.398442750778651,0.629698031386459,0.553422237583308,1,0.591545516840016,0.632511894351183,0.506335173607537,0.620872319506769,0.516989060565255,0.526105649874747,0.482992538703757,0.50099789372782,0.559011284122948,0.523959343057472,0.560816890192388,0.553453722573397,0.527560388198043,0.506113909773866,0.582314350211124,0.479856549232409,0.536147432112349,0.575135401047523,0.558671112654599,0.559344727669355,0.534016247984676,0.552579373866722,0.497689216477847,0.56685019868412,0.475829591475623,0.508917532651219,0.546655911270254,0.527666278979472,0.536349402574819,0.550324836859006,0.531339996280774,0.030154613447013
"T[Ins(C):R2]T",0.13580456094345,0.440824645590328,0.334996598489378,0.302707721920469,0.541051086090546,0.511645541162474,0.536747293316218,0.457255571059932,0.413873491666946,0.471331017309039,0.423125432835857,0.354070368795877,0.285403606511422,0.544683019326102,0.509750018450712,0.544467704129868,0.466638462856419,0.437793183794978,0.48973128515345,0.489628542101173,0.397253249990116,0.404640279364588,0.549352326412484,0.519214349339906,0.538514286842731,0.480651592394026,0.441426043925277,0.506177107522548,0.18846991113575,0.794616586963568,0.611072401554921,0.76703475717243,0.782098927990828,0.401886031727265,0.80556898644395,0.615616948481698,0.417738042164072,0.622939370473265,0.0698872945480298,0.368241154312546,0.419232446481591,0.643599198877597,0.465790606262734,0.765974524995107,0.732329118459786,0.438565102953614,0.7996498928093,0.564185903952292,0.391420055967586,0.641908349007341,0.42440671141371,0.330686681919208,0.41817800134261,0.854564599963975,0.587501429340323,0.859338276641385,0.847080718155298,0.591545516840016,1,0.738703625421897,0.489153192538329,0.77285498157648,0.469821962595776,0.45493612908971,0.435320132641231,0.460147510431939,0.502665828836288,0.493213864909258,0.552231763193699,0.515523481393851,0.519677148731698,0.46150274845361,0.517933676181793,0.431373894993579,0.50361431147173,0.529333146881485,0.55660147592247,0.547520872993994,0.529350192529394,0.55000549865763,0.451004663360124,0.531663746685116,0.428142169485054,0.468025350568631,0.499877236373775,0.495120666118631,0.513933071979003,0.518605518696708,0.515167222106525,0.0671803346973397
"T[Ins(C):R3]A",0.117879010837117,0.560285680334086,0.411660057331414,0.391048587053734,0.745843871559143,0.706398360839024,0.734799649789225,0.626681544464794,0.574073625522429,0.642423976968679,0.536489077366823,0.457280250145471,0.392038031886935,0.74908393432766,0.690229620269097,0.744195403916159,0.645011444051594,0.612864164472826,0.675114790854468,0.614643092528177,0.511188874576434,0.529155757693267,0.75262194540688,0.703936853482325,0.735545861272763,0.656931896692834,0.597910949256226,0.681038658693397,0.204930086609223,0.533516766361082,0.396163819822234,0.451849306355613,0.589090645669087,0.440855120395895,0.559094239286934,0.778246470382442,0.648461005904094,0.767791613967212,0.115583165623949,0.525692967202821,0.51255177632646,0.421658910152105,0.399581498544579,0.463833641643384,0.518527035342182,0.52069221114377,0.572228192722442,0.749895035124508,0.606177315989397,0.757597598192675,0.526532092469584,0.461929419527611,0.551347951445109,0.611808719550385,0.438481382447651,0.743018090452459,0.669235989345375,0.632511894351183,0.738703625421897,1,0.707297951322649,0.851698023478818,0.649742156711554,0.704753649011671,0.594724039978213,0.627110771343255,0.725609104225069,0.672087143976672,0.744927506783266,0.706439063359352,0.698118560228299,0.634725961258632,0.752089580336034,0.589526966776624,0.687135554175086,0.728279962670531,0.751729531256948,0.740071319786621,0.72805512780148,0.74059081323542,0.620765269578841,0.747651740387804,0.584995468172982,0.640622563212934,0.693864266894949,0.674561522369663,0.694845988213846,0.717097529937128,0.688094448839441,0.0493329991805292
"T[Ins(C):R3]G",0.116556201273178,0.567740969385306,0.371429034458048,0.4285334186605,0.600630198375875,0.65514592238108,0.528812053821912,0.658106542720684,0.611257170510011,0.644584017519094,0.568027820932233,0.451066106242918,0.447959308545668,0.636181350033363,0.670571426207887,0.571732630714852,0.68136938389653,0.662538671741687,0.672817061545113,0.576225958426803,0.49707370383853,0.498099855741325,0.60298099367345,0.65927345461869,0.521275028206362,0.673958701252054,0.62783880690487,0.656815162087871,0.216994124510623,0.357311707834131,0.249881544889776,0.251878803666117,0.429889275107411,0.451285606452372,0.365976196078951,0.635062516410342,0.721825559425437,0.715215181602647,0.0892919440550934,0.550222793739044,0.460247939430021,0.247965780193983,0.284533747976368,0.260885809344326,0.336439790956314,0.485085950489787,0.372235360523064,0.705834598550833,0.739114655052662,0.729470708068334,0.454045289709047,0.42387848149477,0.57219680505906,0.361265308415408,0.263302796723862,0.474726851757584,0.431466973916552,0.506335173607537,0.489153192538329,0.707297951322649,1,0.671978603407686,0.366934874753476,0.745505916074445,0.289633566885875,0.332876138001633,0.514757052868383,0.393764505870187,0.514878733417878,0.479664348042869,0.428518963379546,0.348572142752058,0.641871818418513,0.282438140852299,0.415521379842911,0.565001539107817,0.567570180964585,0.510052560791967,0.635847624671975,0.523622740268852,0.329270447631168,0.529779526688043,0.277576951782181,0.349214467144247,0.448768864285366,0.395277783257612,0.422076162447706,0.492966541786354,0.414792939589706,0.0376914364272302
"T[Ins(C):R3]T",0.163489898066231,0.673818630532746,0.463571425804084,0.484206446059297,0.778714233427875,0.763227081084257,0.752115457586527,0.707296997105407,0.643899082982532,0.715460224549147,0.650366151113497,0.524863166095491,0.462681003730316,0.792493545111732,0.758299261974551,0.777641164878696,0.717527246172159,0.68914156636162,0.747274973655533,0.722155732624609,0.594641469852245,0.626386992022237,0.789825074539719,0.760958801888311,0.752197896794141,0.73619606673417,0.68623226873958,0.759874246318291,0.206545213555949,0.558327322160354,0.369249372907261,0.458796981697623,0.586420618901534,0.404063601728196,0.561011085162759,0.775930842945082,0.598446516862688,0.775931815146547,0.084415104590124,0.506266528118414,0.523391000014674,0.387731404139977,0.321839446103095,0.43886941906021,0.484685673342051,0.443198606608843,0.558847022847101,0.711029558348339,0.577006506060501,0.753305828203164,0.567803939693966,0.418625634550846,0.603766346179385,0.615829922102574,0.403170717287437,0.741546676755844,0.656180327862271,0.620872319506769,0.77285498157648,0.851698023478818,0.671978603407686,1,0.626019634082743,0.715836265416067,0.568860201920389,0.607984933172715,0.716164858790573,0.662243953310871,0.763934994562445,0.710831300456121,0.701630274256025,0.611472501868572,0.75430868670378,0.563315495516096,0.680236990427684,0.737544853777051,0.778044664152395,0.757099338568215,0.7700060439427,0.763822042481886,0.597469805435898,0.736112625817613,0.558805126357819,0.622801325411012,0.686347559617644,0.667248576062916,0.697178810905347,0.720355992005985,0.693669400103559,0.0651574243053752
"A[Ins(C):R4]A",0.0577881199968393,0.358026641896054,0.340053392065233,0.174418861143772,0.849762565877668,0.664812848323277,0.930569557708159,0.452547312961235,0.402483538407975,0.501107650862539,0.342665729458805,0.355729051192729,0.242607871108488,0.781544521804305,0.584889465965141,0.878487331812419,0.490577988485366,0.449355870891959,0.558045457953492,0.444947864718755,0.363750889631969,0.353819656825107,0.841957374732245,0.631912684156068,0.939034911284422,0.474263770277183,0.408616577302223,0.559756184084555,0.0802611544048955,0.239384821210516,0.128185295744846,0.177331796321671,0.237483247238303,0.16286265653802,0.260923916024798,0.594986695571153,0.250324677254859,0.491676042605563,0.0394382216943062,0.29742268471509,0.250468687992701,0.133360928320451,0.112824360119009,0.147925774259622,0.201065428495263,0.226296407126926,0.266099357146018,0.440217807949107,0.247100041575439,0.427474389547975,0.405475279306896,0.271376292540708,0.367808816757956,0.395307893756572,0.217694645653876,0.646198244265597,0.398106754393171,0.516989060565255,0.469821962595776,0.649742156711554,0.366934874753476,0.626019634082743,1,0.563971850368664,0.991351638131799,0.99686275367833,0.938883004015261,0.991608879611028,0.941254827488862,0.960532042331764,0.978989978289057,0.9975333682417,0.840042342304722,0.990698476706838,0.989258084670788,0.886657363382365,0.890007643611262,0.948426293002365,0.749877603886032,0.930845828747347,0.997486725803763,0.942267907470244,0.990435216052202,0.997553820053901,0.98035883993592,0.993273077136046,0.985520578251378,0.961134681453386,0.98625873094963,0.0187009693001984
"A[Ins(C):R4]G",0.161458994421628,0.712148193484384,0.450083605423174,0.517084995713585,0.830067819203891,0.878888408587089,0.749693993325343,0.854631486377116,0.777215867686188,0.842053753171399,0.678023027591479,0.593812086744423,0.554737761048486,0.862547908606269,0.872528110492545,0.800679104745417,0.872901983336293,0.83775097514819,0.876000136040524,0.720460381130994,0.62724967421534,0.6347724861965,0.829061364877905,0.870613884947932,0.744155887709717,0.857352820762177,0.803856496322896,0.845364122101322,0.21618390602637,0.323730121496462,0.127526795099598,0.176087853342899,0.345696158112155,0.345408438766502,0.292876226089861,0.721272958769293,0.685281259518424,0.77405728702469,0.0738682575566395,0.563573477860952,0.339433438181537,0.165904838296071,0.138442801085906,0.163018886694508,0.233684543635689,0.331479344560403,0.290812358494328,0.723615314267374,0.741634836283999,0.745724178014405,0.499474947751989,0.374266158765286,0.686024688049865,0.345956203931461,0.187176683959145,0.498066950919187,0.38913561131757,0.526105649874747,0.45493612908971,0.704753649011671,0.745505916074445,0.715836265416067,0.563971850368664,1,0.474944321488963,0.523893832409317,0.730874755668665,0.593785611040893,0.727311633095166,0.696167716406151,0.628773896900435,0.547054426586708,0.830910410552338,0.468612774783235,0.615806608958938,0.771218601001196,0.776377864781368,0.725340575417826,0.84177433264777,0.733506456859962,0.525504450273058,0.742525068526233,0.463649696489513,0.539761496611309,0.647976429178537,0.596073977940723,0.628704649444837,0.705141519585281,0.611770179670859,0.0438783631951567
"A[Ins(C):R4]T",0.035951598924055,0.279828081773686,0.29624010129743,0.11226371267264,0.784907214282608,0.577018516164676,0.885618020647808,0.354794599118739,0.314735402649513,0.409504092185755,0.269836292225694,0.305462148973867,0.175674751529874,0.706852213413774,0.49210718340555,0.823560808948442,0.392771661302975,0.356174356114675,0.467526931008958,0.368739644952716,0.296041189738467,0.291969781162202,0.776525508173745,0.54261630631609,0.896857027576524,0.37565106656599,0.314334892783631,0.474198982475456,0.0537499848745115,0.204936559372862,0.116510031918454,0.161144692768012,0.200333069141998,0.120935001347513,0.23202528156708,0.523337011420907,0.178100298332956,0.410307196596956,0.0258251109126482,0.235835404311282,0.21614967418926,0.114408106486946,0.0974878240151352,0.132833379098483,0.180008471185805,0.190591565825492,0.24234247033496,0.365637767491332,0.159932503910337,0.353607549764651,0.362370739339626,0.236049177579002,0.280264187327875,0.36994940222036,0.202984646392722,0.619539401397777,0.367577038501838,0.482992538703757,0.435320132641231,0.594724039978213,0.289633566885875,0.568860201920389,0.991351638131799,0.474944321488963,1,0.996212628363075,0.906717100658779,0.980178397219125,0.901263412231377,0.927984024619808,0.959748370559489,0.992503050106992,0.789563796535999,0.999395287600216,0.973674367011172,0.840927473824139,0.838758408197169,0.910328268555622,0.676174428278299,0.890295021216002,0.995497308722848,0.907399061515129,0.999467703025799,0.994254709404044,0.959985653584772,0.979991632078147,0.965789155217305,0.929005263275442,0.970204670033129,0.0123399394984607
"A[Ins(C):R5]A",0.0487859471980895,0.326592414966914,0.325912741285184,0.150463033413601,0.825345688440824,0.629920630300998,0.915453642518046,0.413496286499521,0.364650445042282,0.464503370348761,0.31726101234325,0.33580969822531,0.216971252045324,0.754841516194303,0.551366008128766,0.860963117914698,0.45271885797798,0.412367282913174,0.522784965373694,0.41655622330858,0.339515228711412,0.327394581740941,0.818478226905868,0.597983668291259,0.925043052982134,0.435439256136133,0.371389065660128,0.526953759401643,0.0684977932492234,0.223039759696758,0.120550190824248,0.168810764015021,0.219784734142594,0.143189633702318,0.247175007769998,0.56282535173728,0.216231760813089,0.453576042450612,0.0353751267961574,0.268979694671428,0.241738417140566,0.124168058382851,0.103377272151556,0.138853983004407,0.189262746984258,0.209132325515456,0.255718366883697,0.407964912426934,0.21047992743915,0.396774523048548,0.391657702505071,0.254739085177966,0.335135014465433,0.384214452239857,0.209671847082399,0.634293925076711,0.385202360766048,0.50099789372782,0.460147510431939,0.627110771343255,0.332876138001633,0.607984933172715,0.99686275367833,0.523893832409317,0.996212628363075,1,0.927502837039093,0.990884532922186,0.929129783694608,0.950435445175864,0.976421197393079,0.997433555573963,0.820403944187687,0.995966721729264,0.986844540008518,0.873543493515898,0.875457918527697,0.937497628966302,0.725321920354395,0.921061161511596,0.998356669815709,0.928799449493467,0.995720445773184,0.998478573911188,0.974485324752254,0.990963678201738,0.981067301006712,0.950671252074028,0.983931169565652,0.0156452369932114
"A[Ins(C):R5]G",0.0875364557288834,0.505611426439127,0.430312231852494,0.314961241175725,0.913087831465004,0.784883311104103,0.955835779853537,0.624619682409691,0.564185093056011,0.650240508819857,0.506025006324608,0.464298613420101,0.369738434295537,0.877489832940406,0.731992024694059,0.931335400471121,0.655811711857136,0.616486925584637,0.70602349278985,0.579207721745929,0.487715934706394,0.503461719549412,0.911567951882049,0.76434867454236,0.955697125581495,0.63997630318638,0.569469249584391,0.709236868824026,0.122399065197364,0.279545271785617,0.131423081100074,0.187181629695945,0.284218099434024,0.230436081502825,0.285349589274724,0.683790360370449,0.411382757479152,0.622225593366372,0.0557030673650378,0.403059201790823,0.314281700719665,0.15057722396431,0.125435471743997,0.162123498723797,0.221191552981543,0.277419775467361,0.297596058656109,0.583663909145965,0.422787152525126,0.575892239724066,0.468269710869486,0.327769983237536,0.497970003307631,0.4018353516775,0.228366947727937,0.649478095787492,0.42843078047696,0.559011284122948,0.502665828836288,0.725609104225069,0.514757052868383,0.716164858790573,0.938883004015261,0.730874755668665,0.906717100658779,0.927502837039093,1,0.949866688325401,0.95429457552246,0.958678024108368,0.953705671481651,0.934627900150496,0.908241531912742,0.904575842592949,0.953981879707237,0.930546173639299,0.933436923249601,0.962334633631091,0.856830325889084,0.95233349596792,0.92554403760665,0.956420427965093,0.902186689665421,0.932627997338845,0.955371895829204,0.951451106045758,0.954818989167877,0.962678012093518,0.949748628366034,0.0231661386470762
"A[Ins(C):R5]T",0.0647824974074631,0.396318404161987,0.369581482072338,0.207477714186689,0.871790060913592,0.696529527320935,0.94632936261156,0.493532707152226,0.438242656578384,0.537543426115564,0.388061946546995,0.386178481804089,0.273078837932967,0.815379964199536,0.63104884873386,0.907373333089528,0.536168315094727,0.490177564984886,0.599264545581109,0.4884213882956,0.404601902256034,0.389495644913059,0.868470612178137,0.671484126495365,0.955053495351738,0.516542184481475,0.449342149018522,0.597671364220221,0.0878406057792604,0.247756498441616,0.124338170507609,0.178219944604871,0.246152272855155,0.169182982725082,0.263184038859179,0.609059009536114,0.276007273788667,0.51571498940553,0.0349328798276937,0.319771068398917,0.278860668667317,0.130201441748247,0.10827394428432,0.146493874555081,0.200438839725885,0.224993012074931,0.269478173029156,0.466437409180094,0.274274590687019,0.456527237180671,0.433434625456919,0.282039351891258,0.403284402710735,0.400315784327891,0.218571859791382,0.650322896126856,0.405969870272609,0.523959343057472,0.493213864909258,0.672087143976672,0.393764505870187,0.662243953310871,0.991608879611028,0.593785611040893,0.980178397219125,0.990884532922186,0.949866688325401,1,0.956853115557081,0.972000487648346,0.990106222198302,0.991793223075463,0.85774393316256,0.979732527693774,0.993831597246223,0.909490684447862,0.91989711088018,0.966150378245224,0.7914015234147,0.955794538681477,0.989679599371502,0.952343971668605,0.978709061623989,0.992673981400693,0.98324287443342,0.99530821019293,0.99086873990696,0.973001256596135,0.99331084049518,0.0197795278236124
"A[Ins(C):R6]A",0.107969107388011,0.566924291874403,0.462558517733414,0.348994835298178,0.960651819691832,0.845926157323394,0.987968051962813,0.6828277317143,0.607588734995474,0.711852996482519,0.542125620729886,0.480689339900888,0.397576845019003,0.927886925629332,0.793774545097936,0.968038393157326,0.708832963601639,0.668264998042101,0.761315670293409,0.647069060549166,0.53409336175238,0.531120849417481,0.961840417836215,0.827524687177502,0.989275698649111,0.710743930489178,0.63944282455797,0.766517564075865,0.139699503057911,0.305424310797848,0.133321205753013,0.200041908907541,0.307951643116159,0.223840581128998,0.308087345635252,0.733646176809591,0.394413581928445,0.663372083332969,0.0668996132993184,0.42440449637558,0.33796682735119,0.158816538884447,0.128694830299202,0.161640042253628,0.227768308381853,0.27122234739606,0.301958896614333,0.575029777248967,0.417685270467673,0.580138934440635,0.506085330080016,0.331346425969452,0.553624331850661,0.432794768933414,0.228676015356154,0.665248952127237,0.449727109516016,0.560816890192388,0.552231763193699,0.744927506783266,0.514878733417878,0.763934994562445,0.941254827488862,0.727311633095166,0.901263412231377,0.929129783694608,0.95429457552246,0.956853115557081,1,0.9780550370716,0.973924749960435,0.935517224100237,0.898493160694667,0.899752445113767,0.96483465516831,0.942612394229089,0.968458456440128,0.993257696895348,0.893018921085568,0.983885807941251,0.928133252354905,0.957304953749234,0.898086335745318,0.936653396997942,0.964342741699954,0.963519347044148,0.978469482585419,0.980656712116248,0.970285413844792,0.032745553957623
"A[Ins(C):R6]G",0.0908665269364843,0.508279368544299,0.414193040044899,0.305480636490626,0.936942162874377,0.804815592153976,0.976389046596012,0.62852939234994,0.563234101127651,0.664584486731206,0.498892840689962,0.449880968995936,0.375715862091602,0.898982769212241,0.751264378140585,0.956462473629377,0.666864512955544,0.621042767863985,0.717963750752935,0.589936242478381,0.494445747852169,0.476677534944282,0.934617499602099,0.785429932462114,0.980730845264625,0.649924144937449,0.577680408246789,0.715123454522187,0.121387201797942,0.288596385233013,0.128942935096419,0.189819852538994,0.284424599694051,0.207287299901908,0.290189440283465,0.684551280648547,0.358920259634891,0.609037341517219,0.0477733099476851,0.401881150469939,0.296769295199199,0.145802092190424,0.116611863975713,0.155627284286861,0.216088129460326,0.257390223027783,0.290025708689432,0.546423803721682,0.37837473423747,0.541367264233431,0.480158265138928,0.314048494403891,0.518314289463944,0.416797319914643,0.229058027193605,0.658076950517162,0.430650017883055,0.553453722573397,0.515523481393851,0.706439063359352,0.479664348042869,0.710831300456121,0.960532042331764,0.696167716406151,0.927984024619808,0.950435445175864,0.958678024108368,0.972000487648346,0.9780550370716,1,0.978247787494929,0.958392212192303,0.899271773345044,0.926458165910407,0.975528467069772,0.943903752074956,0.958175190879447,0.984775092473725,0.875967319087736,0.976803180691137,0.951716399876932,0.961539371498549,0.925211623924421,0.956080447403971,0.973823753935315,0.974436494619887,0.979868639280124,0.984711225525652,0.97632470556124,0.0282047744093873
"A[Ins(C):R6]T",0.0809129238174862,0.449452308505818,0.397852458900653,0.249446522800254,0.902213713828755,0.745234836224504,0.962905977693822,0.550348947936265,0.487303862083159,0.592768766687647,0.440980373270443,0.416076370930508,0.314092068333046,0.854576190680799,0.685841738467001,0.932366239102381,0.591258295050843,0.545957630765678,0.647211218754288,0.540223246663108,0.443947432408356,0.433380457088348,0.901345684389247,0.721944029975241,0.970422498011198,0.576038457085395,0.506887256356561,0.651441001094172,0.104651462258604,0.265251847322426,0.126182621470515,0.186155153708924,0.265113778137468,0.180611287344949,0.277207324120527,0.639342542922848,0.304737245543893,0.55574356996373,0.0417852867094846,0.349264710692518,0.307797125909728,0.136213286149564,0.111657997111122,0.149603326586397,0.205725736395465,0.236203970932256,0.279387871374654,0.498427412114812,0.31534488264442,0.494708096080474,0.466452122138754,0.294355995295262,0.45332278574004,0.413528174318799,0.222542248152097,0.65701250798381,0.421710194418369,0.527560388198043,0.519677148731698,0.698118560228299,0.428518963379546,0.701630274256025,0.978989978289057,0.628773896900435,0.959748370559489,0.976421197393079,0.953705671481651,0.990106222198302,0.973924749960435,0.978247787494929,1,0.978619506539336,0.87232240686718,0.959043391460507,0.991045122442992,0.92406485172038,0.944526668999386,0.981207554953894,0.830811001712769,0.973810717346591,0.974426225227143,0.955428232814652,0.95792608492734,0.980170092848426,0.980425877001844,0.991230621300791,0.993303568651948,0.980882319305532,0.993787290442587,0.0271910011454923
"G[Ins(C):R4]A",0.0516691340030787,0.338782848726564,0.331555371271339,0.15918718562889,0.841436853230663,0.652915758231612,0.92542116510488,0.438537888834567,0.385943946464373,0.486592334101358,0.330425503864584,0.345775400211955,0.231870182200257,0.772771614163766,0.574689222535389,0.875030540373389,0.478984841326623,0.438711664729807,0.544590669130774,0.42537466099024,0.350002936290172,0.334818199637506,0.834198880912086,0.619924827796024,0.934323114587156,0.457541731043705,0.393714985163817,0.544703784895274,0.0730479754955981,0.233966485330271,0.125381894600441,0.174442272229614,0.227953988190537,0.152153175764214,0.255113930937862,0.57373270048779,0.230901111796507,0.470760020603723,0.0310190046823501,0.285358435034223,0.240247335310909,0.128037031997663,0.107298788666722,0.145464145262196,0.197123926492973,0.216735244811074,0.260583908406634,0.425135626614009,0.230213051049211,0.414144962377327,0.398780793482806,0.261442039015841,0.357282123712466,0.391756989784646,0.216452030635115,0.640830752620632,0.390845429855563,0.506113909773866,0.46150274845361,0.634725961258632,0.348572142752058,0.611472501868572,0.9975333682417,0.547054426586708,0.992503050106992,0.997433555573963,0.934627900150496,0.991793223075463,0.935517224100237,0.958392212192303,0.978619506539336,1,0.831848519971535,0.992321530826355,0.988730562688303,0.884910687565202,0.887121310732593,0.944027026477928,0.746179304708864,0.929201972230534,0.99872388305154,0.936434952825574,0.992070459776016,0.997548478773677,0.978440443126471,0.992674429202095,0.983557449275646,0.958550876948314,0.984734886663668,0.016171939485925
"G[Ins(C):R4]G",0.103323197756751,0.592161843013894,0.420533881101168,0.374744802402359,0.906247278271792,0.827071994201043,0.904193012282867,0.7090963465026,0.624844411470293,0.728621133481887,0.580826719676685,0.534456412774117,0.445011225880679,0.891698389120926,0.796140190042068,0.912994280614425,0.748473141528198,0.70349528624766,0.785202527151355,0.637801185349367,0.552008671697373,0.546915202833736,0.899860880519775,0.802624404337226,0.907151052414367,0.719340523989812,0.64935874984126,0.76397744135179,0.147656132304926,0.315297801677018,0.160234524962347,0.201540280693591,0.329414320565356,0.300193459955978,0.3133773190296,0.704852329383757,0.532700294948294,0.700645237726642,0.0774269077714072,0.495419541162686,0.357128799930513,0.17793543241045,0.158066188629709,0.18649550154876,0.251471649228794,0.332928880831786,0.327529697259387,0.650410600728533,0.554461683275329,0.675992912755298,0.50878667369181,0.368583679873481,0.579042904521669,0.405530198817194,0.237820737810859,0.632828534866688,0.43847874433957,0.582314350211124,0.517933676181793,0.752089580336034,0.641871818418513,0.75430868670378,0.840042342304722,0.830910410552338,0.789563796535999,0.820403944187687,0.908241531912742,0.85774393316256,0.898493160694667,0.899271773345044,0.87232240686718,0.831848519971535,1,0.785609127856639,0.870358634711642,0.909411226251747,0.909523692121957,0.904795010440579,0.876407579877724,0.907336484758491,0.819500207791042,0.913295110406316,0.782093098760837,0.829617856675563,0.883974008672215,0.859302432146802,0.869756228878474,0.900989424188383,0.86518623411045,0.0307153817189037
"G[Ins(C):R4]T",0.0334198277330401,0.271238828931644,0.293875808181254,0.108751963712514,0.781429788801155,0.572507546154,0.883503243175357,0.348253867998061,0.307019239102566,0.402937226826151,0.262692542669984,0.299966776936413,0.16946304616604,0.703387530573244,0.487727225738613,0.821306804103805,0.387477625271312,0.350849264096512,0.461998446662204,0.362155720416882,0.29335231279162,0.284543785357374,0.773749084026913,0.538797835936788,0.894693018764994,0.369933206121836,0.30850997374703,0.467357260383537,0.051509578792455,0.201502877980524,0.114247963821374,0.159043739647971,0.196308114991159,0.117720380027119,0.229227668214213,0.51832714162338,0.171010069832918,0.404410022073229,0.0241068555655464,0.228759887326584,0.21089444534766,0.111875048914652,0.0941451535257689,0.130380711723979,0.176906386039343,0.185497371949158,0.238597055485276,0.358999661934091,0.154456249267154,0.347923930769734,0.356412174402056,0.231411022780652,0.276315996468503,0.367402315157537,0.20049141691593,0.616036964382481,0.364102156265674,0.479856549232409,0.431373894993579,0.589526966776624,0.282438140852299,0.563315495516096,0.990698476706838,0.468612774783235,0.999395287600216,0.995966721729264,0.904575842592949,0.979732527693774,0.899752445113767,0.926458165910407,0.959043391460507,0.992321530826355,0.785609127856639,1,0.973188251913064,0.83912149044737,0.837771916800543,0.909035336561821,0.673446049550138,0.889557772428625,0.995352810748634,0.905309364721281,0.999683465959476,0.993825419418532,0.958854715938149,0.979542578280107,0.964974562902378,0.92728027371017,0.969333262289831,0.0115691754916456
"G[Ins(C):R5]A",0.0744424641122558,0.414706647434928,0.377318900134229,0.225240808070038,0.885160392458146,0.716470429929499,0.953341382007434,0.5163624324455,0.458084183955099,0.560474327003831,0.409091590843994,0.399282680109768,0.28899511765501,0.830288893116723,0.65171420582423,0.91546828840847,0.557290657281843,0.514810687795385,0.617001437213852,0.501760259732458,0.414051741819498,0.402310812486262,0.881052918229014,0.68916615572958,0.961327214447059,0.541010011034618,0.473392884415647,0.618876693170069,0.102460502721283,0.258426629179479,0.131022029047387,0.186421046665189,0.257430032388837,0.181838645431203,0.273190037095197,0.628352299181839,0.297658566981298,0.534463396879388,0.0435399629328511,0.335668092954983,0.294510641968573,0.140046115075489,0.119546586133818,0.151432209187305,0.209141237377062,0.244050053569573,0.277713405198772,0.485949364795142,0.303535722430414,0.481119287556161,0.447429046849341,0.293211933990764,0.427194739613438,0.406697619350818,0.224548771000894,0.658208211462908,0.41463884774267,0.536147432112349,0.50361431147173,0.687135554175086,0.415521379842911,0.680236990427684,0.989258084670788,0.615806608958938,0.973674367011172,0.986844540008518,0.953981879707237,0.993831597246223,0.96483465516831,0.975528467069772,0.991045122442992,0.988730562688303,0.870358634711642,0.973188251913064,1,0.920654354845854,0.929317882505333,0.972218289566246,0.804941526818941,0.961582899465568,0.985458218369848,0.956760378355873,0.972071882277585,0.989614906066215,0.985930897008775,0.995053753059793,0.993220431662488,0.977573158500997,0.993416006630173,0.0231977675325728
"G[Ins(C):R5]G",0.104715759022052,0.55596386123862,0.440764084965131,0.366035784450514,0.930974045645611,0.840826070245854,0.943019484432844,0.697150061793423,0.614295414323734,0.72285125299875,0.563362876342857,0.506431668419373,0.439977017075817,0.916129225654823,0.807041605215207,0.950030744806161,0.737714958909794,0.689425215677842,0.769796325426228,0.629289361140336,0.550339417201801,0.504320030327005,0.934081728229794,0.829063068631244,0.949726031855475,0.708612548354515,0.643835355717898,0.762089520364153,0.161852084137336,0.303759516127498,0.132366026097083,0.197048181266605,0.312100184732312,0.254673123140264,0.301107450011063,0.698564902123751,0.450693504163866,0.65313990343653,0.0659919058485571,0.457877069459563,0.33613442407092,0.161522331676037,0.134338365316886,0.165953274461375,0.233610019082157,0.30662366987513,0.304967108893683,0.618783018987131,0.504327359721184,0.624563991665148,0.51043917174191,0.354714492244514,0.576311320484807,0.41313044114453,0.23009906493547,0.646009802239156,0.431129736797455,0.575135401047523,0.529333146881485,0.728279962670531,0.565001539107817,0.737544853777051,0.886657363382365,0.771218601001196,0.840927473824139,0.873543493515898,0.930546173639299,0.909490684447862,0.942612394229089,0.943903752074956,0.92406485172038,0.884910687565202,0.909411226251747,0.83912149044737,0.920654354845854,1,0.956856520178096,0.951245676502512,0.904942232054739,0.957095433129424,0.873247935780119,0.934343250233713,0.836070531622414,0.880709777779488,0.928004240611667,0.911102585411225,0.921668004893035,0.946951675584094,0.915736972997124,0.0286250122634735
"G[Ins(C):R5]T",0.11640077499918,0.603723893243593,0.465085904430236,0.397805255775292,0.963383931218849,0.878972128036385,0.968750065512766,0.734515983519116,0.657354296931665,0.752909638625555,0.601442130575609,0.511950055726429,0.463386062649104,0.95206896520136,0.850744502977541,0.979958126327284,0.779174775463204,0.729807617607203,0.806431097159779,0.678074537387982,0.584232272122524,0.551593602808284,0.966437180928153,0.868518422639592,0.972936148606582,0.757129272420499,0.692431822911625,0.797631181252108,0.153198212320967,0.322208933326286,0.137926199972498,0.207172575206094,0.321396778825137,0.254999834168239,0.312642482713915,0.719241219529154,0.440971377999476,0.675621011571305,0.057541732962361,0.462300069775131,0.36950397522907,0.161453682511181,0.12938175151388,0.169743910962203,0.231762088772855,0.28400646328518,0.307131294997067,0.620740445044086,0.48905293189675,0.626343975507727,0.535488923610424,0.35101681620131,0.610153147368817,0.430415498657752,0.233073436048585,0.656358470937462,0.450448248587863,0.558671112654599,0.55660147592247,0.751729531256948,0.567570180964585,0.778044664152395,0.890007643611262,0.776377864781368,0.838758408197169,0.875457918527697,0.933436923249601,0.91989711088018,0.968458456440128,0.958175190879447,0.944526668999386,0.887121310732593,0.909523692121957,0.837771916800543,0.929317882505333,0.956856520178096,1,0.975819997867988,0.947950583462401,0.984946017427595,0.875133545712527,0.94120545845033,0.83484101132756,0.885101299775268,0.929139725035058,0.922825964169023,0.938056056317319,0.961322582493916,0.93366999577196,0.034141028079244
"G[Ins(C):R6]A",0.104832243382234,0.556146279426837,0.45558761879397,0.343697394443116,0.957306599271262,0.838257389037415,0.987799376764173,0.671549289070587,0.598974879895587,0.701631755777198,0.54067999317243,0.481121667257736,0.400589624013174,0.926017004871807,0.789527627318403,0.971203281528341,0.705295172392628,0.659085628360382,0.752104263753653,0.639986899555381,0.532451331039528,0.520517036052355,0.958819864168877,0.822137145088572,0.991470096611855,0.697755843180282,0.626393121524662,0.753491840150854,0.13761551805728,0.302266126858428,0.130751760919679,0.19840817064633,0.302933692582361,0.220222518308539,0.30384180431047,0.717706419532702,0.388655581589121,0.648624074571636,0.0599122396871399,0.418409903946454,0.336693829064064,0.154236009972145,0.120572942269845,0.160235563048414,0.224111129392342,0.266836107808421,0.300899415121312,0.57603128113017,0.415146195593118,0.57343147893702,0.504875423289916,0.330047538755139,0.548447317401441,0.428760662277411,0.228791322958586,0.66631221776292,0.446519327634318,0.559344727669355,0.547520872993994,0.740071319786621,0.510052560791967,0.757099338568215,0.948426293002365,0.725340575417826,0.910328268555622,0.937497628966302,0.962334633631091,0.966150378245224,0.993257696895348,0.984775092473725,0.981207554953894,0.944027026477928,0.904795010440579,0.909035336561821,0.972218289566246,0.951245676502512,0.975819997867988,1,0.898839544659275,0.990367214991294,0.9362029891023,0.962754906265561,0.907131363272944,0.944692116746531,0.970034298279981,0.970734364709358,0.982106539400611,0.986561538024776,0.977356480232714,0.0309716969760226
"G[Ins(C):R6]G",0.138795629314594,0.712888750654027,0.512787475044315,0.495888305691972,0.957004612497263,0.944789765058625,0.913591677285277,0.861307109097583,0.781510548504217,0.861233710927971,0.72301277201446,0.579116016019443,0.575763395110262,0.97366034982638,0.941851202757983,0.954147730741663,0.898930709574684,0.857421295270083,0.904607254914489,0.761447797683624,0.669592883763,0.64037473643794,0.958572168960298,0.941340623133005,0.909803352727497,0.873516905765842,0.814508936340451,0.887765158783957,0.177961600853094,0.346179554446622,0.129811004311677,0.197589932883194,0.335166540953896,0.294593530580772,0.314207566658854,0.73259161177519,0.509432754920152,0.734207684303589,0.061853410272293,0.535812329940069,0.375351072383422,0.163079290620952,0.124765809110413,0.165872855101685,0.231333282779198,0.286136494712627,0.29937747567171,0.677985406834567,0.60040710098462,0.682831571970811,0.555505434041392,0.373572942834935,0.71112103037521,0.405307473437405,0.222198172917579,0.60088097361817,0.434065318951188,0.534016247984676,0.529350192529394,0.72805512780148,0.635847624671975,0.7700060439427,0.749877603886032,0.84177433264777,0.676174428278299,0.725321920354395,0.856830325889084,0.7914015234147,0.893018921085568,0.875967319087736,0.830811001712769,0.746179304708864,0.876407579877724,0.673446049550138,0.804941526818941,0.904942232054739,0.947950583462401,0.898839544659275,1,0.91746674099554,0.727815762065896,0.857688578419925,0.670044421386338,0.739935335436723,0.818757491838099,0.795862179681247,0.822702883383202,0.876445703509937,0.813119075043767,0.0383967728865856
"G[Ins(C):R6]T",0.102733835897453,0.558042155273088,0.449856930140609,0.355528686284295,0.953695945215916,0.843668717005077,0.980873540927102,0.680878694813792,0.603321279123593,0.706884411059607,0.552893736871083,0.484780562114089,0.414526421346654,0.931656970331458,0.80674184183696,0.977518531967986,0.72488868185657,0.674226323376969,0.764952199981331,0.640219007350187,0.54560110623742,0.515856565584623,0.956951840586586,0.829981082545537,0.984613674444737,0.704490290220404,0.638922325986865,0.759087252233533,0.132983427056014,0.302575394666121,0.132388075551432,0.196968811613765,0.300684287060367,0.227430609975526,0.300853626183313,0.70109837665778,0.395814252769484,0.642855983741925,0.0483304678046122,0.421832026768766,0.345356743901591,0.149652090971199,0.118075362925836,0.160130743186603,0.220716098111245,0.265350703688792,0.298130831391174,0.581676753669908,0.430410426459914,0.585061217222476,0.512793138568036,0.329567555461422,0.565321592767077,0.426640504530685,0.228406815691145,0.659236422729204,0.44202470947284,0.552579373866722,0.55000549865763,0.74059081323542,0.523622740268852,0.763822042481886,0.930845828747347,0.733506456859962,0.890295021216002,0.921061161511596,0.95233349596792,0.955794538681477,0.983885807941251,0.976803180691137,0.973810717346591,0.929201972230534,0.907336484758491,0.889557772428625,0.961582899465568,0.957095433129424,0.984946017427595,0.990367214991294,0.91746674099554,1,0.91947273411082,0.955753093101717,0.887068951043741,0.928333256680118,0.958822339614726,0.957236101118831,0.969449615533862,0.980328113939893,0.966122201266446,0.0302512221427032
"T[Ins(C):R4]A",0.0472529830613833,0.324344617152506,0.319399286346375,0.146134656111514,0.828543858687075,0.635257958579731,0.916341705994986,0.417395103131413,0.367143970533383,0.467996616481294,0.312384510290294,0.333520685106416,0.214551313356862,0.756933288625645,0.554250164667099,0.862961683245253,0.457556567402399,0.417464704648129,0.525461403046198,0.411287067736534,0.336912836495479,0.320765660440464,0.820575352756311,0.600863315398044,0.925799403168397,0.437238130014473,0.373640338914855,0.525965405599995,0.0671835087567956,0.222778811814449,0.119223009111607,0.166258280486453,0.216209313753884,0.140729974999077,0.244839572160157,0.559795011856745,0.212264138952124,0.452145516114202,0.0296443006461647,0.271893850140949,0.231490042935442,0.120148183158724,0.100588176076372,0.137086140279021,0.187508348745644,0.205879651785282,0.251168543556391,0.405040947681137,0.207440601014616,0.392443129184815,0.388253076712904,0.253554019905259,0.338294195583073,0.382243680331054,0.209131140660096,0.63240458430731,0.379942002909764,0.497689216477847,0.451004663360124,0.620765269578841,0.329270447631168,0.597469805435898,0.997486725803763,0.525504450273058,0.995497308722848,0.998356669815709,0.92554403760665,0.989679599371502,0.928133252354905,0.951716399876932,0.974426225227143,0.99872388305154,0.819500207791042,0.995352810748634,0.985458218369848,0.873247935780119,0.875133545712527,0.9362029891023,0.727815762065896,0.91947273411082,1,0.929280288641035,0.995407000992679,0.998046867324643,0.97433003503254,0.990351791967827,0.980415931196226,0.952036254242449,0.982460387932227,0.0154368319549505
"T[Ins(C):R4]G",0.0948613203690152,0.51492660657916,0.410661961755362,0.316557993417802,0.91997299561471,0.793437222062667,0.953122483862921,0.628452904506432,0.559252214478951,0.661418997340019,0.499350678350694,0.464822197120404,0.371959243612026,0.883289728731061,0.739831731150412,0.938728431760275,0.663683955517092,0.622790450749262,0.716885695990157,0.584644287091446,0.499272167960629,0.489225521207759,0.915759342005977,0.769396282245218,0.960598624602325,0.649037111118625,0.569495890655594,0.712600129179547,0.138518708535272,0.304377395943867,0.153644679618967,0.205049881438082,0.313212145815456,0.254080622426168,0.308781553986655,0.698738304699546,0.430227347964561,0.638137940443454,0.0588219850752976,0.431292001958812,0.331249814361985,0.168499378677553,0.1499855357659,0.18290024470082,0.247095974968423,0.295729189789419,0.315220217105587,0.582987727733903,0.439430148246147,0.586636185956316,0.487157710593707,0.349177696944089,0.505282740772354,0.428622923445634,0.240840559436468,0.66872201069717,0.446818611625773,0.56685019868412,0.531663746685116,0.747651740387804,0.529779526688043,0.736112625817613,0.942267907470244,0.742525068526233,0.907399061515129,0.928799449493467,0.956420427965093,0.952343971668605,0.957304953749234,0.961539371498549,0.955428232814652,0.936434952825574,0.913295110406316,0.905309364721281,0.956760378355873,0.934343250233713,0.94120545845033,0.962754906265561,0.857688578419925,0.955753093101717,0.929280288641035,1,0.902547008599841,0.934592088019451,0.95880793960027,0.95177192621358,0.956488713142701,0.966685525177361,0.953124178479368,0.0297624178236415
"T[Ins(C):R4]T",0.0333363465484862,0.268679228276991,0.292972049585536,0.104341409798917,0.779685129236804,0.570007375844769,0.882349957466527,0.345432433861388,0.304648341248287,0.400453724798159,0.259029402895589,0.297313762199337,0.16659015238669,0.700524177181036,0.484308143495556,0.818856364548127,0.383890475649342,0.347509892017747,0.458426623128828,0.358878326015975,0.288421301760739,0.280974657613005,0.771674543289187,0.535795207675029,0.893267550886681,0.366739602284979,0.305619797935147,0.464226892899594,0.0503968087381457,0.198971021720887,0.112246527659144,0.156664578246107,0.193014189902434,0.114881575806918,0.225908298997836,0.514950902218237,0.165817007138491,0.399734008430971,0.0238329410539888,0.226417137596851,0.208169168917104,0.109754595794142,0.0923496137675672,0.127488829724648,0.173865371788531,0.183581750732432,0.235050906744143,0.354374501668277,0.147533959090842,0.341555825670674,0.355586613649514,0.229278606119797,0.274414640325442,0.364983521270321,0.198640359083739,0.613518509121148,0.360774306593013,0.475829591475623,0.428142169485054,0.584995468172982,0.277576951782181,0.558805126357819,0.990435216052202,0.463649696489513,0.999467703025799,0.995720445773184,0.902186689665421,0.978709061623989,0.898086335745318,0.925211623924421,0.95792608492734,0.992070459776016,0.782093098760837,0.999683465959476,0.972071882277585,0.836070531622414,0.83484101132756,0.907131363272944,0.670044421386338,0.887068951043741,0.995407000992679,0.902547008599841,1,0.993582880072621,0.957594195754006,0.978814204209645,0.964201908340345,0.925917968965139,0.968608928645237,0.0120081126505359
"T[Ins(C):R5]A",0.0519192589807332,0.343202040396722,0.33543758857942,0.164859449622874,0.837116269071368,0.646498990642031,0.923707474779973,0.431187484752492,0.382630586722183,0.4829733371936,0.332508830841899,0.347454233650422,0.227716500016332,0.768463220898239,0.568396021636706,0.871933898083223,0.471215975026843,0.43052194038495,0.539685486705652,0.432665471999456,0.351361963151949,0.343038309794211,0.830696069624485,0.614799525104295,0.933011938173343,0.454982462136957,0.390136623741993,0.543650544505393,0.073793495996682,0.230133655908706,0.123308163502362,0.172049475105032,0.227615726477239,0.150375790031367,0.251978588067316,0.576593527870126,0.231291479444965,0.471310190075303,0.0396332178332342,0.283831015773322,0.253858111670199,0.129028383998041,0.108738795107887,0.141458442163125,0.194414436910044,0.214860327959432,0.259389923940251,0.422559379087976,0.224546132805186,0.411461927670067,0.403157071685739,0.263871755909,0.35109290911896,0.389230574431573,0.214304080587438,0.640446115525786,0.390628776791693,0.508917532651219,0.468025350568631,0.640622563212934,0.349214467144247,0.622801325411012,0.997553820053901,0.539761496611309,0.994254709404044,0.998478573911188,0.932627997338845,0.992673981400693,0.936653396997942,0.956080447403971,0.980170092848426,0.997548478773677,0.829617856675563,0.993825419418532,0.989614906066215,0.880709777779488,0.885101299775268,0.944692116746531,0.739935335436723,0.928333256680118,0.998046867324643,0.934592088019451,0.993582880072621,1,0.978050168894601,0.993294947527995,0.984987201666009,0.957388994366714,0.987253227461083,0.0174302152196473
"T[Ins(C):R5]G",0.0752428141236393,0.451614040570229,0.396971854649006,0.25572126653685,0.898989310237515,0.744193333300644,0.957999893806577,0.556668198776502,0.495906276975947,0.5968332935815,0.440151207184483,0.425309727284962,0.319517316503195,0.845686376774333,0.677071297505932,0.922057560717197,0.591636492273496,0.549934676333938,0.649830878477305,0.535207505495109,0.450746391310065,0.429824654240204,0.894997905584363,0.714488618492592,0.963695353263736,0.576162295238144,0.507493568521105,0.652283968432557,0.108822838533632,0.266667222178688,0.134529417938512,0.185634660857837,0.270131291669177,0.197726197673223,0.280495546823487,0.652674496125695,0.330031237439437,0.573961095491102,0.0602478352122732,0.364596739594698,0.28940428395783,0.147168646918125,0.124605526450672,0.154932761403626,0.215663352814296,0.259487968890117,0.280318793773041,0.51390402658797,0.338692682581959,0.507644092888861,0.452059782769696,0.310310669184464,0.449085935527862,0.407535079676852,0.228075163750347,0.658540863333844,0.417305478735977,0.546655911270254,0.499877236373775,0.693864266894949,0.448768864285366,0.686347559617644,0.98035883993592,0.647976429178537,0.959985653584772,0.974485324752254,0.955371895829204,0.98324287443342,0.964342741699954,0.973823753935315,0.980425877001844,0.978440443126471,0.883974008672215,0.958854715938149,0.985930897008775,0.928004240611667,0.929139725035058,0.970034298279981,0.818757491838099,0.958822339614726,0.97433003503254,0.95880793960027,0.957594195754006,0.978050168894601,1,0.985880278266394,0.985822094557665,0.975992026711201,0.983983519380866,0.0226971752112388
"T[Ins(C):R5]T",0.0667403810801245,0.406557505394478,0.376556037091879,0.216047537090121,0.881483387472674,0.708686661127669,0.952395841595824,0.5048580471169,0.446729264086011,0.54901571343697,0.393965949163462,0.385113454110094,0.28254701457252,0.822668738496033,0.638745277027284,0.909378838203821,0.542475360622224,0.501131739499626,0.605773938450012,0.494821356086245,0.406923856487742,0.392692527855597,0.878036402082972,0.681587897780855,0.96031301737087,0.530091210477058,0.462079384779091,0.610849741999389,0.0936889587323525,0.253546235401864,0.126280569489385,0.182260400026309,0.250689499149385,0.169112872112901,0.270123189900008,0.623343923521505,0.274080330480092,0.527737477583028,0.0405546672259762,0.321504668858516,0.275803840031502,0.134219682035545,0.111122025696191,0.147390658573493,0.203489665602364,0.230859065800519,0.272818953092657,0.468711383122992,0.280651254662549,0.462312485222351,0.435350116215486,0.283023998959252,0.411922592192204,0.40567028542092,0.221141981783397,0.653743608240737,0.411641473348214,0.527666278979472,0.495120666118631,0.674561522369663,0.395277783257612,0.667248576062916,0.993273077136046,0.596073977940723,0.979991632078147,0.990963678201738,0.951451106045758,0.99530821019293,0.963519347044148,0.974436494619887,0.991230621300791,0.992674429202095,0.859302432146802,0.979542578280107,0.995053753059793,0.911102585411225,0.922825964169023,0.970734364709358,0.795862179681247,0.957236101118831,0.990351791967827,0.95177192621358,0.978814204209645,0.993294947527995,0.985880278266394,1,0.995292618837087,0.975873877973755,0.995094418703838,0.0214564822061533
"T[Ins(C):R6]A",0.077199826113246,0.454021150364103,0.4018704768479,0.254233635596916,0.907084865825335,0.748705399152355,0.968279517156727,0.554478710005807,0.490856356860607,0.596890195999065,0.434530054979205,0.415822277727374,0.313000986599939,0.854275314020438,0.681935958236148,0.929825332367082,0.587818367488197,0.545437413451891,0.64938222086063,0.541866153763916,0.441871760506593,0.431539706378458,0.905016654708687,0.723004040679675,0.973791849161078,0.581158883468889,0.514912771316045,0.655534355698255,0.10516365282912,0.266872774172904,0.127094057080817,0.186510111584602,0.2655388745886,0.179626652933222,0.280374445203301,0.656053571558157,0.300851936549124,0.563942709714305,0.0500437244390513,0.349377278459906,0.294544174408677,0.140963009047237,0.114276126449248,0.150687314571816,0.207703474926289,0.24067148726122,0.278638832123271,0.493788095003972,0.310489097635021,0.489476880940805,0.459198255993983,0.294454147826009,0.450157425162539,0.415482348797669,0.224990213505694,0.659414286011304,0.422589793563312,0.536349402574819,0.513933071979003,0.694845988213846,0.422076162447706,0.697178810905347,0.985520578251378,0.628704649444837,0.965789155217305,0.981067301006712,0.954818989167877,0.99086873990696,0.978469482585419,0.979868639280124,0.993303568651948,0.983557449275646,0.869756228878474,0.964974562902378,0.993220431662488,0.921668004893035,0.938056056317319,0.982106539400611,0.822702883383202,0.969449615533862,0.980415931196226,0.956488713142701,0.964201908340345,0.984987201666009,0.985822094557665,0.995292618837087,1,0.983032858354168,0.995413976897485,0.0237830929942685
"T[Ins(C):R6]G",0.0915777248773713,0.511820679536616,0.425680816571595,0.307119413494593,0.93958791760456,0.811127112289919,0.978621907338656,0.633943278150605,0.564878424854833,0.667834521069397,0.50416785117084,0.455599958267889,0.368713306619751,0.900792215149426,0.754336051056163,0.959716147374456,0.671239830819692,0.628525458794666,0.722699787142079,0.593938192250921,0.499908442467542,0.478182819706489,0.93728482653736,0.788451733202891,0.983581103529078,0.655149040518618,0.585710651711526,0.717485619537258,0.125101982006955,0.287261066453127,0.130010262570389,0.192975556661125,0.285838729194301,0.205879967844844,0.290348063999332,0.682789940254664,0.367051809445144,0.614270197208085,0.0560897658633118,0.401841147091267,0.303338969433108,0.149276092109185,0.115496373360433,0.158015533217908,0.216708570019894,0.260996061584549,0.286805395290923,0.549494157356107,0.385434718769576,0.550082568734336,0.484756997347529,0.316784541622332,0.51597901006996,0.418896291151303,0.227271186318423,0.663620900278587,0.430113132226276,0.550324836859006,0.518605518696708,0.717097529937128,0.492966541786354,0.720355992005985,0.961134681453386,0.705141519585281,0.929005263275442,0.950671252074028,0.962678012093518,0.973001256596135,0.980656712116248,0.984711225525652,0.980882319305532,0.958550876948314,0.900989424188383,0.92728027371017,0.977573158500997,0.946951675584094,0.961322582493916,0.986561538024776,0.876445703509937,0.980328113939893,0.952036254242449,0.966685525177361,0.925917968965139,0.957388994366714,0.975992026711201,0.975873877973755,0.983032858354168,1,0.97847483176049,0.028351818928424
"T[Ins(C):R6]T",0.0715175833881866,0.445256918983312,0.395673335801774,0.243204365999474,0.893993665701291,0.729761954173395,0.959207974460789,0.534312681736055,0.47816279702628,0.578388573278183,0.431950458794046,0.412483068949696,0.303682082088899,0.840297734066089,0.666440506601292,0.922539642791305,0.572615824683628,0.531352268724112,0.632855959902107,0.53251483205519,0.438374273098811,0.429583269541718,0.891038569717851,0.703937999946791,0.967254008517739,0.559695423566161,0.494300374128604,0.63831132628215,0.0979069555290881,0.261062047573966,0.127168957892309,0.184052973528099,0.259262763791151,0.178366368909497,0.273212143356612,0.632633037189264,0.287655851176409,0.544817826940662,0.0418445432949017,0.342824139159319,0.301346887184535,0.135595938691981,0.109912879587154,0.148407799533747,0.205025353465039,0.232444600295888,0.275102219968935,0.479492689930416,0.292433215095914,0.476123220368201,0.459985688471691,0.293258140249712,0.43288995504585,0.409066456809993,0.220144487343849,0.657808762992804,0.416876439348093,0.531339996280774,0.515167222106525,0.688094448839441,0.414792939589706,0.693669400103559,0.98625873094963,0.611770179670859,0.970204670033129,0.983931169565652,0.949748628366034,0.99331084049518,0.970285413844792,0.97632470556124,0.993787290442587,0.984734886663668,0.86518623411045,0.969333262289831,0.993416006630173,0.915736972997124,0.93366999577196,0.977356480232714,0.813119075043767,0.966122201266446,0.982460387932227,0.953124178479368,0.968608928645237,0.987253227461083,0.983983519380866,0.995094418703838,0.995413976897485,0.97847483176049,1,0.0228811888220227
"A[Ins(C):R0]T",0.894227916818579,0.0675031426981236,0.0306393841898667,0.0807493522404952,0.0416645781953205,0.0474959397909422,0.0327944766197898,0.0609153016543529,0.0528339824915425,0.0611893262536962,0.0568781548471594,0.0468656195946982,0.0851690046568998,0.0436589546164695,0.0480165461713933,0.0337114521082527,0.0539582782803541,0.0494431012752276,0.0500161717892262,0.0740257843600133,0.045279306191751,0.0520377244985587,0.0418688956229248,0.0506911663326672,0.0332665681012241,0.0546070084917638,0.0512496254251968,0.0565401762767632,0.680147662054486,0.306732409476917,0.187496409471329,0.276859437769689,0.122844970007573,0.05451002171403,0.101801608398,0.0791696561984466,0.0397443158300758,0.0651516806015561,0.0464847586085337,0.0436675866388914,0.173303461631215,0.0556921662435421,0.0165593784629277,0.0364046409511815,0.0180965959132418,0.0434890170293681,0.0215011799114734,0.040030150827178,0.0373515406663682,0.0307832731842544,0.205396593640004,0.0708244264413809,0.460499930278382,0.051831829063545,0.029476968993176,0.118230821446626,0.041990348381305,0.030154613447013,0.0671803346973397,0.0493329991805292,0.0376914364272302,0.0651574243053752,0.0187009693001984,0.0438783631951567,0.0123399394984607,0.0156452369932114,0.0231661386470762,0.0197795278236124,0.032745553957623,0.0282047744093873,0.0271910011454923,0.016171939485925,0.0307153817189037,0.0115691754916456,0.0231977675325728,0.0286250122634735,0.034141028079244,0.0309716969760226,0.0383967728865856,0.0302512221427032,0.0154368319549505,0.0297624178236415,0.0120081126505359,0.0174302152196473,0.0226971752112388,0.0214564822061533,0.0237830929942685,0.028351818928424,0.0228811888220227,1
