"","A[Ins(T):R0]G","A[Ins(T):R1]G","A[Ins(T):R2]G","A[Ins(T):R3]G","A[Ins(T):R4]G","C[Ins(T):R5]G","C[Ins(T):R6]G","C[Ins(T):R7]G","A[Ins(T):R(9,)]C","A[Ins(T):R8]C","A[Ins(T):R5]C","A[Ins(T):R6]C","A[Ins(T):R7]C","G[Ins(T):R(9,)]C","G[Ins(T):R8]C","A[Ins(T):R5]A","A[Ins(T):R6]A","A[Ins(T):R7]A","A[Ins(T):R5]G","A[Ins(T):R6]G","A[Ins(T):R7]G","G[Ins(T):R5]G","G[Ins(T):R6]G","G[Ins(T):R7]G","A[Ins(T):R(9,)]G","A[Ins(T):R8]G","C[Ins(T):R5]A","C[Ins(T):R6]A","C[Ins(T):R7]A","C[Ins(T):R(9,)]C","C[Ins(T):R8]C","G[Ins(T):R5]C","G[Ins(T):R6]C","G[Ins(T):R7]C","C[Ins(T):R(9,)]A","C[Ins(T):R8]A","C[Ins(T):R5]C","C[Ins(T):R6]C","C[Ins(T):R7]C","A[Ins(T):R(9,)]A","A[Ins(T):R8]A","G[Ins(T):R0]G","G[Ins(T):R1]G","G[Ins(T):R2]G","G[Ins(T):R3]G","G[Ins(T):R4]G","A[Ins(T):R0]A","A[Ins(T):R1]A","A[Ins(T):R2]A","A[Ins(T):R3]A","A[Ins(T):R4]A","C[Ins(T):R0]C","C[Ins(T):R1]C","C[Ins(T):R2]C","C[Ins(T):R3]C","C[Ins(T):R4]C","C[Ins(T):R(9,)]G","C[Ins(T):R8]G","G[Ins(T):R(9,)]A","G[Ins(T):R8]A","G[Ins(T):R0]A","G[Ins(T):R1]A","G[Ins(T):R2]A","G[Ins(T):R3]A","G[Ins(T):R4]A","G[Ins(T):R5]A","G[Ins(T):R6]A","G[Ins(T):R7]A","G[Ins(T):R(9,)]G","G[Ins(T):R8]G","C[Ins(T):R0]G","C[Ins(T):R1]G","C[Ins(T):R2]G","C[Ins(T):R3]G","C[Ins(T):R4]G","A[Ins(T):R0]C","A[Ins(T):R1]C","A[Ins(T):R2]C","A[Ins(T):R3]C","A[Ins(T):R4]C","C[Ins(T):R0]A","C[Ins(T):R1]A","C[Ins(T):R2]A","C[Ins(T):R3]A","C[Ins(T):R4]A","G[Ins(T):R0]C","G[Ins(T):R1]C","G[Ins(T):R2]C","G[Ins(T):R3]C","G[Ins(T):R4]C"
"A[Ins(T):R0]G",1,0.335781945905113,0.391626439831956,0.498286979750368,0.624010799412342,0.831465538103284,0.591874581018561,0.445606510143257,0.639424672115265,0.56296047479122,0.751677820611148,0.728098915826909,0.562522257843959,0.667730566771997,0.587723802043782,0.67927846334082,0.701807863396581,0.587072551306637,0.744704735838901,0.635881508668979,0.489066349799377,0.766524344476627,0.604303208712336,0.498964334200719,0.583047370139237,0.53197974657069,0.780576797502125,0.638502667449724,0.46391454764834,0.676247903919984,0.643278392423434,0.728923874533002,0.716127764289115,0.614623709941709,0.604495552076304,0.584012726639238,0.803534739972474,0.658504777469908,0.472847797990199,0.596682112913806,0.575113839355106,0.503836197789398,0.308600307493787,0.303292547294425,0.355633383833968,0.311566916626475,0.439760310251453,0.2781479027046,0.3581400223432,0.525218968023973,0.530082746191986,0.425887587178342,0.543986259602891,0.372086288446178,0.648922300357294,0.564912690787702,0.602997443313944,0.588039425958565,0.609414363364086,0.551752675280519,0.165242361530485,0.128430227217224,0.170923986610801,0.246454343181225,0.325963079114204,0.741150231068411,0.706598207713967,0.566138594084368,0.578085818709546,0.527822220949923,0.631425015813972,0.201157489957096,0.309153528160589,0.542203057992988,0.849936585131919,0.451857755655935,0.31892120974061,0.317865687085247,0.441090117282689,0.193951395684328,0.33703781516908,0.261352989059981,0.300149435365982,0.721374372941629,0.836860703432171,0.304143883063887,0.101816304454092,0.205162662947376,0.299267970663174,0.150573153113772
"A[Ins(T):R1]G",0.335781945905113,1,0.807172955392453,0.800705718147399,0.351408828033542,0.284801195951674,0.278298952632745,0.233823032244746,0.247832532187849,0.253502404139891,0.266715997037388,0.273667884319113,0.25437212422349,0.25878836110989,0.268839081226116,0.238139008619415,0.251255158241635,0.257005368221015,0.288227769400058,0.279476094944269,0.258016667254661,0.311397890653978,0.278328140784351,0.261771197828269,0.244809810777743,0.26145785864931,0.230035562621132,0.247272074812664,0.226436307305569,0.240789963258786,0.260452618254968,0.244719245376827,0.276311299663653,0.274732296502548,0.242044516333573,0.262416778146899,0.241510978324691,0.272169493787375,0.217001087412997,0.241511046480837,0.262022786206551,0.667477820658315,0.793729895622041,0.788217954560846,0.794129692558736,0.282439110638193,0.299764694614563,0.582421842303585,0.430030488525592,0.428046456014842,0.227931836729945,0.402001557789794,0.631719386924512,0.367279266554816,0.375036305001821,0.196731199778292,0.242693304817465,0.264855387411671,0.259215229464822,0.263399888926129,0.338372590937463,0.428926829304005,0.534944362417068,0.499302468391404,0.191823585867364,0.258371138807424,0.263931873686017,0.262141749998114,0.256587584928456,0.261263880311678,0.62272281303259,0.868918256465617,0.588711096569146,0.660746454933884,0.302450721831236,0.549501685828091,0.614524660052991,0.491588577550725,0.449718858718741,0.111628340016682,0.617077370588434,0.505608779352454,0.375188346791658,0.424019075515083,0.242439040995578,0.432688024119259,0.534918273925713,0.459721046718743,0.385841232107534,0.125377959258058
"A[Ins(T):R2]G",0.391626439831956,0.807172955392453,1,0.931629063348284,0.523193039420126,0.377238938312209,0.494540042793713,0.433499599965799,0.407932244561969,0.444044865360058,0.391659452381659,0.434358761520113,0.44372396731547,0.44554731810939,0.494890067785806,0.33629305473245,0.371183353434269,0.441795402443742,0.421075869597532,0.475813912452544,0.484535190761523,0.460263721261437,0.512845206841203,0.505571880725393,0.437548174768763,0.494626173085322,0.275586734423336,0.38297243955982,0.403196409195952,0.375132311788351,0.434291166479008,0.330399836984835,0.456502068986784,0.494778540911602,0.411783584024455,0.465227245885624,0.302240065806684,0.457596681959114,0.368339124307721,0.411973368866015,0.473151496326694,0.84068156739584,0.766714471694356,0.940386177278539,0.927666018864245,0.458430183675544,0.489019869202876,0.455494104442988,0.571827403155827,0.577963506144413,0.33698949514277,0.49174819879542,0.567344291690102,0.63411850197553,0.585183078653169,0.245704513807,0.422578018020578,0.481181861828661,0.468977168416049,0.494532707844568,0.353124244611948,0.349273223242332,0.514824109728527,0.554790589608129,0.278402286517544,0.359286275172128,0.412064674858138,0.469815807816451,0.4832987150179,0.51284048436818,0.691016795500526,0.810773557554971,0.885140520670773,0.899861172022898,0.38774646982035,0.610017938354977,0.36737471234886,0.515812175368475,0.593853123769936,0.170691302259613,0.668705145457045,0.465561228518729,0.644341519315009,0.585013167471638,0.288633065182552,0.459944897438732,0.31117979564986,0.469824959500316,0.603451440306187,0.176457207617227
"A[Ins(T):R3]G",0.498286979750368,0.800705718147399,0.931629063348284,1,0.608886251847351,0.510043857637949,0.575709880638022,0.495155614523209,0.493910391203208,0.527590930264268,0.513996907351019,0.549814594386379,0.529033013676135,0.526437912863027,0.57538436552303,0.453461979998937,0.492689972486918,0.535305386675668,0.537547955911661,0.568201448153743,0.550343206066504,0.573360099994909,0.593177745733692,0.570481549898157,0.503744822389167,0.562244257466545,0.415288831956312,0.488349830238995,0.476306158156893,0.468346836949746,0.531489904301454,0.455467209062594,0.566733197652663,0.582657754622816,0.488706724770766,0.551217448885297,0.438071632657798,0.554218613551356,0.440496242509717,0.489074776605193,0.556158774531591,0.825686556615632,0.745467624213349,0.892614732892193,0.902889057455505,0.493955358400669,0.538989191025159,0.49455460571228,0.592389995430748,0.632690577826172,0.420772677734586,0.515578000689315,0.622089347597484,0.637793134077221,0.648201034761388,0.343506510457856,0.494682361360912,0.560896685261447,0.540762807147609,0.569646616780672,0.341127845566344,0.346581354649826,0.501169926122134,0.563654400332886,0.327538933918669,0.485752568578246,0.531003073398028,0.557210487665253,0.543425354501356,0.574631436391839,0.729930659495122,0.766927849022905,0.83761441830757,0.908688865940969,0.514251316604804,0.632825959086296,0.418405694225422,0.545043279262825,0.636469532587057,0.206209140673081,0.664658003264557,0.482290818249826,0.635952501089224,0.665038413711164,0.426836784540632,0.453283157450019,0.332864067936214,0.475100531921862,0.599567810892186,0.202327829237273
"A[Ins(T):R4]G",0.624010799412342,0.351408828033542,0.523193039420126,0.608886251847351,1,0.861485328741782,0.958983359568647,0.949637176189101,0.896019730605565,0.957595343326061,0.892752212706545,0.877161848752933,0.966333432494884,0.837514201293362,0.888066089187715,0.913221396649489,0.867752654162024,0.944472821000546,0.91880479594293,0.936624685555005,0.940104242564732,0.913396300357869,0.85375447113519,0.894047740455971,0.898334068542578,0.917972094927849,0.784064417473724,0.959043152853956,0.948719433677978,0.868914835219535,0.931777325337239,0.890172548592889,0.838446700289837,0.908582564150311,0.894543740470358,0.933880167041395,0.826695265291427,0.965094718597787,0.946402942128685,0.910346969697833,0.926751556851414,0.64820255673595,0.332195749136736,0.474004330921407,0.516119074748107,0.893074851656909,0.722723807539473,0.530066529169326,0.720421345157997,0.832689523636322,0.938407000074662,0.554051255827402,0.638798965279023,0.644793147500875,0.734110102405066,0.871056524349149,0.901457420350083,0.919789460883037,0.853110653544594,0.8679305488569,0.188659001902391,0.194679536504698,0.382668482512179,0.486453094494024,0.827880397278651,0.881734556599973,0.861251317431701,0.924026523432809,0.849100522503476,0.843964459586018,0.583492611605598,0.197601165582164,0.573365822344993,0.695433771506544,0.863088233833361,0.498891396472642,0.35995886400453,0.541265856456403,0.704805099429933,0.739633905647819,0.420661976977035,0.612520314357134,0.611926943776562,0.782585138934124,0.805873810730648,0.312661822984072,0.18634119094586,0.380684925355942,0.581500725218286,0.709350803592366
"C[Ins(T):R5]G",0.831465538103284,0.284801195951674,0.377238938312209,0.510043857637949,0.861485328741782,1,0.837836692848706,0.736289644701684,0.880732588384537,0.843028980913425,0.972300810657017,0.947799487761511,0.84902941896785,0.854934799771776,0.802120986661206,0.948434375940671,0.95667203119472,0.862076007974523,0.966982372532729,0.885846896862147,0.759140709887017,0.961718817840211,0.792586536187558,0.735037272160095,0.814743877865354,0.778075431319766,0.970765542799583,0.916643874824407,0.758694908377314,0.900784562381591,0.903108283802987,0.9679002056783,0.907165573282774,0.841299289583729,0.840876741899898,0.841392240930458,0.983820919637572,0.903571634500732,0.775319065999814,0.846337630433308,0.827183241391109,0.509998525245721,0.248577067017827,0.297451153855981,0.363677841375073,0.598569783848158,0.599063945947281,0.405124861676873,0.522648168608159,0.682496545047191,0.79187660024508,0.496672304069629,0.615945832322815,0.485118898768195,0.73740534727988,0.823506980957293,0.82934440490543,0.823010820689087,0.805931709506656,0.765878391223578,0.134255965750825,0.124089540804124,0.229571087739865,0.338954322231695,0.585214286383136,0.973768637085913,0.938559911387464,0.822375926747249,0.768956256651526,0.723165259706383,0.618366778912267,0.119471020745417,0.367630534325473,0.592873006780096,0.982316130959074,0.456388259208783,0.354216318625036,0.41976136248654,0.571800383836322,0.492016082632328,0.34114685667689,0.422185390935653,0.41761651813288,0.807338096263276,0.965623633701393,0.289276216053463,0.125751967857151,0.263000771281189,0.408256642499727,0.438119360385468
"C[Ins(T):R6]G",0.591874581018561,0.278298952632745,0.494540042793713,0.575709880638022,0.958983359568647,0.837836692848706,1,0.951076120148146,0.918399847649668,0.978785009924609,0.900324088547661,0.915355955930242,0.979706942775813,0.895138833692456,0.963553023714027,0.885738449326465,0.881391116676789,0.974225237374955,0.917025785927121,0.978446393781413,0.980934960044788,0.926896249971957,0.946090280247948,0.967452103729088,0.925747723373431,0.977325892528092,0.744809833540395,0.933925493577134,0.942419784288842,0.882006274669796,0.96109189584235,0.861960408383686,0.905665201461514,0.973507576183013,0.917216328177616,0.979205038263245,0.787817104926256,0.978679722947755,0.91210501845946,0.927585242594534,0.979486347984655,0.638899283592222,0.268271536414683,0.447348825696042,0.494027667346648,0.852613747207431,0.787493489416004,0.512423560349241,0.742416310419663,0.85872387234836,0.873968009448448,0.547749974762886,0.599955913823446,0.702380527589433,0.766528289718498,0.772590633416684,0.923814993160404,0.976901879335763,0.919849864524438,0.952658446872452,0.160356367261438,0.171486564169175,0.355347562907135,0.486953992388815,0.743688787798499,0.870300987045782,0.901585516889952,0.976228657778514,0.91866738372272,0.938801501731881,0.549819220288443,0.106296111396506,0.596223188274518,0.696364121824561,0.813641041701014,0.459016406719199,0.320659980509185,0.556966720424034,0.738219785013603,0.632528238453475,0.387262566683079,0.506261797451517,0.661451474739805,0.779082790105294,0.747354031141803,0.281619514096244,0.150889608379848,0.378878946863706,0.620357643471139,0.601885773027389
"C[Ins(T):R7]G",0.445606510143257,0.233823032244746,0.433499599965799,0.495155614523209,0.949637176189101,0.736289644701684,0.951076120148146,1,0.878577674247535,0.970028153064364,0.803578247236301,0.798370604328048,0.971988485204241,0.811216704213614,0.895534279729523,0.852712780994264,0.79091784339045,0.941586390941077,0.837655278158333,0.910242764504059,0.975549562079612,0.829778607678674,0.840153910173432,0.9278594240896,0.910830882928279,0.94556567748494,0.653598360446873,0.923881587197108,0.989190748141393,0.834846643554074,0.91351424901074,0.809739607187795,0.764575120394463,0.895828375288489,0.896708596787339,0.941128905034651,0.704440876358647,0.93288026038233,0.97730177932813,0.913462729162551,0.937420780558864,0.59627189079794,0.236519457139946,0.406320816750278,0.43767973607137,0.955827752708441,0.734141778148052,0.506736457616743,0.729521829072432,0.813058056281658,0.942930837458922,0.521131868574,0.550548312202043,0.636069032352915,0.648255658288572,0.839734017383289,0.909386723688437,0.93075568977083,0.85494431696491,0.885878237614746,0.15574165531299,0.158447633433093,0.356779177000092,0.457941270678908,0.887639680058948,0.792269970029554,0.788096195170887,0.930066035342243,0.864442420318795,0.871879955937966,0.467174938493031,0.088312750522265,0.542246165358858,0.600960097997523,0.733276335947261,0.413649500210295,0.286519223998398,0.514314601159291,0.667684003620615,0.812039104116897,0.360932124105052,0.603651873388635,0.61565004640186,0.670760588315832,0.672636476247474,0.248997093893304,0.143384139230368,0.350802189518622,0.571435160469619,0.793781007674908
"A[Ins(T):R(9,)]C",0.639424672115265,0.247832532187849,0.407932244561969,0.493910391203208,0.896019730605565,0.880732588384537,0.918399847649668,0.878577674247535,1,0.950550055752106,0.92020376410601,0.921567444574012,0.939178872855565,0.975718719587389,0.913230895243829,0.927671948446585,0.923230823677443,0.932249991932146,0.930578244370136,0.94344654936245,0.896270192711455,0.9301065315029,0.871050281797895,0.87101952400879,0.984090618393984,0.922450437329914,0.833576095244121,0.92846461424305,0.878775609017604,0.991604816479154,0.970955993801357,0.922327308526478,0.895295979116422,0.914408423751453,0.990148643262167,0.945740088044864,0.863877909544475,0.944440518480318,0.88200058207701,0.992943015529579,0.939215715249019,0.619627895854478,0.251161054369211,0.358450533170459,0.410461110789065,0.757303195828794,0.754462538930551,0.491286697305416,0.675942192472268,0.788750431343461,0.848106081065089,0.584014968114601,0.625164976571645,0.597994760729709,0.733075280713029,0.821098131112083,0.984478079390156,0.937670664997518,0.961987523401472,0.895162316987146,0.168244258943445,0.156873617359614,0.305016216588258,0.429409275337661,0.70916006082495,0.916562217801028,0.911853117435566,0.909715972267136,0.94610716700689,0.873339927967785,0.608379810763777,0.0945939006445639,0.470560326438946,0.611650400992924,0.864268080290918,0.505142233568511,0.340432766656496,0.483879467989548,0.630669568242167,0.620229418097702,0.394824486402309,0.501116468886924,0.544288401262227,0.760628692980416,0.816043278413322,0.299569713243212,0.140841871081941,0.320752112154553,0.514107684480215,0.586329120114301
"A[Ins(T):R8]C",0.56296047479122,0.253502404139891,0.444044865360058,0.527590930264268,0.957595343326061,0.843028980913425,0.978785009924609,0.970028153064364,0.950550055752106,1,0.904513831803274,0.909172649181202,0.995335673873153,0.909691960280107,0.955260836954529,0.920845715187338,0.899834273881407,0.985318931887017,0.922433417080507,0.97245347959961,0.979704390811027,0.921158998386442,0.911159703277227,0.950928458561529,0.95563774911912,0.976955099918796,0.776122447795393,0.960978081628878,0.968026208241411,0.918934269157395,0.9801730744463,0.894646963474922,0.884214646023815,0.959735584426541,0.950338227737621,0.98625014310385,0.812251740482062,0.977665848328549,0.95213805800165,0.961978992483583,0.983477553641366,0.623360393557986,0.248486663647704,0.403512009063809,0.447784611441033,0.878718598799257,0.779592972233687,0.510596206894937,0.726477776204686,0.836326751455251,0.914399259718543,0.553440569348979,0.598334078531134,0.648617316897096,0.722329451752298,0.835516268507311,0.955082858086642,0.977547056908704,0.92912956186403,0.941125605469483,0.158971054835379,0.159218181337554,0.337674168385772,0.460950306203491,0.799617259150736,0.891991266593241,0.902132842093806,0.973818939158399,0.926511463899334,0.920860098379871,0.543932768409214,0.0906171637178935,0.533991422237631,0.640112957654727,0.823994517656739,0.459735118846161,0.317486390769212,0.518507470344914,0.688843518704415,0.706655656594194,0.38257688763957,0.54446782908104,0.607292255009109,0.74656685614512,0.771550943592448,0.276305601946984,0.144750629886055,0.350273574489961,0.570905566008101,0.677667531922986
"A[Ins(T):R5]C",0.751677820611148,0.266715997037388,0.391659452381659,0.513996907351019,0.892752212706545,0.972300810657017,0.900324088547661,0.803578247236301,0.92020376410601,0.904513831803274,1,0.984765457566487,0.909501326951933,0.897501641812998,0.873701690319273,0.969869835468753,0.987745838401803,0.924191536629539,0.992134854226281,0.948053156682494,0.838000771818908,0.983417764672364,0.864030539102949,0.818560535407784,0.865240225433571,0.855668224303434,0.938497322293438,0.941196340445838,0.815262035185968,0.926656458723004,0.95282194716103,0.973413218291848,0.949691907749347,0.907042500121028,0.88271363836394,0.904864777780104,0.95397801218754,0.942542537300095,0.820848298049182,0.890770984137694,0.896134076709526,0.53548956212706,0.235612583293545,0.321501588260673,0.383959705112492,0.65671450594954,0.660405491728264,0.435186217367218,0.582375138492956,0.733357804097965,0.81243899540841,0.508409299904037,0.610807533577103,0.545998475582397,0.747841807618176,0.80851574617761,0.874493717811098,0.892580507311716,0.861173165609386,0.843451108497042,0.136336141316705,0.132640928230291,0.255392123029629,0.382270307552173,0.612910798358571,0.980187750485297,0.976609410200561,0.893273508315381,0.832108375619915,0.80494639112205,0.597747551085292,0.0936964904968192,0.417738046709565,0.612567728560739,0.943061445827195,0.45206861419463,0.345173355653102,0.453657888481362,0.620009162350117,0.518028568053827,0.346618523237162,0.430981519784387,0.479376843844947,0.799422940400489,0.912777042449991,0.284924308902715,0.132185067969982,0.294334058897556,0.460539664984478,0.466880963264907
"A[Ins(T):R6]C",0.728098915826909,0.273667884319113,0.434358761520113,0.549814594386379,0.877161848752933,0.947799487761511,0.915355955930242,0.798370604328048,0.921567444574012,0.909172649181202,0.984765457566487,1,0.909351602288573,0.92411720880335,0.91541944347726,0.933591245473068,0.980353797694557,0.93268534158252,0.975063153310027,0.965330334981712,0.860182076590444,0.981032441980994,0.916936184149214,0.861480839380805,0.87394682144164,0.889219770818521,0.902415169888123,0.914578848740682,0.804117282175286,0.919801061416336,0.95931917025924,0.938091096298024,0.983473188832464,0.94287537300326,0.886408827313173,0.924898352162224,0.915833375253399,0.943555638498719,0.789309659024072,0.890560373437146,0.922282351712125,0.567115003036752,0.244917556403788,0.364118173419613,0.426192734639058,0.638623912958781,0.710009892913517,0.443916751317195,0.616715534912101,0.763424369036328,0.762152035168683,0.515321143919624,0.60406699061203,0.608806289985281,0.786588531454346,0.734451477108043,0.878844027706436,0.920543405145294,0.897250638585922,0.892414141670427,0.139985388608722,0.140053012744834,0.269785323356013,0.411529452919483,0.551646488537321,0.960500250284586,0.988704280602525,0.918576319626229,0.87224320782788,0.862349366673862,0.599705699626396,0.0960099951130928,0.482853164903334,0.660713296702202,0.906905797174303,0.461760246968408,0.335386078350892,0.481740990715283,0.661201521128542,0.439249455803024,0.357564089679577,0.381880049468691,0.540670987678413,0.815300435193167,0.86763020516253,0.286500419027843,0.132086989134162,0.317743181693242,0.515375365145482,0.390856946655473
"A[Ins(T):R7]C",0.562522257843959,0.25437212422349,0.44372396731547,0.529033013676135,0.966333432494884,0.84902941896785,0.979706942775813,0.971988485204241,0.939178872855565,0.995335673873153,0.909501326951933,0.909351602288573,1,0.890185887381147,0.93980520851008,0.927574568399541,0.900393530570354,0.982738956233329,0.92687911559821,0.971396237177214,0.976848087936069,0.922041459184866,0.899728670246723,0.940714185025479,0.941026398688752,0.965853553548439,0.785393340454666,0.969455492479203,0.969386586049039,0.907810606687309,0.97241606771806,0.902150279422547,0.879246045616125,0.952787914301778,0.935696161215666,0.976388358070873,0.822360830969764,0.983029759299546,0.959775730417744,0.951064013247479,0.973655524734532,0.6080788095185,0.245870453105152,0.399593750742869,0.443982616755999,0.884796832460637,0.762204475355992,0.508310548020938,0.718921049573215,0.830485292892779,0.926254550689047,0.541948360312175,0.594543770542333,0.645693352395031,0.723173669744292,0.852286806677165,0.940328211885615,0.965702647865867,0.90800604871623,0.924596701795849,0.158839332864487,0.159806676878633,0.338890370193628,0.45759244626538,0.812948179073232,0.896743696203306,0.899151227650927,0.967173958656134,0.903411245330267,0.901553043790345,0.533076358798034,0.0919590246837591,0.533452261753007,0.641668808571899,0.834072101871177,0.44963464023495,0.31785660457409,0.520800800612777,0.690062967780134,0.724876982019291,0.376141403655461,0.556226538431242,0.606636574645914,0.755725905233779,0.784007590269937,0.272958213996492,0.145756626023115,0.350779807347847,0.567897948244294,0.694918241406321
"G[Ins(T):R(9,)]C",0.667730566771997,0.25878836110989,0.44554731810939,0.526437912863027,0.837514201293362,0.854934799771776,0.895138833692456,0.811216704213614,0.975718719587389,0.909691960280107,0.897501641812998,0.92411720880335,0.890185887381147,1,0.929819811797492,0.862746654102064,0.900208937889342,0.900972758713228,0.900062606627941,0.929448772626614,0.865694239431438,0.918117480876313,0.905472683495328,0.874051678600217,0.964063677057495,0.915885883233449,0.793858165657785,0.86038608068605,0.805217191290742,0.967732511206029,0.947324205441798,0.866572387817011,0.924609803564671,0.923696668780122,0.966999028268556,0.930140083169174,0.820651120574325,0.909209586410534,0.785889073075413,0.960045024102522,0.929232245153918,0.645512760909267,0.262641423660434,0.391682659915826,0.445491424744154,0.663436922281245,0.785339930590393,0.477803689798995,0.681797328638789,0.796895566809885,0.739456749185212,0.589859034054698,0.619828257073034,0.653417822745011,0.783824936932005,0.696700159751389,0.961689703087571,0.933708514966697,0.984793227415874,0.91724248963347,0.168335363226414,0.161806731702935,0.304167010525837,0.449872825994162,0.574015013420741,0.880356237731515,0.913529103065733,0.899087304891801,0.9710785078533,0.906288331242297,0.624862033477017,0.0985640322411995,0.523335269617309,0.656572920483604,0.826688215439916,0.512995491370733,0.336710238920051,0.510058418992493,0.660499620262301,0.45861453636163,0.400644938815669,0.403141226419054,0.592113599771689,0.782890812091134,0.77031121920312,0.303540286053674,0.140692498798549,0.338721762623123,0.552791842102498,0.425360294279347
"G[Ins(T):R8]C",0.587723802043782,0.268839081226116,0.494890067785806,0.57538436552303,0.888066089187715,0.802120986661206,0.963553023714027,0.895534279729523,0.913230895243829,0.955260836954529,0.873701690319273,0.91541944347726,0.93980520851008,0.929819811797492,1,0.833996903941736,0.871517665601287,0.961420547056314,0.881901906799651,0.965691027543061,0.960149729743032,0.908903012678256,0.981997613783164,0.982529870760138,0.922585999132667,0.985714549959426,0.710973858724193,0.873305972063739,0.889394156346963,0.875386808924687,0.955930910008985,0.815370650687222,0.932729168025287,0.989712843400066,0.914612864968589,0.981734665229049,0.742480171235202,0.936903870856694,0.831409974064596,0.913950359800732,0.98816802041348,0.659757978639064,0.260289100369498,0.453573381646627,0.499860662762616,0.770015858605416,0.833385545259342,0.497113418045706,0.74299902075537,0.855872933094183,0.777092847223074,0.555147781989338,0.584330390800814,0.722137446181854,0.779949527880732,0.66136305341365,0.9199869930965,0.988177981824696,0.958876377663819,0.994358384811552,0.154514157855529,0.161466058885723,0.332174053938878,0.48568118034416,0.627069058161559,0.843914814907669,0.913047018219229,0.982696132600101,0.958963330831375,0.986954714982965,0.560110692422832,0.0919738882640065,0.605146116871021,0.699473829546777,0.762257452691228,0.466467862736111,0.307423227966405,0.551179861286354,0.737641190108116,0.491059167522403,0.392305863689453,0.412131486337078,0.667526954306627,0.76407579972025,0.698471732148558,0.2758636782361,0.142500068096219,0.37303666228187,0.625743431430829,0.463273405994864
"A[Ins(T):R5]A",0.67927846334082,0.238139008619415,0.33629305473245,0.453461979998937,0.913221396649489,0.948434375940671,0.885738449326465,0.852712780994264,0.927671948446585,0.920845715187338,0.969869835468753,0.933591245473068,0.927574568399541,0.862746654102064,0.833996903941736,1,0.969956536830473,0.927383278311092,0.976923776994493,0.922279983455243,0.843798715921454,0.950208115773623,0.795068400737886,0.793276700397465,0.878635363708037,0.841720410375077,0.932797458456066,0.974372558644771,0.872193467006098,0.935581882490632,0.949155547792599,0.98881910435485,0.874211586852021,0.865060444138818,0.899333393086407,0.897136620656378,0.950459605113643,0.936022227784114,0.896627093866606,0.913146971123415,0.882593997687648,0.504856604052511,0.214249680968659,0.278736260490785,0.334392535975243,0.743474523242916,0.619066529995183,0.436132177628418,0.568079618086504,0.704361076575649,0.899505159360213,0.500326731385551,0.596843067694848,0.475165862544913,0.669138985592586,0.910325881691548,0.890570410636079,0.873036137890851,0.831768006986132,0.802199247630734,0.133038355465182,0.119420022219274,0.251898079237935,0.354140656400328,0.745798696328408,0.97493546758595,0.933313653324157,0.877566257892941,0.803224020723218,0.756188018750319,0.563877125530683,0.0836231451160343,0.352676369360437,0.538148169175232,0.935650302673671,0.436565906164261,0.333598706359062,0.410575968345087,0.56138078273042,0.67933229902567,0.333874133051632,0.524209269721906,0.419804656765732,0.740056417245035,0.914876275041196,0.270818724153323,0.124864613602495,0.264337668117215,0.40815610641263,0.631951441471342
"A[Ins(T):R6]A",0.701807863396581,0.251255158241635,0.371183353434269,0.492689972486918,0.867752654162024,0.95667203119472,0.881391116676789,0.79091784339045,0.923230823677443,0.899834273881407,0.987745838401803,0.980353797694557,0.900393530570354,0.900208937889342,0.871517665601287,0.969956536830473,1,0.92884114358596,0.980817899728233,0.939326935408586,0.829153308110297,0.969634815162816,0.856406262576572,0.8129216290368,0.862354510217041,0.851234125821521,0.93931456563748,0.934256583868364,0.812082929593485,0.931503244805868,0.954382736273898,0.96919040108065,0.947312769085348,0.902008082932914,0.886100168577094,0.905459301188011,0.944391603102844,0.923608499063955,0.807610647001341,0.891730080624377,0.896853817188318,0.524624006706728,0.221053012953422,0.309710561587306,0.372375469730132,0.644492383281825,0.660083902894523,0.42654070969074,0.570433235184722,0.71405488915714,0.793823954999741,0.498954876870152,0.593917050046589,0.521879373263161,0.723702282481259,0.794227722806937,0.871778918087915,0.888869926162515,0.864247683348923,0.845576064792268,0.131888026088314,0.121275190172225,0.241791250629969,0.371644959047474,0.59499408613003,0.983031467983649,0.98581639294669,0.895952020128759,0.831507877887111,0.803225876207201,0.5896832305138,0.0864503031538889,0.395586690528704,0.587439372792906,0.9191824622814,0.450306068248775,0.331119992802358,0.426091583506986,0.594189720339954,0.501781014261501,0.341455399109428,0.41510198680907,0.454213558113264,0.77288159672699,0.895853150456023,0.278402274708495,0.122898132757118,0.277955086144665,0.443426130010769,0.450487123543675
"A[Ins(T):R7]A",0.587072551306637,0.257005368221015,0.441795402443742,0.535305386675668,0.944472821000546,0.862076007974523,0.974225237374955,0.941586390941077,0.932249991932146,0.985318931887017,0.924191536629539,0.93268534158252,0.982738956233329,0.900972758713228,0.961420547056314,0.927383278311092,0.92884114358596,1,0.93640376647,0.976940659430042,0.968032902104879,0.937308899545577,0.929848974610033,0.952091611297108,0.92421644516536,0.967609506122578,0.80091022887554,0.958320457275664,0.953085101185871,0.903898094396303,0.979261501714279,0.900860388022816,0.915268285803069,0.971460338012605,0.928820110626353,0.987237765205325,0.827640113854295,0.970579933115071,0.915804064252874,0.936248969109566,0.986289458282493,0.613811250048465,0.242986501951175,0.401515588834266,0.452197680890503,0.839856327536409,0.782426995784976,0.500715018692923,0.71122630094299,0.831194875248348,0.885644525611921,0.537495572868693,0.592166539616962,0.638317868696957,0.734848204896088,0.802821843602312,0.926551543635312,0.974316952497408,0.919638352031978,0.950421217054378,0.151500774083022,0.15340419583169,0.319586023501901,0.455810604257753,0.748040957078707,0.914941108169946,0.938348999409355,0.988551617824265,0.909959146169315,0.923720480899067,0.551228399892591,0.0872638337962621,0.521771991655351,0.642986739101808,0.831967155423824,0.454628129439088,0.315783021654332,0.50806013300773,0.689355740034702,0.638039905667101,0.380047303810937,0.501275378659702,0.590602638498413,0.757308077793133,0.787733259430475,0.275077834119387,0.140846184953147,0.342091760979504,0.564525084244978,0.604251418853513
"A[Ins(T):R5]G",0.744704735838901,0.288227769400058,0.421075869597532,0.537547955911661,0.91880479594293,0.966982372532729,0.917025785927121,0.837655278158333,0.930578244370136,0.922433417080507,0.992134854226281,0.975063153310027,0.92687911559821,0.900062606627941,0.881901906799651,0.976923776994493,0.980817899728233,0.93640376647,1,0.956908803039169,0.862297610811454,0.986246135236073,0.867464002557948,0.836546067392473,0.884601308241933,0.873399172831507,0.920871051749456,0.95316684825645,0.846167213775471,0.934836023117325,0.962426345717064,0.973956861499531,0.935384147350541,0.911563383906434,0.899459624821944,0.918311686301435,0.943333995301581,0.951539102507352,0.852994677521858,0.908286896813054,0.908628344134059,0.563209041173876,0.260997250968523,0.355484437893236,0.413982865171028,0.705443175961697,0.664738707257661,0.451523533916805,0.606887479816287,0.75060750583333,0.846387567627796,0.528131383138525,0.626596288036416,0.566556677675165,0.752340091060139,0.833277095201801,0.893911859553152,0.906912097923365,0.870224818029204,0.852089181734735,0.148594185852757,0.142452180408866,0.27762686834656,0.400430732630375,0.661669542545584,0.974110798953718,0.966278918481174,0.904095572921882,0.844818856379267,0.81626921751206,0.612647521105101,0.121636279306895,0.451424149630784,0.633783807614463,0.942385588341771,0.470770705258332,0.352827420646776,0.4739952072185,0.634791131302894,0.568762219350189,0.366409693733153,0.474489676337221,0.503115831139878,0.7975363501321,0.903003835688362,0.298474871222387,0.139580973242255,0.310698152804966,0.480135197561462,0.520342843398453
"A[Ins(T):R6]G",0.635881508668979,0.279476094944269,0.475813912452544,0.568201448153743,0.936624685555005,0.885846896862147,0.978446393781413,0.910242764504059,0.94344654936245,0.97245347959961,0.948053156682494,0.965330334981712,0.971396237177214,0.929448772626614,0.965691027543061,0.922279983455243,0.939326935408586,0.976940659430042,0.956908803039169,1,0.956395824378726,0.964466833760721,0.955471064270884,0.947808734212278,0.929480729020739,0.966460522846991,0.80967628017452,0.936329991313757,0.902731947946114,0.921326233720907,0.983096447456864,0.906830185077667,0.952152055167941,0.980108927428645,0.928462797135824,0.978056200078164,0.841771987591892,0.975936730297427,0.880754796308837,0.936668390366736,0.978463382091436,0.622562967692123,0.262784857636782,0.422794096319972,0.475339408346747,0.784017081717867,0.76409015810506,0.491072341521259,0.702157950742009,0.827898900931226,0.840026218524474,0.550120689411712,0.608694007280085,0.675941166723653,0.775785840978862,0.765124344067835,0.930630575392631,0.977917457669307,0.933387121168429,0.950970788420456,0.155346120887333,0.154817150744305,0.322830772852441,0.461547674078931,0.679260035510417,0.916712503984834,0.952269504004251,0.971967821085718,0.923883619393613,0.930618363764336,0.579526844784766,0.105870857365157,0.560243800576025,0.687938376175687,0.850694952705153,0.471365317194767,0.330029255337265,0.534073177209039,0.711863940411935,0.569390971858337,0.385652094291093,0.466226623599326,0.619351861330888,0.7878270448225,0.790098090318061,0.288867282326141,0.14410122175908,0.358032149076143,0.584400998047893,0.532586348800058
"A[Ins(T):R7]G",0.489066349799377,0.258016667254661,0.484535190761523,0.550343206066504,0.940104242564732,0.759140709887017,0.980934960044788,0.975549562079612,0.896270192711455,0.979704390811027,0.838000771818908,0.860182076590444,0.976848087936069,0.865694239431438,0.960149729743032,0.843798715921454,0.829153308110297,0.968032902104879,0.862297610811454,0.956395824378726,1,0.872299310529677,0.928876660810623,0.981471190881445,0.922522804754616,0.987565015912028,0.664038644858356,0.907856136749708,0.963390371138791,0.849333080994682,0.941698038632346,0.807595336642948,0.851242463702848,0.958548645839585,0.908021680337732,0.975490186671345,0.708790606946994,0.949468212391411,0.925686579355054,0.918682815328361,0.979268046852235,0.639995467103925,0.256102303271151,0.452825911156212,0.491302124801836,0.899073361330404,0.79675160882327,0.516308147034385,0.758882800470898,0.854756572780861,0.876686813200763,0.542030115491914,0.568016331553242,0.703283062804896,0.719276691641167,0.753602759171787,0.91849305361471,0.97474843620598,0.909318639173035,0.955976331374757,0.160349219464135,0.166870345915505,0.362197217099001,0.489092244423335,0.780970882302817,0.812964355126228,0.849995219721424,0.974576664554807,0.917555805499454,0.947060739553563,0.505703439206436,0.096492686110618,0.603636679415742,0.669656220246442,0.736233321222036,0.442540476879529,0.296571105523936,0.550586366660265,0.72591275458878,0.675888821663793,0.386264348123243,0.525156532109538,0.669617110217823,0.718893941866303,0.667609960547263,0.26485902817983,0.148456020848953,0.378550541079826,0.625433417264352,0.654392639333942
"G[Ins(T):R5]G",0.766524344476627,0.311397890653978,0.460263721261437,0.573360099994909,0.913396300357869,0.961718817840211,0.926896249971957,0.829778607678674,0.9301065315029,0.921158998386442,0.983417764672364,0.981032441980994,0.922041459184866,0.918117480876313,0.908903012678256,0.950208115773623,0.969634815162816,0.937308899545577,0.986246135236073,0.964466833760721,0.872299310529677,1,0.90615200392335,0.863736040692761,0.887816470893404,0.890511192839168,0.902473865767541,0.934898768461136,0.835649507936503,0.93016323479095,0.961775144700667,0.953933501727874,0.959847871157427,0.935462567790895,0.902074362823075,0.92872947481201,0.925891641510108,0.953750412524733,0.828119434196008,0.906738691468971,0.922115496007895,0.599588222177779,0.287640778093167,0.394291178279052,0.455770789458375,0.691939840089503,0.70002060234507,0.460352423649262,0.632732863551112,0.776211869343365,0.816524749404995,0.542375505105627,0.636565136211995,0.608000717421957,0.784058332195262,0.789085302918998,0.896388877382325,0.921485627036046,0.89436489191612,0.883159163896039,0.158425870549335,0.156449793919382,0.296944599667053,0.42634554061225,0.624080038245228,0.965153595655567,0.97241717101925,0.918875565943122,0.870022885363899,0.851447159148274,0.636693161693371,0.138327357399935,0.49584831875117,0.676339460053145,0.933530673306049,0.490996229060569,0.358697540073536,0.497560847769563,0.668865337671384,0.51193634592012,0.389685818946668,0.445328063839979,0.540906343777564,0.821185208332431,0.889182948242158,0.315768695301731,0.149034230744164,0.33569479367509,0.523628505596491,0.465920784561801
"G[Ins(T):R6]G",0.604303208712336,0.278328140784351,0.512845206841203,0.593177745733692,0.85375447113519,0.792586536187558,0.946090280247948,0.840153910173432,0.871050281797895,0.911159703277227,0.864030539102949,0.916936184149214,0.899728670246723,0.905472683495328,0.981997613783164,0.795068400737886,0.856406262576572,0.929848974610033,0.867464002557948,0.955471064270884,0.928876660810623,0.90615200392335,1,0.96950239530432,0.872231150560619,0.956928006759668,0.689621612685734,0.827185231210861,0.828844587882682,0.834819909834143,0.923210210969661,0.784149470329152,0.950269104923927,0.983514732335084,0.865958731879178,0.949710315944248,0.720631383137066,0.912010471221464,0.762261987966339,0.863894004334414,0.960239080670389,0.645429852126616,0.262817316161182,0.464691215812268,0.515210822671178,0.699697137296616,0.806689678146368,0.473767601388246,0.719281047548461,0.836311563540951,0.70581466030535,0.536665295741993,0.570796839767363,0.738606830365271,0.796563845803057,0.583892910587857,0.870491940484885,0.96241989609469,0.930718292891802,0.981162053307925,0.148002318016313,0.156806756455596,0.321759980337335,0.480528412256416,0.533758504179879,0.823035333444629,0.911490746640841,0.961182897986533,0.927003528150139,0.975513760019576,0.560309516810898,0.0991835526881744,0.62481984114274,0.722074914287434,0.742502443608303,0.456020068249826,0.305930719821525,0.558931435205058,0.748783373438508,0.386442134507455,0.384641319504221,0.349196015391795,0.680208763742568,0.771479596713077,0.672799119069919,0.274616399510297,0.140371275940294,0.376430525881488,0.637373280582564,0.356462321169262
"G[Ins(T):R7]G",0.498964334200719,0.261771197828269,0.505571880725393,0.570481549898157,0.894047740455971,0.735037272160095,0.967452103729088,0.9278594240896,0.87101952400879,0.950928458561529,0.818560535407784,0.861480839380805,0.940714185025479,0.874051678600217,0.982529870760138,0.793276700397465,0.8129216290368,0.952091611297108,0.836546067392473,0.947808734212278,0.981471190881445,0.863736040692761,0.96950239530432,1,0.898224905451335,0.987443266270057,0.628585688342934,0.855764104782432,0.914851708204234,0.821172568462583,0.925477391106495,0.762060540851974,0.879786913806331,0.975139794316206,0.883527062633726,0.970249183419847,0.669084589917327,0.922198978327111,0.85229253285843,0.887143809650266,0.978591953979037,0.653591855904654,0.255884698553768,0.473155807618934,0.513598858731425,0.830704688079312,0.821317116579781,0.503751631761734,0.763799785333833,0.859657946147859,0.793824193392785,0.541075411020301,0.557902710468364,0.742932478810858,0.750249454266036,0.651696998742431,0.894203302223852,0.977253222261527,0.923064316800527,0.984946259666757,0.153083142196292,0.164299878913764,0.353959218237278,0.497487297929423,0.676909471226006,0.785735773214844,0.858010910496371,0.979125188047505,0.931622527887149,0.982483003635233,0.51282873623412,0.0929512506007599,0.638240741604237,0.697270471828636,0.699110591276402,0.440148173992618,0.291773621394977,0.567330366020474,0.750494860778635,0.547685055827443,0.386539371848053,0.444893168120317,0.700244605874095,0.725765296859063,0.62593655802956,0.259608198089024,0.145968634806864,0.38709219971913,0.654845462568775,0.527290965304027
"A[Ins(T):R(9,)]G",0.583047370139237,0.244809810777743,0.437548174768763,0.503744822389167,0.898334068542578,0.814743877865354,0.925747723373431,0.910830882928279,0.984090618393984,0.95563774911912,0.865240225433571,0.87394682144164,0.941026398688752,0.964063677057495,0.922585999132667,0.878635363708037,0.862354510217041,0.92421644516536,0.884601308241933,0.929480729020739,0.922522804754616,0.887816470893404,0.872231150560619,0.898224905451335,1,0.944538295913496,0.747995366978327,0.904989846134554,0.90053870477469,0.963304789837022,0.953799796565635,0.863932335465474,0.853474544331692,0.912281295567915,0.992291368801236,0.949265185397629,0.789071492714157,0.933747534318442,0.896708099080458,0.993568408788465,0.945146806824894,0.652939714156722,0.26067031358222,0.394231552218823,0.437842989769738,0.807831406312344,0.788012329276731,0.509088313978235,0.721275240934993,0.820685230188184,0.853886987498513,0.597791589782469,0.615497843077628,0.648007837015126,0.735095344663152,0.796797888338871,0.995809443852521,0.947708082210698,0.971392864596893,0.909752515300093,0.176006608376023,0.167428719177149,0.335775457639751,0.457887312234681,0.745168104703549,0.854449457845551,0.85932518078317,0.912144984025573,0.970029691031402,0.901134645512963,0.583646696786003,0.0967938718466341,0.527988772975639,0.631405576174121,0.805826115156241,0.502042846527096,0.327579397934396,0.515212156669708,0.656520009733917,0.65379286886986,0.404320762706024,0.522561821891957,0.605232363515349,0.743713277789649,0.744654372759791,0.294814051885363,0.147498040134001,0.346053213252152,0.561792313597052,0.62961074728307
"A[Ins(T):R8]G",0.53197974657069,0.26145785864931,0.494626173085322,0.562244257466545,0.917972094927849,0.778075431319766,0.977325892528092,0.94556567748494,0.922450437329914,0.976955099918796,0.855668224303434,0.889219770818521,0.965853553548439,0.915885883233449,0.985714549959426,0.841720410375077,0.851234125821521,0.967609506122578,0.873399172831507,0.966460522846991,0.987565015912028,0.890511192839168,0.956928006759668,0.987443266270057,0.944538295913496,1,0.684095381737137,0.893992802942373,0.93289991896304,0.87973905333568,0.957871047311045,0.813100306867143,0.890574637093311,0.976799710124822,0.930270678772443,0.986946817333765,0.724200620890883,0.948183750857378,0.888764932183404,0.935270272613125,0.9913181409485,0.660006158711393,0.261381787353156,0.45769596495685,0.499276427471317,0.844402886934165,0.825468962169869,0.516080887342237,0.76411576557433,0.863414031380918,0.83224201666784,0.561540672094534,0.584454167717924,0.72512784626938,0.756958490436403,0.71413231833435,0.939333916671825,0.99198138586877,0.951688731010657,0.981960184401787,0.161690081708157,0.16797387846048,0.356343775140761,0.497409571401452,0.714339233620135,0.82708677013583,0.879667133460108,0.980544708576339,0.958716961315873,0.977601534221456,0.539378478632678,0.0944645485739344,0.615727728545664,0.69066723510546,0.748918952457019,0.46543792433801,0.304167494024542,0.557656291678657,0.736112567212906,0.596499478135966,0.393737556504003,0.478734752865997,0.681612366488844,0.744786861773733,0.678649376635218,0.273954493746926,0.148227694285803,0.383414707663947,0.636659774174978,0.57331393041724
"C[Ins(T):R5]A",0.780576797502125,0.230035562621132,0.275586734423336,0.415288831956312,0.784064417473724,0.970765542799583,0.744809833540395,0.653598360446873,0.833576095244121,0.776122447795393,0.938497322293438,0.902415169888123,0.785393340454666,0.793858165657785,0.710973858724193,0.932797458456066,0.93931456563748,0.80091022887554,0.920871051749456,0.80967628017452,0.664038644858356,0.902473865767541,0.689621612685734,0.628585688342934,0.747995366978327,0.684095381737137,1,0.8847469306724,0.691452589003157,0.863746206684727,0.84424438948279,0.958958305978554,0.851044253697785,0.758767670393395,0.782652028232291,0.763541797439651,0.990869087296527,0.83910808418864,0.722459140942421,0.791613705749026,0.74755196219873,0.417648596682985,0.191489696852833,0.197111318364205,0.261486131725316,0.516967047286577,0.523124510495468,0.350081941329463,0.427962963513485,0.588283217036844,0.748574951569228,0.432960366852699,0.559882673720366,0.360193732515633,0.64790233012372,0.82439369495081,0.763685818339717,0.734409327893535,0.728752939540596,0.671448759269167,0.111871430700701,0.0932982236537837,0.171823402761498,0.263422644971699,0.542337661487648,0.964654406258566,0.904811802294996,0.745488522828361,0.681700383362531,0.616994110591832,0.560129637493913,0.0802322359302722,0.237623886583865,0.481847036683799,0.961060418881859,0.404375393051268,0.32332380198054,0.323998088434223,0.463812676871841,0.473018119633183,0.287973443400013,0.388938772902624,0.293474699087925,0.750649856508631,0.976379914883296,0.255680010223652,0.103462192124621,0.196181799720215,0.296959800600153,0.41705358937902
"C[Ins(T):R6]A",0.638502667449724,0.247272074812664,0.38297243955982,0.488349830238995,0.959043152853956,0.916643874824407,0.933925493577134,0.923881587197108,0.92846461424305,0.960978081628878,0.941196340445838,0.914578848740682,0.969455492479203,0.86038608068605,0.873305972063739,0.974372558644771,0.934256583868364,0.958320457275664,0.95316684825645,0.936329991313757,0.907856136749708,0.934898768461136,0.827185231210861,0.855764104782432,0.904989846134554,0.893992802942373,0.8847469306724,1,0.941121954411464,0.916942477524141,0.956485892913848,0.958756047905888,0.86440813196091,0.900495386110589,0.915528765532108,0.933776473862803,0.911892012691054,0.971930531839118,0.950601357974382,0.931248173195901,0.922431524891976,0.551223319212411,0.230698032467662,0.329943569391494,0.380359411476684,0.838546219561278,0.689290131509107,0.478208112533466,0.642522156456393,0.77145253192036,0.945983191925023,0.517166586787646,0.601259537938223,0.541838798489714,0.694289643974882,0.924474901998613,0.912017141248076,0.90898522786363,0.855695299986668,0.847874691116243,0.146914235353397,0.143215733920144,0.298108591952252,0.401464314642106,0.817293101674685,0.949363607834125,0.911598003393343,0.919868329396247,0.837227134875349,0.809617575511084,0.544226392244157,0.0887156899571155,0.426174291960067,0.583585158824005,0.91204911518043,0.440373423142663,0.328475683139989,0.457981293120335,0.619161949085792,0.742879939777668,0.354172703358635,0.565915372747046,0.499773759645063,0.764193452072909,0.886218989801858,0.272289913303925,0.13695786432593,0.302041060076217,0.479558126550064,0.703989892983218
"C[Ins(T):R7]A",0.46391454764834,0.226436307305569,0.403196409195952,0.476306158156893,0.948719433677978,0.758694908377314,0.942419784288842,0.989190748141393,0.878775609017604,0.968026208241411,0.815262035185968,0.804117282175286,0.969386586049039,0.805217191290742,0.889394156346963,0.872193467006098,0.812082929593485,0.953085101185871,0.846167213775471,0.902731947946114,0.963390371138791,0.835649507936503,0.828844587882682,0.914851708204234,0.90053870477469,0.93289991896304,0.691452589003157,0.941121954411464,1,0.838417274186744,0.915792166573778,0.830520144825278,0.769121742824697,0.892206845935198,0.896481094344,0.941810984535644,0.733906034668191,0.932452057714098,0.976648181474519,0.911399193249136,0.936714734467319,0.584564063272099,0.226955473836863,0.380963732663833,0.415502152391514,0.949205585590819,0.738270891131487,0.505788822676146,0.714121232724016,0.804594804674073,0.954715034777801,0.514524992891027,0.551476293893517,0.591973351310251,0.633091530175269,0.861629490604513,0.901890065992273,0.921722507975815,0.847568724801834,0.880513230989014,0.151337795052094,0.15561283065753,0.338630337188795,0.440026219430142,0.892665585942719,0.820109313387859,0.806469896587945,0.93506297134478,0.849294557298461,0.856887459354348,0.472697835160659,0.0795985859782138,0.492768785368088,0.571626012778614,0.754755303546995,0.414876657956895,0.288159982809261,0.485307108368098,0.643716002106757,0.812689528196873,0.35906515678492,0.601938057073617,0.568149151776782,0.668186546076113,0.709185710363012,0.248427120873263,0.140201380673621,0.33027492153182,0.538980665098849,0.791028277715101
"C[Ins(T):R(9,)]C",0.676247903919984,0.240789963258786,0.375132311788351,0.468346836949746,0.868914835219535,0.900784562381591,0.882006274669796,0.834846643554074,0.991604816479154,0.918934269157395,0.926656458723004,0.919801061416336,0.907810606687309,0.967732511206029,0.875386808924687,0.935581882490632,0.931503244805868,0.903898094396303,0.934836023117325,0.921326233720907,0.849333080994682,0.93016323479095,0.834819909834143,0.821172568462583,0.963304789837022,0.87973905333568,0.863746206684727,0.916942477524141,0.838417274186744,1,0.956579255779253,0.936623652749192,0.886263939360172,0.880478768897436,0.97785668740573,0.914960761270998,0.89146405020692,0.921562188820824,0.852767943315828,0.977750509647363,0.904149159506239,0.585303393952694,0.240842296933457,0.322662446551011,0.376973564131649,0.706631545505697,0.700314543881615,0.462281988890282,0.626543585915224,0.744501677074964,0.828063558642137,0.571270415121089,0.622729549443759,0.549603175052728,0.715804472640122,0.826503895603112,0.969279622447717,0.905626487673758,0.939425885275959,0.853329164987935,0.159527877950759,0.143824452694774,0.278534170818967,0.397063833943418,0.679572492336875,0.926817677113489,0.910821620583762,0.873482586131401,0.917238859901318,0.827268245270696,0.615964612165524,0.0908076787788435,0.418854590021198,0.57941460873263,0.886528879838125,0.499751167884645,0.344464391398355,0.453721282275537,0.589086988361373,0.596267661711317,0.379150050682545,0.484362517661297,0.491289171252579,0.753274840104772,0.843936822637622,0.296913131222913,0.132809211440829,0.293910855678923,0.465451716233082,0.558006473447467
"C[Ins(T):R8]C",0.643278392423434,0.260452618254968,0.434291166479008,0.531489904301454,0.931777325337239,0.903108283802987,0.96109189584235,0.91351424901074,0.970955993801357,0.9801730744463,0.95282194716103,0.95931917025924,0.97241606771806,0.947324205441798,0.955930910008985,0.949155547792599,0.954382736273898,0.979261501714279,0.962426345717064,0.983096447456864,0.941698038632346,0.961775144700667,0.923210210969661,0.925477391106495,0.953799796565635,0.957871047311045,0.84424438948279,0.956485892913848,0.915792166573778,0.956579255779253,1,0.933233851654933,0.935183934831576,0.962921078029834,0.958790984763461,0.982426258825145,0.872024907046744,0.972544491570113,0.902473202779639,0.964186435428866,0.976376703745082,0.610945383250484,0.247636208580524,0.383082075560208,0.435336163765882,0.790069483195365,0.756295251538677,0.485266647389272,0.68623297438545,0.810357537469472,0.867390788337108,0.557975959034763,0.617748820084121,0.62643359743873,0.749098492092336,0.813878227011421,0.958005881540612,0.976072701577683,0.945497050561028,0.937644071492798,0.152575155989539,0.146771384775341,0.305900275582423,0.438055438069172,0.713381838035464,0.93821276534054,0.954166384241106,0.96451427924184,0.933052430036237,0.913922560013787,0.588442570548252,0.0926624248300127,0.502982415595556,0.64172166642324,0.8733115357054,0.477307436410509,0.333033636280082,0.50000551260169,0.672114700777631,0.613489358717103,0.381288452666162,0.489479824758144,0.57048730793226,0.770853564819512,0.823316301358276,0.285394226245752,0.138905596342751,0.333890351633208,0.544242049382682,0.575741832847792
"G[Ins(T):R5]C",0.728923874533002,0.244719245376827,0.330399836984835,0.455467209062594,0.890172548592889,0.9679002056783,0.861960408383686,0.809739607187795,0.922327308526478,0.894646963474922,0.973413218291848,0.938091096298024,0.902150279422547,0.866572387817011,0.815370650687222,0.98881910435485,0.96919040108065,0.900860388022816,0.973956861499531,0.906830185077667,0.807595336642948,0.953933501727874,0.784149470329152,0.762060540851974,0.863932335465474,0.813100306867143,0.958958305978554,0.958756047905888,0.830520144825278,0.936623652749192,0.933233851654933,1,0.884526412712608,0.851092159693892,0.88706462054568,0.872386781671398,0.973695537503357,0.925580438448098,0.859581531652781,0.899665267445261,0.857986110731147,0.493479903859529,0.218220792628518,0.264670206760645,0.323208216920275,0.688363809589413,0.607262872296275,0.421834068271798,0.542595594569816,0.687717072255393,0.867427307563418,0.506508783566244,0.604811173383553,0.463270231475521,0.680148736523416,0.89712383031043,0.876670334872107,0.85007955401755,0.824397873574822,0.78078487863682,0.135168118680077,0.117828111999815,0.238121046470311,0.338417119803727,0.69795714177961,0.982395952307871,0.935485220173538,0.851891024279043,0.790331776133966,0.73349586972311,0.580796584901097,0.0872283425029748,0.335176608401047,0.53843012728737,0.95773428868886,0.439501789796263,0.342823129365085,0.405993335293955,0.553037092723986,0.627893486758073,0.333329103980735,0.495563617552119,0.401051195914459,0.760741864112856,0.943610791537707,0.275446899818198,0.124916385824337,0.255519686075273,0.390104557326101,0.580002067811914
"G[Ins(T):R6]C",0.716127764289115,0.276311299663653,0.456502068986784,0.566733197652663,0.838446700289837,0.907165573282774,0.905665201461514,0.764575120394463,0.895295979116422,0.884214646023815,0.949691907749347,0.983473188832464,0.879246045616125,0.924609803564671,0.932729168025287,0.874211586852021,0.947312769085348,0.915268285803069,0.935384147350541,0.952152055167941,0.851242463702848,0.959847871157427,0.950269104923927,0.879786913806331,0.853474544331692,0.890574637093311,0.851044253697785,0.86440813196091,0.769121742824697,0.886263939360172,0.935183934831576,0.884526412712608,1,0.955542148937961,0.864039952744008,0.917298239485221,0.862666471513832,0.919438677231124,0.730291091037434,0.863033470741345,0.920592048626879,0.585770688776032,0.246429864445551,0.388971262706223,0.451042557077177,0.593754135835936,0.741121611287605,0.435864019693884,0.630122032958804,0.774176766449611,0.693524523304828,0.513877083670881,0.588789676508851,0.64643568302178,0.803022060447067,0.643045898645373,0.857020572902598,0.919397888781234,0.907060113377766,0.917519859059209,0.138127469985615,0.138853295950928,0.270427402477224,0.423926791671899,0.473068198120989,0.922488840488665,0.980280545621052,0.921637349064194,0.883336582935272,0.893488119779779,0.595908170865056,0.0942394385909401,0.519455941440458,0.68441362533435,0.857469178596372,0.460071650481211,0.325522979957832,0.497469673454122,0.684632743691912,0.340108455016811,0.36098089166382,0.318893713764463,0.574739297416223,0.816512263495818,0.81467252392254,0.281966686643575,0.129271156097883,0.326648118990204,0.546899287366061,0.295505457031726
"G[Ins(T):R7]C",0.614623709941709,0.274732296502548,0.494778540911602,0.582657754622816,0.908582564150311,0.841299289583729,0.973507576183013,0.895828375288489,0.914408423751453,0.959735584426541,0.907042500121028,0.94287537300326,0.952787914301778,0.923696668780122,0.989712843400066,0.865060444138818,0.902008082932914,0.971460338012605,0.911563383906434,0.980108927428645,0.958548645839585,0.935462567790895,0.983514732335084,0.975139794316206,0.912281295567915,0.976799710124822,0.758767670393395,0.900495386110589,0.892206845935198,0.880478768897436,0.962921078029834,0.851092159693892,0.955542148937961,1,0.908302792152319,0.980262053083432,0.7875178899115,0.957693131705235,0.842097906731557,0.911598843494861,0.986107014360721,0.644871289786443,0.259410561120448,0.446022372606871,0.497025043455621,0.767918559816913,0.814655065284504,0.494028523363757,0.730283350603934,0.852035619192675,0.794489579554945,0.546158357020161,0.591535056243705,0.717890364617746,0.795124352805313,0.692313811544116,0.911437108732409,0.982561824889496,0.944882545511626,0.983230561072209,0.152138417766523,0.160834235746791,0.329502772176819,0.482362956584991,0.631346694398593,0.878636756030669,0.939772155090989,0.986707462576627,0.938618970380761,0.968520049366512,0.563638359137426,0.0953608007485294,0.598795798541594,0.707679633701892,0.802464553335609,0.462559570949232,0.317142512755285,0.552230881656255,0.741383410599228,0.500085364174592,0.387166775338682,0.419691556522919,0.662620451195328,0.793141053854319,0.744116228869676,0.277891251554658,0.143845958397064,0.371454087552236,0.621462895798797,0.467942587608845
"C[Ins(T):R(9,)]A",0.604495552076304,0.242044516333573,0.411783584024455,0.488706724770766,0.894543740470358,0.840876741899898,0.917216328177616,0.896708596787339,0.990148643262167,0.950338227737621,0.88271363836394,0.886408827313173,0.935696161215666,0.966999028268556,0.914612864968589,0.899333393086407,0.886100168577094,0.928820110626353,0.899459624821944,0.928462797135824,0.908021680337732,0.902074362823075,0.865958731879178,0.883527062633726,0.992291368801236,0.930270678772443,0.782652028232291,0.915528765532108,0.896481094344,0.97785668740573,0.958790984763461,0.88706462054568,0.864039952744008,0.908302792152319,1,0.949016166181177,0.819098772879123,0.933054645208891,0.890178433992694,0.9957692575151,0.941796095590176,0.637709267485138,0.254121891364819,0.372305325887798,0.418894941536122,0.791164000082602,0.775075860458159,0.50310406694576,0.700269351377984,0.80469063214823,0.85626656826847,0.594956114467091,0.62017763536646,0.612631487286224,0.724966646426933,0.811068017295887,0.994536186758017,0.940501803739514,0.969531948118733,0.90199294279525,0.173914564404453,0.165664686397826,0.318842104209254,0.442368585482038,0.736667033234803,0.880708719078268,0.878833268310247,0.911629815814136,0.958363533004497,0.885199961526236,0.596560794469262,0.092604603561799,0.486116625326285,0.607984065084212,0.82794512683447,0.506696403506146,0.336830339885413,0.496046508600078,0.637348811415094,0.64468570626865,0.405611653113603,0.51606598411326,0.565250500503675,0.741479912896222,0.774716362389409,0.299593498751202,0.145217143177051,0.329609191811723,0.533480258350813,0.616424198862085
"C[Ins(T):R8]A",0.584012726639238,0.262416778146899,0.465227245885624,0.551217448885297,0.933880167041395,0.841392240930458,0.979205038263245,0.941128905034651,0.945740088044864,0.98625014310385,0.904864777780104,0.924898352162224,0.976388358070873,0.930140083169174,0.981734665229049,0.897136620656378,0.905459301188011,0.987237765205325,0.918311686301435,0.978056200078164,0.975490186671345,0.92872947481201,0.949710315944248,0.970249183419847,0.949265185397629,0.986946817333765,0.763541797439651,0.933776473862803,0.941810984535644,0.914960761270998,0.982426258825145,0.872386781671398,0.917298239485221,0.980262053083432,0.949016166181177,1,0.796488590609448,0.967201365070398,0.902721225272691,0.951728036425876,0.995840703455564,0.642609112603298,0.255290758866263,0.427068117582743,0.474050319487983,0.833243415997684,0.809474616804084,0.510546004527545,0.738378579001244,0.849602970945911,0.859971731736688,0.560365062060708,0.601006723798152,0.679267814500576,0.754904051848272,0.765944267826257,0.95053806259388,0.992593233343063,0.954001962155051,0.973234414216909,0.158431812630516,0.164285538890293,0.335871007549453,0.476074269111037,0.723456134119679,0.886875531595503,0.923253701954099,0.988393246212388,0.94969654415576,0.957088496130841,0.564695815402802,0.0923530279823402,0.561339730760921,0.66817007665344,0.809705577193966,0.472199970031549,0.319140732217119,0.531972750268159,0.71291211417973,0.609422201327623,0.393994511318826,0.487609916418718,0.630944283534162,0.76003096905665,0.75197423829751,0.281447026025544,0.145377032142728,0.362366275101822,0.600118525564795,0.578999011928365
"C[Ins(T):R5]C",0.803534739972474,0.241510978324691,0.302240065806684,0.438071632657798,0.826695265291427,0.983820919637572,0.787817104926256,0.704440876358647,0.863877909544475,0.812251740482062,0.95397801218754,0.915833375253399,0.822360830969764,0.820651120574325,0.742480171235202,0.950459605113643,0.944391603102844,0.827640113854295,0.943333995301581,0.841771987591892,0.708790606946994,0.925891641510108,0.720631383137066,0.669084589917327,0.789071492714157,0.724200620890883,0.990869087296527,0.911892012691054,0.733906034668191,0.89146405020692,0.872024907046744,0.973695537503357,0.862666471513832,0.7875178899115,0.819098772879123,0.796488590609448,1,0.875317515711844,0.769092014037537,0.828669576297623,0.78003760852713,0.447282695184025,0.206190003296271,0.222032948782876,0.28635361716235,0.570488026217462,0.545972951627942,0.373972675016807,0.466905522290953,0.626691543351019,0.792796518073715,0.464034160930299,0.585661583360514,0.402189738038703,0.676057237443292,0.856449933899284,0.804900715315475,0.771224428716897,0.761329183847676,0.702735106299889,0.120527611647052,0.103697835290238,0.19620203432696,0.287142886649961,0.598154317432861,0.970116570262506,0.910036783678608,0.773672053689733,0.719443723802452,0.652799293024361,0.577225821431663,0.0861395905366967,0.276551239031692,0.513942786699122,0.979798661038077,0.422562823401311,0.336496753657213,0.361374728415769,0.499710839705744,0.524892877793603,0.305894322432887,0.427993334244026,0.337128286365798,0.774418590192447,0.982564215266917,0.264855557549735,0.11032035507406,0.217413733427363,0.332114879422215,0.471144333769107
"C[Ins(T):R6]C",0.658504777469908,0.272169493787375,0.457596681959114,0.554218613551356,0.965094718597787,0.903571634500732,0.978679722947755,0.93288026038233,0.944440518480318,0.977665848328549,0.942542537300095,0.943555638498719,0.983029759299546,0.909209586410534,0.936903870856694,0.936022227784114,0.923608499063955,0.970579933115071,0.951539102507352,0.975936730297427,0.949468212391411,0.953750412524733,0.912010471221464,0.922198978327111,0.933747534318442,0.948183750857378,0.83910808418864,0.971930531839118,0.932452057714098,0.921562188820824,0.972544491570113,0.925580438448098,0.919438677231124,0.957693131705235,0.933054645208891,0.967201365070398,0.875317515711844,1,0.925568005394714,0.945584689757621,0.963194019119194,0.610397705134446,0.257497428809119,0.398609971433282,0.448770827983814,0.825644715678209,0.757959919291613,0.502797832931728,0.703968350259458,0.831933074853155,0.900291406178707,0.544346631100221,0.615995992244975,0.651064194219144,0.768370424893098,0.843558946819382,0.934981145742926,0.95705238100292,0.913501530325508,0.917044872882483,0.159838080437585,0.16406262817527,0.330709336752445,0.453267005297113,0.755459094973367,0.927347599713456,0.927434901135559,0.95556612486672,0.90205795011978,0.892877269350745,0.565015345208068,0.0994752973724242,0.534010177080801,0.670449555361781,0.889307953897257,0.464353052474913,0.335611358762492,0.525089868574774,0.700997809330546,0.65639530057699,0.378233482924063,0.520671888975014,0.605782851418436,0.811330198072191,0.841859058312446,0.284772528994401,0.148128455238542,0.349544012416177,0.568879348661363,0.620940458222228
"C[Ins(T):R7]C",0.472847797990199,0.217001087412997,0.368339124307721,0.440496242509717,0.946402942128685,0.775319065999814,0.91210501845946,0.97730177932813,0.88200058207701,0.95213805800165,0.820848298049182,0.789309659024072,0.959775730417744,0.785889073075413,0.831409974064596,0.896627093866606,0.807610647001341,0.915804064252874,0.852994677521858,0.880754796308837,0.925686579355054,0.828119434196008,0.762261987966339,0.85229253285843,0.896708099080458,0.888764932183404,0.722459140942421,0.950601357974382,0.976648181474519,0.852767943315828,0.902473202779639,0.859581531652781,0.730291091037434,0.842097906731557,0.890178433992694,0.902721225272691,0.769092014037537,0.925568005394714,1,0.91284115583337,0.891808074374809,0.540826062279895,0.217819330793122,0.335521612215308,0.368150794397357,0.942549051058995,0.661209304077239,0.482748222644399,0.664514170022082,0.754414861184084,0.98153193520993,0.503415883981454,0.551897114974033,0.538957417402619,0.598299961195529,0.926988804983858,0.89940367440107,0.881943555307,0.809451470643323,0.811379172236533,0.148671899857984,0.143882990278406,0.324971070786646,0.403307851163915,0.931241050247002,0.824445384253985,0.777745013394705,0.880632821690539,0.809612732827693,0.78509322777024,0.46358145104123,0.0823209035977785,0.442364212111497,0.53240898463287,0.785844105381552,0.402119919162279,0.293189621683243,0.456904010906529,0.59450796541372,0.883106986828673,0.340929297038178,0.643589417941736,0.518976162478781,0.654405531254848,0.743298812280645,0.242288027847625,0.136286587445877,0.305988690983351,0.484726094912774,0.859900685534767
"A[Ins(T):R(9,)]A",0.596682112913806,0.241511046480837,0.411973368866015,0.489074776605193,0.910346969697833,0.846337630433308,0.927585242594534,0.913462729162551,0.992943015529579,0.961978992483583,0.890770984137694,0.890560373437146,0.951064013247479,0.960045024102522,0.913950359800732,0.913146971123415,0.891730080624377,0.936248969109566,0.908286896813054,0.936668390366736,0.918682815328361,0.906738691468971,0.863894004334414,0.887143809650266,0.993568408788465,0.935270272613125,0.791613705749026,0.931248173195901,0.911399193249136,0.977750509647363,0.964186435428866,0.899665267445261,0.863033470741345,0.911598843494861,0.9957692575151,0.951728036425876,0.828669576297623,0.945584689757621,0.91284115583337,1,0.945379463938697,0.62993925111758,0.251846127872403,0.369415209159525,0.416134675895596,0.810993696713979,0.76746099249154,0.505796241180369,0.701121303161686,0.805080219959233,0.878273539865735,0.588556909728208,0.618460578311212,0.611513252144739,0.719855147493676,0.836078546212509,0.993552273771992,0.942676438180229,0.960418462124641,0.89917938605905,0.171999965400114,0.163095075842601,0.322124947935073,0.440276190151953,0.763833178090231,0.888392221299376,0.880365202999548,0.915301036155056,0.950397588010691,0.880815703469983,0.587595369054001,0.0927386808344416,0.487843128049334,0.608129107863377,0.836714821682443,0.498241082312505,0.33348671072337,0.493993467835932,0.637557222163365,0.678443587273593,0.398497281995473,0.535591309349899,0.565687949650569,0.743346126114964,0.784310269256606,0.295011233385906,0.14472053472024,0.329749822050145,0.53153240185086,0.64981134044964
"A[Ins(T):R8]A",0.575113839355106,0.262022786206551,0.473151496326694,0.556158774531591,0.926751556851414,0.827183241391109,0.979486347984655,0.937420780558864,0.939215715249019,0.983477553641366,0.896134076709526,0.922282351712125,0.973655524734532,0.929232245153918,0.98816802041348,0.882593997687648,0.896853817188318,0.986289458282493,0.908628344134059,0.978463382091436,0.979268046852235,0.922115496007895,0.960239080670389,0.978591953979037,0.945146806824894,0.9913181409485,0.74755196219873,0.922431524891976,0.936714734467319,0.904149159506239,0.976376703745082,0.857986110731147,0.920592048626879,0.986107014360721,0.941796095590176,0.995840703455564,0.78003760852713,0.963194019119194,0.891808074374809,0.945379463938697,1,0.649549402643781,0.255467095714544,0.43548306141918,0.481520178044103,0.827091759670455,0.822045713472358,0.512114194617048,0.74388583117574,0.856464999451794,0.846002881715109,0.559497270467793,0.594698518683177,0.692864677406685,0.760067860313096,0.743726184020771,0.944405059416481,0.993114309702964,0.955715919579167,0.982055979068405,0.158461037434383,0.164743949217733,0.335986116072983,0.481206000737395,0.709595744485751,0.876568847411634,0.920407779236759,0.991632252395978,0.952327987665035,0.967171937757921,0.559124793470772,0.0901948204973176,0.575297982831295,0.676093851008979,0.794349384022291,0.468986755537998,0.314836884925217,0.539044981761473,0.721707712400583,0.589445085179224,0.394330349022262,0.474201104743332,0.64412908965572,0.762388325625769,0.736320506021219,0.279634768457312,0.145379725443901,0.366020715802348,0.609101763257165,0.560309458748764
"G[Ins(T):R0]G",0.503836197789398,0.667477820658315,0.84068156739584,0.825686556615632,0.64820255673595,0.509998525245721,0.638899283592222,0.59627189079794,0.619627895854478,0.623360393557986,0.53548956212706,0.567115003036752,0.6080788095185,0.645512760909267,0.659757978639064,0.504856604052511,0.524624006706728,0.613811250048465,0.563209041173876,0.622562967692123,0.639995467103925,0.599588222177779,0.645429852126616,0.653591855904654,0.652939714156722,0.660006158711393,0.417648596682985,0.551223319212411,0.584564063272099,0.585303393952694,0.610945383250484,0.493479903859529,0.585770688776032,0.644871289786443,0.637709267485138,0.642609112603298,0.447282695184025,0.610397705134446,0.540826062279895,0.62993925111758,0.649549402643781,1,0.702376106296347,0.841621782532317,0.841491179591436,0.597059336357874,0.676176057603558,0.485487229847011,0.627370770221912,0.675462131009453,0.509945484681865,0.611086242889205,0.601544130097289,0.601726213866006,0.610659771345769,0.415565856535404,0.640367049924889,0.648041669556069,0.674854452484866,0.662241578464242,0.377071147647542,0.35678369303465,0.464954057336593,0.537433722260701,0.439775493378154,0.516424027511405,0.558428997230335,0.63425318106951,0.682678914909173,0.66975088964195,0.755640140151679,0.649067484752759,0.759671520886961,0.820700940164924,0.510060180148989,0.718008613286411,0.331970380909769,0.467660975541368,0.589519084934516,0.322768175348528,0.714392409155896,0.490941310881522,0.590736645224898,0.607632654098404,0.427901737224874,0.547020631313666,0.248880254695734,0.447160541984788,0.591141080277829,0.322408249107816
"G[Ins(T):R1]G",0.308600307493787,0.793729895622041,0.766714471694356,0.745467624213349,0.332195749136736,0.248577067017827,0.268271536414683,0.236519457139946,0.251161054369211,0.248486663647704,0.235612583293545,0.244917556403788,0.245870453105152,0.262641423660434,0.260289100369498,0.214249680968659,0.221053012953422,0.242986501951175,0.260997250968523,0.262784857636782,0.256102303271151,0.287640778093167,0.262817316161182,0.255884698553768,0.26067031358222,0.261381787353156,0.191489696852833,0.230698032467662,0.226955473836863,0.240842296933457,0.247636208580524,0.218220792628518,0.246429864445551,0.259410561120448,0.254121891364819,0.255290758866263,0.206190003296271,0.257497428809119,0.217819330793122,0.251846127872403,0.255467095714544,0.702376106296347,1,0.840776433142615,0.821906770575091,0.300212102927936,0.30171810275327,0.40960558672901,0.36713075857179,0.370259195384329,0.217347832019701,0.392623445222616,0.517617385924103,0.324603074043699,0.326015326546596,0.18393147352882,0.25523801629122,0.260031080359553,0.267992174807968,0.257083280974485,0.399320526718999,0.625181712247724,0.643507939933815,0.591976161561458,0.211229276469183,0.228771444017972,0.23331846239323,0.248252433195892,0.268343667737892,0.259758159017817,0.616309632294266,0.822717097814637,0.573547298502822,0.629990429190502,0.267664119933335,0.564674493225293,0.41972666942131,0.340655551034074,0.346798186690187,0.12483445603969,0.622314961065001,0.446636718480078,0.339488888818157,0.365695000727774,0.202486871622579,0.630826420158058,0.535205427093032,0.652578753497775,0.481930577461301,0.146001683774398
"G[Ins(T):R2]G",0.303292547294425,0.788217954560846,0.940386177278539,0.892614732892193,0.474004330921407,0.297451153855981,0.447348825696042,0.406320816750278,0.358450533170459,0.403512009063809,0.321501588260673,0.364118173419613,0.399593750742869,0.391682659915826,0.453573381646627,0.278736260490785,0.309710561587306,0.401515588834266,0.355484437893236,0.422794096319972,0.452825911156212,0.394291178279052,0.464691215812268,0.473155807618934,0.394231552218823,0.45769596495685,0.197111318364205,0.329943569391494,0.380963732663833,0.322662446551011,0.383082075560208,0.264670206760645,0.388971262706223,0.446022372606871,0.372305325887798,0.427068117582743,0.222032948782876,0.398609971433282,0.335521612215308,0.369415209159525,0.43548306141918,0.841621782532317,0.840776433142615,1,0.94411730252401,0.455932553738834,0.468227609646115,0.426184212627143,0.523987830128961,0.526318361333048,0.300223822442666,0.473099382870483,0.521174168630745,0.579498021355689,0.508598638600347,0.198597569674881,0.381093938317957,0.440623706243596,0.427441837254168,0.460936372974647,0.389068555037412,0.445297421155513,0.569653657119,0.602039246439884,0.272623938951509,0.293913309519707,0.351823625894186,0.432953923495931,0.44166047051491,0.477462832481764,0.664155161453363,0.814634330397751,0.848111871275315,0.842199163618277,0.301922587868887,0.606842022306467,0.333324582360095,0.465777647190835,0.538172485973605,0.166018424015892,0.672312831781097,0.444556666231931,0.593536828899021,0.49822523806409,0.204648832458522,0.531275418954457,0.360148175444944,0.560518136127198,0.616855799192421,0.179179677478717
"G[Ins(T):R3]G",0.355633383833968,0.794129692558736,0.927666018864245,0.902889057455505,0.516119074748107,0.363677841375073,0.494027667346648,0.43767973607137,0.410461110789065,0.447784611441033,0.383959705112492,0.426192734639058,0.443982616755999,0.445491424744154,0.499860662762616,0.334392535975243,0.372375469730132,0.452197680890503,0.413982865171028,0.475339408346747,0.491302124801836,0.455770789458375,0.515210822671178,0.513598858731425,0.437842989769738,0.499276427471317,0.261486131725316,0.380359411476684,0.415502152391514,0.376973564131649,0.435336163765882,0.323208216920275,0.451042557077177,0.497025043455621,0.418894941536122,0.474050319487983,0.28635361716235,0.448770827983814,0.368150794397357,0.416134675895596,0.481520178044103,0.841491179591436,0.821906770575091,0.94411730252401,1,0.47088883138477,0.510890418433951,0.463003325903894,0.552023163350547,0.569874147337621,0.333528217825086,0.500473270964805,0.56434716319507,0.596239214343708,0.556388922883779,0.237613616512808,0.424989702412805,0.485303963789769,0.475944088618362,0.505188105342421,0.36998393230802,0.426205762690819,0.557960466682279,0.599583365820601,0.286135032060292,0.355349170339839,0.414731756334599,0.480885659111546,0.485978189345262,0.518849591411208,0.691089290799635,0.805083775718474,0.834413590842052,0.86045300085421,0.362695702428948,0.619471193424592,0.380357065808785,0.498991004210597,0.57095825065868,0.173064528380092,0.681400106425705,0.45230305370136,0.607523384064644,0.547071292244735,0.267693487725636,0.507995584949267,0.36735443894841,0.53701671845819,0.611295873765562,0.181086269424279
"G[Ins(T):R4]G",0.311566916626475,0.282439110638193,0.458430183675544,0.493955358400669,0.893074851656909,0.598569783848158,0.852613747207431,0.955827752708441,0.757303195828794,0.878718598799257,0.65671450594954,0.638623912958781,0.884796832460637,0.663436922281245,0.770015858605416,0.743474523242916,0.644492383281825,0.839856327536409,0.705443175961697,0.784017081717867,0.899073361330404,0.691939840089503,0.699697137296616,0.830704688079312,0.807831406312344,0.844402886934165,0.516967047286577,0.838546219561278,0.949205585590819,0.706631545505697,0.790069483195365,0.688363809589413,0.593754135835936,0.767918559816913,0.791164000082602,0.833243415997684,0.570488026217462,0.825644715678209,0.942549051058995,0.810993696713979,0.827091759670455,0.597059336357874,0.300212102927936,0.455932553738834,0.47088883138477,1,0.653148573192681,0.500155044078391,0.698339360778412,0.748968106327765,0.920754590460405,0.488283250393801,0.512498664450065,0.574210404160536,0.536313136343578,0.811935191269067,0.805824069300207,0.814668139023484,0.725884734194435,0.76521456884295,0.181761103642292,0.196896789172797,0.39466521798965,0.466630400514977,0.926751386731456,0.660612646058545,0.631386847237424,0.823839031205007,0.742307789874842,0.752705490411541,0.423611456067593,0.177242642123662,0.540104209280588,0.563148309622801,0.615174270503428,0.414027709658481,0.276382818228332,0.483064699584096,0.61057171692323,0.87553383375058,0.387672001364572,0.668029008940065,0.573228123288165,0.568491709039019,0.554006367671887,0.267376174369431,0.175548250163167,0.37005788029077,0.545685208101992,0.869953759960839
"A[Ins(T):R0]A",0.439760310251453,0.299764694614563,0.489019869202876,0.538989191025159,0.722723807539473,0.599063945947281,0.787493489416004,0.734141778148052,0.754462538930551,0.779592972233687,0.660405491728264,0.710009892913517,0.762204475355992,0.785339930590393,0.833385545259342,0.619066529995183,0.660083902894523,0.782426995784976,0.664738707257661,0.76409015810506,0.79675160882327,0.70002060234507,0.806689678146368,0.821317116579781,0.788012329276731,0.825468962169869,0.523124510495468,0.689290131509107,0.738270891131487,0.700314543881615,0.756295251538677,0.607262872296275,0.741121611287605,0.814655065284504,0.775075860458159,0.809474616804084,0.545972951627942,0.757959919291613,0.661209304077239,0.76746099249154,0.822045713472358,0.676176057603558,0.30171810275327,0.468227609646115,0.510890418433951,0.653148573192681,1,0.613791328624737,0.749277735364129,0.819190723597888,0.613134082647147,0.649844407642083,0.56932878963432,0.679869382155902,0.718587461807215,0.494357406907736,0.770807068062275,0.805352686076935,0.831506689808377,0.841345825575915,0.237329853469517,0.23593351126318,0.364785797526839,0.495783702957661,0.505411645688991,0.645977695141033,0.709449460685885,0.809370418647275,0.835502340151645,0.84260153717102,0.520827008100552,0.147691162928295,0.576398106838344,0.643374630842138,0.570428124292901,0.518679235258607,0.323996449202159,0.56010757031285,0.698557038118137,0.376019706966514,0.489996635343184,0.376888147900223,0.645273516026447,0.671803889119946,0.521166327379625,0.300934748115167,0.187550944124211,0.3824593295099,0.620359334499409,0.369360550010434
"A[Ins(T):R1]A",0.2781479027046,0.582421842303585,0.455494104442988,0.49455460571228,0.530066529169326,0.405124861676873,0.512423560349241,0.506736457616743,0.491286697305416,0.510596206894937,0.435186217367218,0.443916751317195,0.508310548020938,0.477803689798995,0.497113418045706,0.436132177628418,0.42654070969074,0.500715018692923,0.451523533916805,0.491072341521259,0.516308147034385,0.460352423649262,0.473767601388246,0.503751631761734,0.509088313978235,0.516080887342237,0.350081941329463,0.478208112533466,0.505788822676146,0.462281988890282,0.485266647389272,0.421834068271798,0.435864019693884,0.494028523363757,0.50310406694576,0.510546004527545,0.373972675016807,0.502797832931728,0.482748222644399,0.505796241180369,0.512114194617048,0.485487229847011,0.40960558672901,0.426184212627143,0.463003325903894,0.500155044078391,0.613791328624737,1,0.709740591152237,0.667894479439124,0.476113310921166,0.436378851600783,0.651648156203281,0.510316380845521,0.509438222275113,0.408299078171165,0.498706485746603,0.50042052607979,0.50270768053708,0.497194710279224,0.236338362946863,0.422020110320026,0.55285518636611,0.561830490811795,0.447511241913747,0.42844093870694,0.434631232243706,0.500309426391941,0.502490793667633,0.492538003450817,0.404324891114701,0.316623087930496,0.440805278037275,0.486256662039837,0.406064058253451,0.437932147858381,0.664169197640989,0.657600172795691,0.630921864031362,0.360791995742968,0.41103475933696,0.563933043151672,0.519414578591167,0.526316495221422,0.360340565009105,0.257575443446784,0.526908334073611,0.496541222991269,0.51136366218268,0.373350097347105
"A[Ins(T):R2]A",0.3581400223432,0.430030488525592,0.571827403155827,0.592389995430748,0.720421345157997,0.522648168608159,0.742416310419663,0.729521829072432,0.675942192472268,0.726477776204686,0.582375138492956,0.616715534912101,0.718921049573215,0.681797328638789,0.74299902075537,0.568079618086504,0.570433235184722,0.71122630094299,0.606887479816287,0.702157950742009,0.758882800470898,0.632732863551112,0.719281047548461,0.763799785333833,0.721275240934993,0.76411576557433,0.427962963513485,0.642522156456393,0.714121232724016,0.626543585915224,0.68623297438545,0.542595594569816,0.630122032958804,0.730283350603934,0.700269351377984,0.738378579001244,0.466905522290953,0.703968350259458,0.664514170022082,0.701121303161686,0.74388583117574,0.627370770221912,0.36713075857179,0.523987830128961,0.552023163350547,0.698339360778412,0.749277735364129,0.709740591152237,1,0.854468324691439,0.627996649190563,0.515335609235271,0.648182013311243,0.749063394808027,0.697641162870473,0.501824571646029,0.707494052304453,0.738838956025936,0.731764725792609,0.748262317539469,0.221863964520789,0.351096972816905,0.584847109914948,0.639908810346634,0.576797091795622,0.563301453901526,0.606412913316183,0.73326527607765,0.744992603138273,0.757446931220157,0.459132824018992,0.235614327243515,0.656020898789531,0.671541845024398,0.521111724046959,0.480108913639097,0.504919468038094,0.71878490921525,0.794385047573918,0.45792599211919,0.430544611377513,0.611398317174294,0.750207429707881,0.689718466299297,0.447103779305143,0.279437261977053,0.381224113148199,0.528881857185035,0.704641609860157,0.46427826712236
"A[Ins(T):R3]A",0.525218968023973,0.428046456014842,0.577963506144413,0.632690577826172,0.832689523636322,0.682496545047191,0.85872387234836,0.813058056281658,0.788750431343461,0.836326751455251,0.733357804097965,0.763424369036328,0.830485292892779,0.796895566809885,0.855872933094183,0.704361076575649,0.71405488915714,0.831194875248348,0.75060750583333,0.827898900931226,0.854756572780861,0.776211869343365,0.836311563540951,0.859657946147859,0.820685230188184,0.863414031380918,0.588283217036844,0.77145253192036,0.804594804674073,0.744501677074964,0.810357537469472,0.687717072255393,0.774176766449611,0.852035619192675,0.80469063214823,0.849602970945911,0.626691543351019,0.831933074853155,0.754414861184084,0.805080219959233,0.856464999451794,0.675462131009453,0.370259195384329,0.526318361333048,0.569874147337621,0.748968106327765,0.819190723597888,0.667894479439124,0.854468324691439,1,0.726691727481769,0.584270737918815,0.710844503915516,0.775568916441873,0.79508259001083,0.608442238647742,0.811760273031795,0.851135901727472,0.835698340792629,0.855005628759755,0.206375773602751,0.310906711938789,0.523364035524682,0.622492915179746,0.626903368516197,0.710979422780646,0.750824486777242,0.849187277893919,0.842784120870259,0.855442097339505,0.537254710589859,0.21537728411482,0.662400860227614,0.72865237413566,0.67872463038585,0.499089367606362,0.519572434405558,0.715733238725945,0.826181086035898,0.490909981048666,0.443082898359384,0.550845165794152,0.742048996962612,0.794532530352141,0.610586155498427,0.295296686939738,0.365261312744574,0.515548532245503,0.71097037969676,0.486660342767712
"A[Ins(T):R4]A",0.530082746191986,0.227931836729945,0.33698949514277,0.420772677734586,0.938407000074662,0.79187660024508,0.873968009448448,0.942930837458922,0.848106081065089,0.914399259718543,0.81243899540841,0.762152035168683,0.926254550689047,0.739456749185212,0.777092847223074,0.899505159360213,0.793823954999741,0.885644525611921,0.846387567627796,0.840026218524474,0.876686813200763,0.816524749404995,0.70581466030535,0.793824193392785,0.853886987498513,0.83224201666784,0.748574951569228,0.945983191925023,0.954715034777801,0.828063558642137,0.867390788337108,0.867427307563418,0.693524523304828,0.794489579554945,0.85626656826847,0.859971731736688,0.792796518073715,0.900291406178707,0.98153193520993,0.878273539865735,0.846002881715109,0.509945484681865,0.217347832019701,0.300223822442666,0.333528217825086,0.920754590460405,0.613134082647147,0.476113310921166,0.627996649190563,0.726691727481769,1,0.480959525445044,0.556693249452737,0.475621495003205,0.570308759908065,0.958495188975006,0.862973456421624,0.831675447181139,0.75652721421308,0.753047662262814,0.14232732890365,0.1431420039089,0.311654765555396,0.375368164837216,0.94452309683016,0.830477700645147,0.755002516478501,0.840087053208798,0.750735197906212,0.71856125364136,0.462061356099581,0.0868758031922729,0.378359836762145,0.493918495198632,0.816817014875047,0.394424866455397,0.313161926550307,0.428385900130115,0.558061865897075,0.895205445908619,0.328326584522066,0.660583164584126,0.454084754059133,0.648535225066016,0.788420701198958,0.243139068826859,0.145848806072019,0.284159577350083,0.430542074579171,0.869262364553443
"C[Ins(T):R0]C",0.425887587178342,0.402001557789794,0.49174819879542,0.515578000689315,0.554051255827402,0.496672304069629,0.547749974762886,0.521131868574,0.584014968114601,0.553440569348979,0.508409299904037,0.515321143919624,0.541948360312175,0.589859034054698,0.555147781989338,0.500326731385551,0.498954876870152,0.537495572868693,0.528131383138525,0.550120689411712,0.542030115491914,0.542375505105627,0.536665295741993,0.541075411020301,0.597791589782469,0.561540672094534,0.432960366852699,0.517166586787646,0.514524992891027,0.571270415121089,0.557975959034763,0.506508783566244,0.513877083670881,0.546158357020161,0.594956114467091,0.560365062060708,0.464034160930299,0.544346631100221,0.503415883981454,0.588556909728208,0.559497270467793,0.611086242889205,0.392623445222616,0.473099382870483,0.500473270964805,0.488283250393801,0.649844407642083,0.436378851600783,0.515335609235271,0.584270737918815,0.480959525445044,1,0.65400550663697,0.544782885693302,0.616857083905783,0.449646832724085,0.594071867230583,0.557430551176983,0.598295287638604,0.549413033905238,0.306953428945387,0.223292982681428,0.308674868048562,0.393754569289123,0.412677421905709,0.494507704730428,0.50608663231789,0.538183189342106,0.596735960320976,0.551217195759911,0.613493352496356,0.345600509706555,0.486595616849138,0.576377031793943,0.497075727145137,0.575395682145871,0.384532794752919,0.544091932358197,0.565391884144179,0.343959473991244,0.622408212792506,0.446982754704125,0.497595302452766,0.560812994507705,0.443499187392793,0.414486485118252,0.22913803420606,0.328457881938449,0.472640242296148,0.35009248264174
"C[Ins(T):R1]C",0.543986259602891,0.631719386924512,0.567344291690102,0.622089347597484,0.638798965279023,0.615945832322815,0.599955913823446,0.550548312202043,0.625164976571645,0.598334078531134,0.610807533577103,0.60406699061203,0.594543770542333,0.619828257073034,0.584330390800814,0.596843067694848,0.593917050046589,0.592166539616962,0.626596288036416,0.608694007280085,0.568016331553242,0.636565136211995,0.570796839767363,0.557902710468364,0.615497843077628,0.584454167717924,0.559882673720366,0.601259537938223,0.551476293893517,0.622729549443759,0.617748820084121,0.604811173383553,0.588789676508851,0.591535056243705,0.62017763536646,0.601006723798152,0.585661583360514,0.615995992244975,0.551897114974033,0.618460578311212,0.594698518683177,0.601544130097289,0.517617385924103,0.521174168630745,0.56434716319507,0.512498664450065,0.56932878963432,0.651648156203281,0.648182013311243,0.710844503915516,0.556693249452737,0.65400550663697,1,0.612075265482951,0.699785204787622,0.539746259643415,0.61629377632361,0.593781786064392,0.611582941673717,0.567405291967147,0.32149161523113,0.395934794829274,0.547853279418073,0.580564982441842,0.472523390533771,0.603008407684113,0.592765977367906,0.580016557899746,0.599969654169556,0.55949497998416,0.622080677225086,0.444009258304897,0.518573525464877,0.641710136352974,0.631485286230244,0.548889242868713,0.775494472381953,0.735601400461404,0.704514532400315,0.374130221823354,0.530464547253921,0.601588985916313,0.557569749978152,0.709190516344337,0.578090294272475,0.37199239526225,0.607869448388762,0.540467833167025,0.54975985393153,0.37695303967732
"C[Ins(T):R2]C",0.372086288446178,0.367279266554816,0.63411850197553,0.637793134077221,0.644793147500875,0.485118898768195,0.702380527589433,0.636069032352915,0.597994760729709,0.648617316897096,0.545998475582397,0.608806289985281,0.645693352395031,0.653417822745011,0.722137446181854,0.475165862544913,0.521879373263161,0.638317868696957,0.566556677675165,0.675941166723653,0.703283062804896,0.608000717421957,0.738606830365271,0.742932478810858,0.648007837015126,0.72512784626938,0.360193732515633,0.541838798489714,0.591973351310251,0.549603175052728,0.62643359743873,0.463270231475521,0.64643568302178,0.717890364617746,0.612631487286224,0.679267814500576,0.402189738038703,0.651064194219144,0.538957417402619,0.611513252144739,0.692864677406685,0.601726213866006,0.324603074043699,0.579498021355689,0.596239214343708,0.574210404160536,0.679869382155902,0.510316380845521,0.749063394808027,0.775568916441873,0.475621495003205,0.544782885693302,0.612075265482951,1,0.871055426232453,0.34607763832532,0.629207341762563,0.701055234523799,0.693752544128519,0.724845180608627,0.202397020328876,0.246318541473338,0.493677274908946,0.619103311101887,0.398017177424423,0.4930272608156,0.583779864663676,0.683924280355018,0.715117802815835,0.755282656948936,0.430552470496842,0.19968017395941,0.862053992121647,0.818098628902767,0.482520319383348,0.409854121296481,0.436297336105842,0.799024714295208,0.872112684982843,0.2664651524436,0.382661700259622,0.363750917476518,0.931096515561978,0.774232612711089,0.379346360437801,0.248162003944049,0.332441881705049,0.555987647901414,0.813493522765745,0.27475358616332
"C[Ins(T):R3]C",0.648922300357294,0.375036305001821,0.585183078653169,0.648201034761388,0.734110102405066,0.73740534727988,0.766528289718498,0.648255658288572,0.733075280713029,0.722329451752298,0.747841807618176,0.786588531454346,0.723173669744292,0.783824936932005,0.779949527880732,0.669138985592586,0.723702282481259,0.734848204896088,0.752340091060139,0.775785840978862,0.719276691641167,0.784058332195262,0.796563845803057,0.750249454266036,0.735095344663152,0.756958490436403,0.64790233012372,0.694289643974882,0.633091530175269,0.715804472640122,0.749098492092336,0.680148736523416,0.803022060447067,0.795124352805313,0.724966646426933,0.754904051848272,0.676057237443292,0.768370424893098,0.598299961195529,0.719855147493676,0.760067860313096,0.610659771345769,0.326015326546596,0.508598638600347,0.556388922883779,0.536313136343578,0.718587461807215,0.509438222275113,0.697641162870473,0.79508259001083,0.570308759908065,0.616857083905783,0.699785204787622,0.871055426232453,1,0.51391475474179,0.727366569033482,0.762450092863845,0.783647438105627,0.76686346833683,0.19158869212309,0.225535581832547,0.420054777066954,0.553479119032994,0.414984618225381,0.71273413988495,0.764022607288769,0.751320496339553,0.778927446529861,0.774877709076194,0.573507589386148,0.192634415711906,0.729836792834616,0.818142497078906,0.736098540996203,0.478569453253433,0.468945798932831,0.755451580794816,0.833133297103631,0.273035223791217,0.414604724359384,0.368373424314481,0.815956980592804,0.905229003017978,0.668288869732473,0.290259125192651,0.292545048262419,0.485292050487979,0.716506817985143,0.257258376097745
"C[Ins(T):R4]C",0.564912690787702,0.196731199778292,0.245704513807,0.343506510457856,0.871056524349149,0.823506980957293,0.772590633416684,0.839734017383289,0.821098131112083,0.835516268507311,0.80851574617761,0.734451477108043,0.852286806677165,0.696700159751389,0.66136305341365,0.910325881691548,0.794227722806937,0.802821843602312,0.833277095201801,0.765124344067835,0.753602759171787,0.789085302918998,0.583892910587857,0.651696998742431,0.796797888338871,0.71413231833435,0.82439369495081,0.924474901998613,0.861629490604513,0.826503895603112,0.813878227011421,0.89712383031043,0.643045898645373,0.692313811544116,0.811068017295887,0.765944267826257,0.856449933899284,0.843558946819382,0.926988804983858,0.836078546212509,0.743726184020771,0.415565856535404,0.18393147352882,0.198597569674881,0.237613616512808,0.811935191269067,0.494357406907736,0.408299078171165,0.501824571646029,0.608442238647742,0.958495188975006,0.449646832724085,0.539746259643415,0.34607763832532,0.51391475474179,1,0.809983430881758,0.728644784700307,0.678188077742866,0.625297739271793,0.127079296321948,0.109685726702349,0.244414832452442,0.283742375670451,0.897719046927017,0.844888962515382,0.726538414694132,0.731411507589797,0.657312075951335,0.578805823548102,0.457190469699785,0.077291624733776,0.244412099095328,0.403192426059999,0.860363249684133,0.369018958067917,0.307281780764777,0.343389041655009,0.443719059373428,0.880643373247411,0.290340274222655,0.640640667742065,0.319531196746809,0.625857063375712,0.856748751934673,0.22652917908348,0.124274198143965,0.212630738877858,0.305786445530233,0.84803259398546
"C[Ins(T):R(9,)]G",0.602997443313944,0.242693304817465,0.422578018020578,0.494682361360912,0.901457420350083,0.82934440490543,0.923814993160404,0.909386723688437,0.984478079390156,0.955082858086642,0.874493717811098,0.878844027706436,0.940328211885615,0.961689703087571,0.9199869930965,0.890570410636079,0.871778918087915,0.926551543635312,0.893911859553152,0.930630575392631,0.91849305361471,0.896388877382325,0.870491940484885,0.894203302223852,0.995809443852521,0.939333916671825,0.763685818339717,0.912017141248076,0.901890065992273,0.969279622447717,0.958005881540612,0.876670334872107,0.857020572902598,0.911437108732409,0.994536186758017,0.95053806259388,0.804900715315475,0.934981145742926,0.89940367440107,0.993552273771992,0.944405059416481,0.640367049924889,0.25523801629122,0.381093938317957,0.424989702412805,0.805824069300207,0.770807068062275,0.498706485746603,0.707494052304453,0.811760273031795,0.862973456421624,0.594071867230583,0.61629377632361,0.629207341762563,0.727366569033482,0.809983430881758,1,0.948740105652969,0.968219918701009,0.906888726643023,0.170288259236675,0.15904435864186,0.322923984881877,0.445188126926404,0.749336054867669,0.86616199206685,0.867128130057786,0.913197592831817,0.964219677036409,0.895858294991705,0.587476643544228,0.0924637867219702,0.505682734498949,0.617225917912567,0.82126028472615,0.496749679573041,0.332000037404486,0.505489370779715,0.645476880354353,0.658270254658342,0.399454858952883,0.523497123999761,0.583752203765749,0.741424886584924,0.762229347602322,0.292157352516763,0.14418070480841,0.335160124338673,0.543617171033811,0.632057268537807
"C[Ins(T):R8]G",0.588039425958565,0.264855387411671,0.481181861828661,0.560896685261447,0.919789460883037,0.823010820689087,0.976901879335763,0.93075568977083,0.937670664997518,0.977547056908704,0.892580507311716,0.920543405145294,0.965702647865867,0.933708514966697,0.988177981824696,0.873036137890851,0.888869926162515,0.974316952497408,0.906912097923365,0.977917457669307,0.97474843620598,0.921485627036046,0.96241989609469,0.977253222261527,0.947708082210698,0.99198138586877,0.734409327893535,0.90898522786363,0.921722507975815,0.905626487673758,0.976072701577683,0.85007955401755,0.919397888781234,0.982561824889496,0.940501803739514,0.992593233343063,0.771224428716897,0.95705238100292,0.881943555307,0.942676438180229,0.993114309702964,0.648041669556069,0.260031080359553,0.440623706243596,0.485303963789769,0.814668139023484,0.805352686076935,0.50042052607979,0.738838956025936,0.851135901727472,0.831675447181139,0.557430551176983,0.593781786064392,0.701055234523799,0.762450092863845,0.728644784700307,0.948740105652969,1,0.958794124297807,0.981112226163164,0.15732852848002,0.161176475549322,0.337712460632679,0.480481159559549,0.694005264732114,0.863891740701535,0.913836929538352,0.983653398469506,0.960254640529082,0.972961977998961,0.56242925738519,0.0941027760020608,0.586776605425751,0.682389792466937,0.790386878435307,0.467703170586923,0.314050549232896,0.542114940068208,0.722329032652119,0.574813070186602,0.387810528192139,0.465630530605154,0.650444782064174,0.758720614134844,0.723901980674969,0.278661978923301,0.144357635597983,0.369716468022225,0.612415474119962,0.546411252964921
"G[Ins(T):R(9,)]A",0.609414363364086,0.259215229464822,0.468977168416049,0.540762807147609,0.853110653544594,0.805931709506656,0.919849864524438,0.85494431696491,0.961987523401472,0.92912956186403,0.861173165609386,0.897250638585922,0.90800604871623,0.984793227415874,0.958876377663819,0.831768006986132,0.864247683348923,0.919638352031978,0.870224818029204,0.933387121168429,0.909318639173035,0.89436489191612,0.930718292891802,0.923064316800527,0.971392864596893,0.951688731010657,0.728752939540596,0.855695299986668,0.847568724801834,0.939425885275959,0.945497050561028,0.824397873574822,0.907060113377766,0.944882545511626,0.969531948118733,0.954001962155051,0.761329183847676,0.913501530325508,0.809451470643323,0.960418462124641,0.955715919579167,0.674854452484866,0.267992174807968,0.427441837254168,0.475944088618362,0.725884734194435,0.831506689808377,0.50270768053708,0.731764725792609,0.835698340792629,0.75652721421308,0.598295287638604,0.611582941673717,0.693752544128519,0.783647438105627,0.678188077742866,0.968219918701009,0.958794124297807,1,0.955016567375651,0.172449568564877,0.173496766942374,0.328194288549422,0.478879050243423,0.61226769722609,0.84237588144755,0.889893271457765,0.930027880271289,0.992087429328353,0.950201815905354,0.601499324803167,0.0978749482043857,0.568201215143313,0.673147892459001,0.777669024472847,0.509555235182288,0.328630262518751,0.538948414480216,0.697414860187583,0.48845451565366,0.41475842748373,0.421878406533015,0.640258476047562,0.7673519132633,0.713928616809666,0.297347530783284,0.148450152642084,0.361749707851247,0.598278949307789,0.462071523411839
"G[Ins(T):R8]A",0.551752675280519,0.263399888926129,0.494532707844568,0.569646616780672,0.8679305488569,0.765878391223578,0.952658446872452,0.885878237614746,0.895162316987146,0.941125605469483,0.843451108497042,0.892414141670427,0.924596701795849,0.91724248963347,0.994358384811552,0.802199247630734,0.845576064792268,0.950421217054378,0.852089181734735,0.950970788420456,0.955976331374757,0.883159163896039,0.981162053307925,0.984946259666757,0.909752515300093,0.981960184401787,0.671448759269167,0.847874691116243,0.880513230989014,0.853329164987935,0.937644071492798,0.78078487863682,0.917519859059209,0.983230561072209,0.90199294279525,0.973234414216909,0.702735106299889,0.917044872882483,0.811379172236533,0.89917938605905,0.982055979068405,0.662241578464242,0.257083280974485,0.460936372974647,0.505188105342421,0.76521456884295,0.841345825575915,0.497194710279224,0.748262317539469,0.855005628759755,0.753047662262814,0.549413033905238,0.567405291967147,0.724845180608627,0.76686346833683,0.625297739271793,0.906888726643023,0.981112226163164,0.955016567375651,1,0.155152335290059,0.164607614260638,0.33340049964198,0.491454876743262,0.60933525413489,0.814535320485834,0.893302272356752,0.978168383057876,0.956156317753375,0.992005939910203,0.545401194439116,0.0895719530458076,0.611093834551735,0.693334999920203,0.722800416620411,0.460973855714797,0.298075786353743,0.548894354466472,0.736966155015609,0.469509164733604,0.393070804156103,0.397201560164642,0.672652601019058,0.744257576732121,0.65736596235811,0.270317985084725,0.142104245146012,0.375333335432905,0.634412795455833,0.444432735556655
"G[Ins(T):R0]A",0.165242361530485,0.338372590937463,0.353124244611948,0.341127845566344,0.188659001902391,0.134255965750825,0.160356367261438,0.15574165531299,0.168244258943445,0.158971054835379,0.136336141316705,0.139985388608722,0.158839332864487,0.168335363226414,0.154514157855529,0.133038355465182,0.131888026088314,0.151500774083022,0.148594185852757,0.155346120887333,0.160349219464135,0.158425870549335,0.148002318016313,0.153083142196292,0.176006608376023,0.161690081708157,0.111871430700701,0.146914235353397,0.151337795052094,0.159527877950759,0.152575155989539,0.135168118680077,0.138127469985615,0.152138417766523,0.173914564404453,0.158431812630516,0.120527611647052,0.159838080437585,0.148671899857984,0.171999965400114,0.158461037434383,0.377071147647542,0.399320526718999,0.389068555037412,0.36998393230802,0.181761103642292,0.237329853469517,0.236338362946863,0.221863964520789,0.206375773602751,0.14232732890365,0.306953428945387,0.32149161523113,0.202397020328876,0.19158869212309,0.127079296321948,0.170288259236675,0.15732852848002,0.172449568564877,0.155152335290059,1,0.289873315076146,0.300041765034804,0.248001203300129,0.13813237701556,0.135666885880515,0.135067280012456,0.150676831721107,0.171316497193388,0.154178863679125,0.344014739647311,0.357136250116812,0.279515706353598,0.305997945833205,0.14126117527784,0.386139864528523,0.197763704431978,0.189505885475836,0.173172904112166,0.107249796002686,0.445124833269104,0.256880025568255,0.196351822104051,0.193673177862783,0.114354308527121,0.436663742632826,0.203635107961253,0.266119408687502,0.227808439148335,0.116366551535948
"G[Ins(T):R1]A",0.128430227217224,0.428926829304005,0.349273223242332,0.346581354649826,0.194679536504698,0.124089540804124,0.171486564169175,0.158447633433093,0.156873617359614,0.159218181337554,0.132640928230291,0.140053012744834,0.159806676878633,0.161806731702935,0.161466058885723,0.119420022219274,0.121275190172225,0.15340419583169,0.142452180408866,0.154817150744305,0.166870345915505,0.156449793919382,0.156806756455596,0.164299878913764,0.167428719177149,0.16797387846048,0.0932982236537837,0.143215733920144,0.15561283065753,0.143824452694774,0.146771384775341,0.117828111999815,0.138853295950928,0.160834235746791,0.165664686397826,0.164285538890293,0.103697835290238,0.16406262817527,0.143882990278406,0.163095075842601,0.164743949217733,0.35678369303465,0.625181712247724,0.445297421155513,0.426205762690819,0.196896789172797,0.23593351126318,0.422020110320026,0.351096972816905,0.310906711938789,0.1431420039089,0.223292982681428,0.395934794829274,0.246318541473338,0.225535581832547,0.109685726702349,0.15904435864186,0.161176475549322,0.173496766942374,0.164607614260638,0.289873315076146,1,0.63651584817657,0.552184736793897,0.164012610338014,0.130379166547317,0.130022814806612,0.158306800328321,0.170417566023083,0.163855283830917,0.277668614854817,0.362930773263384,0.278940685046724,0.297541567071076,0.134679049480122,0.312267760452053,0.42677101345841,0.341114763974022,0.299837994136511,0.0954758617409816,0.315087647079182,0.34814619243031,0.265556464927591,0.253605657188873,0.101130340522422,0.458942218798919,0.589940646263424,0.668114589466378,0.438646067703448,0.124583390859519
"G[Ins(T):R2]A",0.170923986610801,0.534944362417068,0.514824109728527,0.501169926122134,0.382668482512179,0.229571087739865,0.355347562907135,0.356779177000092,0.305016216588258,0.337674168385772,0.255392123029629,0.269785323356013,0.338890370193628,0.304167010525837,0.332174053938878,0.251898079237935,0.241791250629969,0.319586023501901,0.27762686834656,0.322830772852441,0.362197217099001,0.296944599667053,0.321759980337335,0.353959218237278,0.335775457639751,0.356343775140761,0.171823402761498,0.298108591952252,0.338630337188795,0.278534170818967,0.305900275582423,0.238121046470311,0.270427402477224,0.329502772176819,0.318842104209254,0.335871007549453,0.19620203432696,0.330709336752445,0.324971070786646,0.322124947935073,0.335986116072983,0.464954057336593,0.643507939933815,0.569653657119,0.557960466682279,0.39466521798965,0.364785797526839,0.55285518636611,0.584847109914948,0.523364035524682,0.311654765555396,0.308674868048562,0.547853279418073,0.493677274908946,0.420054777066954,0.244414832452442,0.322923984881877,0.337712460632679,0.328194288549422,0.33340049964198,0.300041765034804,0.63651584817657,1,0.70076521692319,0.33768608066431,0.24846019874924,0.256458092980159,0.329892034816897,0.340924075858286,0.342277332094611,0.339527532977211,0.410406392825279,0.508869599676543,0.497898455964115,0.250948864381281,0.364209712495536,0.546157174495829,0.559155571806524,0.525249161765571,0.247528415491239,0.364292998847414,0.51782076265996,0.509892326722562,0.437227669296446,0.192037786723243,0.433945408027515,0.656844476390153,0.764630462047321,0.624389989132999,0.279295480597552
"G[Ins(T):R3]A",0.246454343181225,0.499302468391404,0.554790589608129,0.563654400332886,0.486453094494024,0.338954322231695,0.486953992388815,0.457941270678908,0.429409275337661,0.460950306203491,0.382270307552173,0.411529452919483,0.45759244626538,0.449872825994162,0.48568118034416,0.354140656400328,0.371644959047474,0.455810604257753,0.400430732630375,0.461547674078931,0.489092244423335,0.42634554061225,0.480528412256416,0.497487297929423,0.457887312234681,0.497409571401452,0.263422644971699,0.401464314642106,0.440026219430142,0.397063833943418,0.438055438069172,0.338417119803727,0.423926791671899,0.482362956584991,0.442368585482038,0.476074269111037,0.287142886649961,0.453267005297113,0.403307851163915,0.440276190151953,0.481206000737395,0.537433722260701,0.591976161561458,0.602039246439884,0.599583365820601,0.466630400514977,0.495783702957661,0.561830490811795,0.639908810346634,0.622492915179746,0.375368164837216,0.393754569289123,0.580564982441842,0.619103311101887,0.553479119032994,0.283742375670451,0.445188126926404,0.480481159559549,0.478879050243423,0.491454876743262,0.248001203300129,0.552184736793897,0.70076521692319,1,0.358776656242846,0.361524781828931,0.404065845156658,0.476362778458116,0.488270157743698,0.50037735884134,0.400789047791821,0.357330979062266,0.601452298768996,0.593817197566152,0.341416058133511,0.410380479428026,0.518792384261032,0.614939985067753,0.637752825546726,0.246948598165866,0.389083579370211,0.446663990532403,0.622069870590331,0.549186334988299,0.271361663341638,0.415486145764251,0.575288277290888,0.743570303827855,0.699202925455931,0.26816538635789
"G[Ins(T):R4]A",0.325963079114204,0.191823585867364,0.278402286517544,0.327538933918669,0.827880397278651,0.585214286383136,0.743688787798499,0.887639680058948,0.70916006082495,0.799617259150736,0.612910798358571,0.551646488537321,0.812948179073232,0.574015013420741,0.627069058161559,0.745798696328408,0.59499408613003,0.748040957078707,0.661669542545584,0.679260035510417,0.780970882302817,0.624080038245228,0.533758504179879,0.676909471226006,0.745168104703549,0.714339233620135,0.542337661487648,0.817293101674685,0.892665585942719,0.679572492336875,0.713381838035464,0.69795714177961,0.473068198120989,0.631346694398593,0.736667033234803,0.723456134119679,0.598154317432861,0.755459094973367,0.931241050247002,0.763833178090231,0.709595744485751,0.439775493378154,0.211229276469183,0.272623938951509,0.286135032060292,0.926751386731456,0.505411645688991,0.447511241913747,0.576797091795622,0.626903368516197,0.94452309683016,0.412677421905709,0.472523390533771,0.398017177424423,0.414984618225381,0.897719046927017,0.749336054867669,0.694005264732114,0.61226769722609,0.60933525413489,0.13813237701556,0.164012610338014,0.33768608066431,0.358776656242846,1,0.638489850453589,0.544600028795255,0.698689292972636,0.620080910617665,0.582900189426111,0.344351253317811,0.0871508123836158,0.32927164958598,0.379198427399021,0.631962152638912,0.319983901991102,0.274797148739794,0.379979694107221,0.465622651730628,0.965484725449084,0.288788235855139,0.699040907021486,0.404994076954465,0.491014689381489,0.602081435284116,0.208294844470468,0.172093518768913,0.287056554859267,0.388212031077519,0.95922713440006
"G[Ins(T):R5]A",0.741150231068411,0.258371138807424,0.359286275172128,0.485752568578246,0.881734556599973,0.973768637085913,0.870300987045782,0.792269970029554,0.916562217801028,0.891991266593241,0.980187750485297,0.960500250284586,0.896743696203306,0.880356237731515,0.843914814907669,0.97493546758595,0.983031467983649,0.914941108169946,0.974110798953718,0.916712503984834,0.812964355126228,0.965153595655567,0.823035333444629,0.785735773214844,0.854449457845551,0.82708677013583,0.964654406258566,0.949363607834125,0.820109313387859,0.926817677113489,0.93821276534054,0.982395952307871,0.922488840488665,0.878636756030669,0.880708719078268,0.886875531595503,0.970116570262506,0.927347599713456,0.824445384253985,0.888392221299376,0.876568847411634,0.516424027511405,0.228771444017972,0.293913309519707,0.355349170339839,0.660612646058545,0.645977695141033,0.42844093870694,0.563301453901526,0.710979422780646,0.830477700645147,0.494507704730428,0.603008407684113,0.4930272608156,0.71273413988495,0.844888962515382,0.86616199206685,0.863891740701535,0.84237588144755,0.814535320485834,0.135666885880515,0.130379166547317,0.24846019874924,0.361524781828931,0.638489850453589,1,0.96467774768228,0.875783562310713,0.806282506135591,0.767323378210163,0.587486257587609,0.0905305146844881,0.365991638412632,0.573695991761318,0.953838507469586,0.449890092611063,0.344094006083893,0.41639876000537,0.581893555125309,0.547587413029947,0.338920707932811,0.448108575422278,0.427167392926663,0.787361515407808,0.942901296484664,0.284884883057807,0.13289982178881,0.27537278540823,0.423718019492216,0.496868461353192
"G[Ins(T):R6]A",0.706598207713967,0.263931873686017,0.412064674858138,0.531003073398028,0.861251317431701,0.938559911387464,0.901585516889952,0.788096195170887,0.911853117435566,0.902132842093806,0.976609410200561,0.988704280602525,0.899151227650927,0.913529103065733,0.913047018219229,0.933313653324157,0.98581639294669,0.938348999409355,0.966278918481174,0.952269504004251,0.849995219721424,0.97241717101925,0.911490746640841,0.858010910496371,0.85932518078317,0.879667133460108,0.904811802294996,0.911598003393343,0.806469896587945,0.910821620583762,0.954166384241106,0.935485220173538,0.980280545621052,0.939772155090989,0.878833268310247,0.923253701954099,0.910036783678608,0.927434901135559,0.777745013394705,0.880365202999548,0.920407779236759,0.558428997230335,0.23331846239323,0.351823625894186,0.414731756334599,0.631386847237424,0.709449460685885,0.434631232243706,0.606412913316183,0.750824486777242,0.755002516478501,0.50608663231789,0.592765977367906,0.583779864663676,0.764022607288769,0.726538414694132,0.867128130057786,0.913836929538352,0.889893271457765,0.893302272356752,0.135067280012456,0.130022814806612,0.256458092980159,0.404065845156658,0.544600028795255,0.96467774768228,1,0.925794036887578,0.860967166330415,0.857550517667683,0.594589477882536,0.0888433437765485,0.45634618086354,0.635117969621877,0.892426543296571,0.455327426759721,0.327921706541108,0.460741510537177,0.64363361900166,0.427815398136235,0.353012108561719,0.37138221495339,0.513248922823664,0.795086307075323,0.862494449053056,0.280057015466901,0.126707645114502,0.303167487119225,0.495339009037292,0.37902113403938
"G[Ins(T):R7]A",0.566138594084368,0.262141749998114,0.469815807816451,0.557210487665253,0.924026523432809,0.822375926747249,0.976228657778514,0.930066035342243,0.909715972267136,0.973818939158399,0.893273508315381,0.918576319626229,0.967173958656134,0.899087304891801,0.982696132600101,0.877566257892941,0.895952020128759,0.988551617824265,0.904095572921882,0.971967821085718,0.974576664554807,0.918875565943122,0.961182897986533,0.979125188047505,0.912144984025573,0.980544708576339,0.745488522828361,0.919868329396247,0.93506297134478,0.873482586131401,0.96451427924184,0.851891024279043,0.921637349064194,0.986707462576627,0.911629815814136,0.988393246212388,0.773672053689733,0.95556612486672,0.880632821690539,0.915301036155056,0.991632252395978,0.63425318106951,0.248252433195892,0.432953923495931,0.480885659111546,0.823839031205007,0.809370418647275,0.500309426391941,0.73326527607765,0.849187277893919,0.840087053208798,0.538183189342106,0.580016557899746,0.683924280355018,0.751320496339553,0.731411507589797,0.913197592831817,0.983653398469506,0.930027880271289,0.978168383057876,0.150676831721107,0.158306800328321,0.329892034816897,0.476362778458116,0.698689292972636,0.875783562310713,0.925794036887578,1,0.925145178359371,0.959476824242243,0.541018557016155,0.0883218279284459,0.569220086026433,0.671535057241687,0.786475897350893,0.452136444015773,0.3076376071635,0.533334442776975,0.721913395489865,0.575368319380412,0.382547834084882,0.462787943593647,0.635075165524959,0.755841164792352,0.733225849711776,0.270389258324785,0.142359477842565,0.360153279677183,0.602221505677356,0.544896508962499
"G[Ins(T):R(9,)]G",0.578085818709546,0.256587584928456,0.4832987150179,0.543425354501356,0.849100522503476,0.768956256651526,0.91866738372272,0.864442420318795,0.94610716700689,0.926511463899334,0.832108375619915,0.87224320782788,0.903411245330267,0.9710785078533,0.958963330831375,0.803224020723218,0.831507877887111,0.909959146169315,0.844818856379267,0.923883619393613,0.917555805499454,0.870022885363899,0.927003528150139,0.931622527887149,0.970029691031402,0.958716961315873,0.681700383362531,0.837227134875349,0.849294557298461,0.917238859901318,0.933052430036237,0.790331776133966,0.883336582935272,0.938618970380761,0.958363533004497,0.94969654415576,0.719443723802452,0.90205795011978,0.809612732827693,0.950397588010691,0.952327987665035,0.682678914909173,0.268343667737892,0.44166047051491,0.485978189345262,0.742307789874842,0.835502340151645,0.502490793667633,0.744992603138273,0.842784120870259,0.750735197906212,0.596735960320976,0.599969654169556,0.715117802815835,0.778927446529861,0.657312075951335,0.964219677036409,0.960254640529082,0.992087429328353,0.956156317753375,0.171316497193388,0.170417566023083,0.340924075858286,0.488270157743698,0.620080910617665,0.806282506135591,0.860967166330415,0.925145178359371,1,0.95996649963838,0.584291032856045,0.0975813828025185,0.594847769095949,0.681561107197114,0.742893581301003,0.503369340700552,0.314890138342346,0.547543619272975,0.705120936967895,0.496973970559273,0.41065520065398,0.424312366114817,0.666056569983138,0.751127096816658,0.671695246069457,0.290025265544755,0.146163489898226,0.368604287371804,0.617691513166897,0.474921393455223
"G[Ins(T):R8]G",0.527822220949923,0.261263880311678,0.51284048436818,0.574631436391839,0.843964459586018,0.723165259706383,0.938801501731881,0.871879955937966,0.873339927967785,0.920860098379871,0.80494639112205,0.862349366673862,0.901553043790345,0.906288331242297,0.986954714982965,0.756188018750319,0.803225876207201,0.923720480899067,0.81626921751206,0.930618363764336,0.947060739553563,0.851447159148274,0.975513760019576,0.982483003635233,0.901134645512963,0.977601534221456,0.616994110591832,0.809617575511084,0.856887459354348,0.827268245270696,0.913922560013787,0.73349586972311,0.893488119779779,0.968520049366512,0.885199961526236,0.957088496130841,0.652799293024361,0.892877269350745,0.78509322777024,0.880815703469983,0.967171937757921,0.66975088964195,0.259758159017817,0.477462832481764,0.518849591411208,0.752705490411541,0.84260153717102,0.492538003450817,0.757446931220157,0.855442097339505,0.71856125364136,0.551217195759911,0.55949497998416,0.755282656948936,0.774877709076194,0.578805823548102,0.895858294991705,0.972961977998961,0.950201815905354,0.992005939910203,0.154178863679125,0.163855283830917,0.342277332094611,0.50037735884134,0.582900189426111,0.767323378210163,0.857550517667683,0.959476824242243,0.95996649963838,1,0.533418384906042,0.090942395014293,0.646061822691988,0.707827139763003,0.682079087071853,0.456082290771532,0.2900516568667,0.567056063968875,0.749598237979355,0.440873375289697,0.390020667682879,0.379385562362819,0.706270767138921,0.736625057481548,0.607031399359103,0.264689587786298,0.143039124015967,0.387646108562865,0.658722189417533,0.420586915040243
"C[Ins(T):R0]G",0.631425015813972,0.62272281303259,0.691016795500526,0.729930659495122,0.583492611605598,0.618366778912267,0.549819220288443,0.467174938493031,0.608379810763777,0.543932768409214,0.597747551085292,0.599705699626396,0.533076358798034,0.624862033477017,0.560110692422832,0.563877125530683,0.5896832305138,0.551228399892591,0.612647521105101,0.579526844784766,0.505703439206436,0.636693161693371,0.560309516810898,0.51282873623412,0.583646696786003,0.539378478632678,0.560129637493913,0.544226392244157,0.472697835160659,0.615964612165524,0.588442570548252,0.580796584901097,0.595908170865056,0.563638359137426,0.596560794469262,0.564695815402802,0.577225821431663,0.565015345208068,0.46358145104123,0.587595369054001,0.559124793470772,0.755640140151679,0.616309632294266,0.664155161453363,0.691089290799635,0.423611456067593,0.520827008100552,0.404324891114701,0.459132824018992,0.537254710589859,0.462061356099581,0.613493352496356,0.622080677225086,0.430552470496842,0.573507589386148,0.457190469699785,0.587476643544228,0.56242925738519,0.601499324803167,0.545401194439116,0.344014739647311,0.277668614854817,0.339527532977211,0.400789047791821,0.344351253317811,0.587486257587609,0.594589477882536,0.541018557016155,0.584291032856045,0.533418384906042,1,0.607146644608873,0.551655309945143,0.699732389267539,0.614826150609796,0.669006532732267,0.360333580679223,0.377813327094728,0.457651844481208,0.246144752246569,0.673133984529948,0.447394906801252,0.401744012639317,0.590390637979552,0.560882638656118,0.496752884359481,0.212827254650271,0.319195679871696,0.40653784053904,0.227272174515894
"C[Ins(T):R1]G",0.201157489957096,0.868918256465617,0.810773557554971,0.766927849022905,0.197601165582164,0.119471020745417,0.106296111396506,0.088312750522265,0.0945939006445639,0.0906171637178935,0.0936964904968192,0.0960099951130928,0.0919590246837591,0.0985640322411995,0.0919738882640065,0.0836231451160343,0.0864503031538889,0.0872638337962621,0.121636279306895,0.105870857365157,0.096492686110618,0.138327357399935,0.0991835526881744,0.0929512506007599,0.0967938718466341,0.0944645485739344,0.0802322359302722,0.0887156899571155,0.0795985859782138,0.0908076787788435,0.0926624248300127,0.0872283425029748,0.0942394385909401,0.0953608007485294,0.092604603561799,0.0923530279823402,0.0861395905366967,0.0994752973724242,0.0823209035977785,0.0927386808344416,0.0901948204973176,0.649067484752759,0.822717097814637,0.814634330397751,0.805083775718474,0.177242642123662,0.147691162928295,0.316623087930496,0.235614327243515,0.21537728411482,0.0868758031922729,0.345600509706555,0.444009258304897,0.19968017395941,0.192634415711906,0.077291624733776,0.0924637867219702,0.0941027760020608,0.0978749482043857,0.0895719530458076,0.357136250116812,0.362930773263384,0.410406392825279,0.357330979062266,0.0871508123836158,0.0905305146844881,0.0888433437765485,0.0883218279284459,0.0975813828025185,0.090942395014293,0.607146644608873,1,0.546740250078369,0.593650319249124,0.142425895502101,0.531542631542326,0.363211602980916,0.244809254262176,0.214472605482374,0.04875626872426,0.648132134206197,0.435951177353214,0.224300749000476,0.236526233727644,0.083936609731322,0.442976787787672,0.357076830638021,0.31153704812506,0.240327877448971,0.0634462077333124
"C[Ins(T):R2]G",0.309153528160589,0.588711096569146,0.885140520670773,0.83761441830757,0.573365822344993,0.367630534325473,0.596223188274518,0.542246165358858,0.470560326438946,0.533991422237631,0.417738046709565,0.482853164903334,0.533452261753007,0.523335269617309,0.605146116871021,0.352676369360437,0.395586690528704,0.521771991655351,0.451424149630784,0.560243800576025,0.603636679415742,0.49584831875117,0.62481984114274,0.638240741604237,0.527988772975639,0.615727728545664,0.237623886583865,0.426174291960067,0.492768785368088,0.418854590021198,0.502982415595556,0.335176608401047,0.519455941440458,0.598795798541594,0.486116625326285,0.561339730760921,0.276551239031692,0.534010177080801,0.442364212111497,0.487843128049334,0.575297982831295,0.759671520886961,0.573547298502822,0.848111871275315,0.834413590842052,0.540104209280588,0.576398106838344,0.440805278037275,0.656020898789531,0.662400860227614,0.378359836762145,0.486595616849138,0.518573525464877,0.862053992121647,0.729836792834616,0.244412099095328,0.505682734498949,0.586776605425751,0.568201215143313,0.611093834551735,0.279515706353598,0.278940685046724,0.508869599676543,0.601452298768996,0.32927164958598,0.365991638412632,0.45634618086354,0.569220086026433,0.594847769095949,0.646061822691988,0.551655309945143,0.546740250078369,1,0.925757725703128,0.372183915448334,0.493164648194756,0.308839181951872,0.640724645983511,0.737591758852568,0.211340464659224,0.533867312841952,0.390587101502279,0.858886551905788,0.662710480386557,0.252571807460723,0.355784178316132,0.264702863517185,0.519309132980465,0.755640025201868,0.221612600261811
"C[Ins(T):R3]G",0.542203057992988,0.660746454933884,0.899861172022898,0.908688865940969,0.695433771506544,0.592873006780096,0.696364121824561,0.600960097997523,0.611650400992924,0.640112957654727,0.612567728560739,0.660713296702202,0.641668808571899,0.656572920483604,0.699473829546777,0.538148169175232,0.587439372792906,0.642986739101808,0.633783807614463,0.687938376175687,0.669656220246442,0.676339460053145,0.722074914287434,0.697270471828636,0.631405576174121,0.69066723510546,0.481847036683799,0.583585158824005,0.571626012778614,0.57941460873263,0.64172166642324,0.53843012728737,0.68441362533435,0.707679633701892,0.607984065084212,0.66817007665344,0.513942786699122,0.670449555361781,0.53240898463287,0.608129107863377,0.676093851008979,0.820700940164924,0.629990429190502,0.842199163618277,0.86045300085421,0.563148309622801,0.643374630842138,0.486256662039837,0.671541845024398,0.72865237413566,0.493918495198632,0.576377031793943,0.641710136352974,0.818098628902767,0.818142497078906,0.403192426059999,0.617225917912567,0.682389792466937,0.673147892459001,0.693334999920203,0.305997945833205,0.297541567071076,0.497898455964115,0.593817197566152,0.379198427399021,0.573695991761318,0.635117969621877,0.671535057241687,0.681561107197114,0.707827139763003,0.699732389267539,0.593650319249124,0.925757725703128,1,0.597176396822838,0.607217692461234,0.384768793359017,0.644959470427945,0.763572830590576,0.247706871572977,0.608868913615286,0.443790155407455,0.796949244007624,0.79368347096942,0.49801002892723,0.420279570197067,0.277043457381325,0.50142051926804,0.721061690873651,0.241066078002255
"C[Ins(T):R4]G",0.849936585131919,0.302450721831236,0.38774646982035,0.514251316604804,0.863088233833361,0.982316130959074,0.813641041701014,0.733276335947261,0.864268080290918,0.823994517656739,0.943061445827195,0.906905797174303,0.834072101871177,0.826688215439916,0.762257452691228,0.935650302673671,0.9191824622814,0.831967155423824,0.942385588341771,0.850694952705153,0.736233321222036,0.933530673306049,0.742502443608303,0.699110591276402,0.805826115156241,0.748918952457019,0.961060418881859,0.91204911518043,0.754755303546995,0.886528879838125,0.8733115357054,0.95773428868886,0.857469178596372,0.802464553335609,0.82794512683447,0.809705577193966,0.979798661038077,0.889307953897257,0.785844105381552,0.836714821682443,0.794349384022291,0.510060180148989,0.267664119933335,0.301922587868887,0.362695702428948,0.615174270503428,0.570428124292901,0.406064058253451,0.521111724046959,0.67872463038585,0.816817014875047,0.497075727145137,0.631485286230244,0.482520319383348,0.736098540996203,0.860363249684133,0.82126028472615,0.790386878435307,0.777669024472847,0.722800416620411,0.14126117527784,0.134679049480122,0.250948864381281,0.341416058133511,0.631962152638912,0.953838507469586,0.892426543296571,0.786475897350893,0.742893581301003,0.682079087071853,0.614826150609796,0.142425895502101,0.372183915448334,0.597176396822838,1,0.455234101559713,0.371134119067284,0.427773911453646,0.564566236746755,0.542417994456686,0.345834702252431,0.469276803948771,0.421437067237051,0.824563459880473,0.981194146355948,0.292469105685733,0.145848406545064,0.27098005583299,0.401204163253132,0.493500803100824
"A[Ins(T):R0]C",0.451857755655935,0.549501685828091,0.610017938354977,0.632825959086296,0.498891396472642,0.456388259208783,0.459016406719199,0.413649500210295,0.505142233568511,0.459735118846161,0.45206861419463,0.461760246968408,0.44963464023495,0.512995491370733,0.466467862736111,0.436565906164261,0.450306068248775,0.454628129439088,0.470770705258332,0.471365317194767,0.442540476879529,0.490996229060569,0.456020068249826,0.440148173992618,0.502042846527096,0.46543792433801,0.404375393051268,0.440373423142663,0.414876657956895,0.499751167884645,0.477307436410509,0.439501789796263,0.460071650481211,0.462559570949232,0.506696403506146,0.472199970031549,0.422562823401311,0.464353052474913,0.402119919162279,0.498241082312505,0.468986755537998,0.718008613286411,0.564674493225293,0.606842022306467,0.619471193424592,0.414027709658481,0.518679235258607,0.437932147858381,0.480108913639097,0.499089367606362,0.394424866455397,0.575395682145871,0.548889242868713,0.409854121296481,0.478569453253433,0.369018958067917,0.496749679573041,0.467703170586923,0.509555235182288,0.460973855714797,0.386139864528523,0.312267760452053,0.364209712495536,0.410380479428026,0.319983901991102,0.449890092611063,0.455327426759721,0.452136444015773,0.503369340700552,0.456082290771532,0.669006532732267,0.531542631542326,0.493164648194756,0.607217692461234,0.455234101559713,1,0.33578157742495,0.3712662492702,0.443118392270109,0.246326964892544,0.66924787118686,0.438313165008122,0.385635717960424,0.490714681832372,0.402954449598704,0.577620071097763,0.23953055148224,0.334931401986091,0.404446503944392,0.241832276861956
"A[Ins(T):R1]C",0.31892120974061,0.614524660052991,0.36737471234886,0.418405694225422,0.35995886400453,0.354216318625036,0.320659980509185,0.286519223998398,0.340432766656496,0.317486390769212,0.345173355653102,0.335386078350892,0.31785660457409,0.336710238920051,0.307423227966405,0.333598706359062,0.331119992802358,0.315783021654332,0.352827420646776,0.330029255337265,0.296571105523936,0.358697540073536,0.305930719821525,0.291773621394977,0.327579397934396,0.304167494024542,0.32332380198054,0.328475683139989,0.288159982809261,0.344464391398355,0.333033636280082,0.342823129365085,0.325522979957832,0.317142512755285,0.336830339885413,0.319140732217119,0.336496753657213,0.335611358762492,0.293189621683243,0.33348671072337,0.314836884925217,0.331970380909769,0.41972666942131,0.333324582360095,0.380357065808785,0.276382818228332,0.323996449202159,0.664169197640989,0.504919468038094,0.519572434405558,0.313161926550307,0.384532794752919,0.775494472381953,0.436297336105842,0.468945798932831,0.307281780764777,0.332000037404486,0.314050549232896,0.328630262518751,0.298075786353743,0.197763704431978,0.42677101345841,0.546157174495829,0.518792384261032,0.274797148739794,0.344094006083893,0.327921706541108,0.3076376071635,0.314890138342346,0.2900516568667,0.360333580679223,0.363211602980916,0.308839181951872,0.384768793359017,0.371134119067284,0.33578157742495,1,0.697192500693589,0.568871831940108,0.198699436852216,0.320806260314967,0.490761185365167,0.390128168433767,0.490098265095793,0.339807481166932,0.226483143121808,0.778356237261655,0.538487355383179,0.398513604763657,0.217534269060298
"A[Ins(T):R2]C",0.317865687085247,0.491588577550725,0.515812175368475,0.545043279262825,0.541265856456403,0.41976136248654,0.556966720424034,0.514314601159291,0.483879467989548,0.518507470344914,0.453657888481362,0.481740990715283,0.520800800612777,0.510058418992493,0.551179861286354,0.410575968345087,0.426091583506986,0.50806013300773,0.4739952072185,0.534073177209039,0.550586366660265,0.497560847769563,0.558931435205058,0.567330366020474,0.515212156669708,0.557656291678657,0.323998088434223,0.457981293120335,0.485307108368098,0.453721282275537,0.50000551260169,0.405993335293955,0.497469673454122,0.552230881656255,0.496046508600078,0.531972750268159,0.361374728415769,0.525089868574774,0.456904010906529,0.493993467835932,0.539044981761473,0.467660975541368,0.340655551034074,0.465777647190835,0.498991004210597,0.483064699584096,0.56010757031285,0.657600172795691,0.71878490921525,0.715733238725945,0.428385900130115,0.544091932358197,0.735601400461404,0.799024714295208,0.755451580794816,0.343389041655009,0.505489370779715,0.542114940068208,0.538948414480216,0.548894354466472,0.189505885475836,0.341114763974022,0.559155571806524,0.614939985067753,0.379979694107221,0.41639876000537,0.460741510537177,0.533334442776975,0.547543619272975,0.567056063968875,0.377813327094728,0.244809254262176,0.640724645983511,0.644959470427945,0.427773911453646,0.3712662492702,0.697192500693589,1,0.827326947300976,0.275782752526453,0.365466887938019,0.479131696036469,0.77087112305245,0.695457415900728,0.353373417901519,0.215035637813625,0.55219888155299,0.587096045232387,0.684178494200261,0.293527023666936
"A[Ins(T):R3]C",0.441090117282689,0.449718858718741,0.593853123769936,0.636469532587057,0.704805099429933,0.571800383836322,0.738219785013603,0.667684003620615,0.630669568242167,0.688843518704415,0.620009162350117,0.661201521128542,0.690062967780134,0.660499620262301,0.737641190108116,0.56138078273042,0.594189720339954,0.689355740034702,0.634791131302894,0.711863940411935,0.72591275458878,0.668865337671384,0.748783373438508,0.750494860778635,0.656520009733917,0.736112567212906,0.463812676871841,0.619161949085792,0.643716002106757,0.589086988361373,0.672114700777631,0.553037092723986,0.684632743691912,0.741383410599228,0.637348811415094,0.71291211417973,0.499710839705744,0.700997809330546,0.59450796541372,0.637557222163365,0.721707712400583,0.589519084934516,0.346798186690187,0.538172485973605,0.57095825065868,0.61057171692323,0.698557038118137,0.630921864031362,0.794385047573918,0.826181086035898,0.558061865897075,0.565391884144179,0.704514532400315,0.872112684982843,0.833133297103631,0.443719059373428,0.645476880354353,0.722329032652119,0.697414860187583,0.736966155015609,0.173172904112166,0.299837994136511,0.525249161765571,0.637752825546726,0.465622651730628,0.581893555125309,0.64363361900166,0.721913395489865,0.705120936967895,0.749598237979355,0.457651844481208,0.214472605482374,0.737591758852568,0.763572830590576,0.564566236746755,0.443118392270109,0.568871831940108,0.827326947300976,1,0.332213124651702,0.396559188891903,0.454312302852033,0.827934459615343,0.789281822526697,0.482678728709621,0.251651250315906,0.423965144223835,0.575691961269501,0.767248653447612,0.334896368470831
"A[Ins(T):R4]C",0.193951395684328,0.111628340016682,0.170691302259613,0.206209140673081,0.739633905647819,0.492016082632328,0.632528238453475,0.812039104116897,0.620229418097702,0.706655656594194,0.518028568053827,0.439249455803024,0.724876982019291,0.45861453636163,0.491059167522403,0.67933229902567,0.501781014261501,0.638039905667101,0.568762219350189,0.569390971858337,0.675888821663793,0.51193634592012,0.386442134507455,0.547685055827443,0.65379286886986,0.596499478135966,0.473018119633183,0.742879939777668,0.812689528196873,0.596267661711317,0.613489358717103,0.627893486758073,0.340108455016811,0.500085364174592,0.64468570626865,0.609422201327623,0.524892877793603,0.65639530057699,0.883106986828673,0.678443587273593,0.589445085179224,0.322768175348528,0.12483445603969,0.166018424015892,0.173064528380092,0.87553383375058,0.376019706966514,0.360791995742968,0.45792599211919,0.490909981048666,0.895205445908619,0.343959473991244,0.374130221823354,0.2664651524436,0.273035223791217,0.880643373247411,0.658270254658342,0.574813070186602,0.48845451565366,0.469509164733604,0.107249796002686,0.0954758617409816,0.247528415491239,0.246948598165866,0.965484725449084,0.547587413029947,0.427815398136235,0.575368319380412,0.496973970559273,0.440873375289697,0.246144752246569,0.04875626872426,0.211340464659224,0.247706871572977,0.542417994456686,0.246326964892544,0.198699436852216,0.275782752526453,0.332213124651702,1,0.219191380826728,0.681130954657464,0.280966336203054,0.356242344862729,0.521322526872518,0.146231939834502,0.101425841966895,0.181164233483735,0.257987649706455,0.993041423865156
"C[Ins(T):R0]A",0.33703781516908,0.617077370588434,0.668705145457045,0.664658003264557,0.420661976977035,0.34114685667689,0.387262566683079,0.360932124105052,0.394824486402309,0.38257688763957,0.346618523237162,0.357564089679577,0.376141403655461,0.400644938815669,0.392305863689453,0.333874133051632,0.341455399109428,0.380047303810937,0.366409693733153,0.385652094291093,0.386264348123243,0.389685818946668,0.384641319504221,0.386539371848053,0.404320762706024,0.393737556504003,0.287973443400013,0.354172703358635,0.35906515678492,0.379150050682545,0.381288452666162,0.333329103980735,0.36098089166382,0.387166775338682,0.405611653113603,0.393994511318826,0.305894322432887,0.378233482924063,0.340929297038178,0.398497281995473,0.394330349022262,0.714392409155896,0.622314961065001,0.672312831781097,0.681400106425705,0.387672001364572,0.489996635343184,0.41103475933696,0.430544611377513,0.443082898359384,0.328326584522066,0.622408212792506,0.530464547253921,0.382661700259622,0.414604724359384,0.290340274222655,0.399454858952883,0.387810528192139,0.41475842748373,0.393070804156103,0.445124833269104,0.315087647079182,0.364292998847414,0.389083579370211,0.288788235855139,0.338920707932811,0.353012108561719,0.382547834084882,0.41065520065398,0.390020667682879,0.673133984529948,0.648132134206197,0.533867312841952,0.608868913615286,0.345834702252431,0.66924787118686,0.320806260314967,0.365466887938019,0.396559188891903,0.219191380826728,1,0.451463919887147,0.385113270416708,0.418078464780938,0.290623972033758,0.579947882378525,0.251556661867453,0.32387203431318,0.389958330497235,0.224179339233208
"C[Ins(T):R1]A",0.261352989059981,0.505608779352454,0.465561228518729,0.482290818249826,0.612520314357134,0.422185390935653,0.506261797451517,0.603651873388635,0.501116468886924,0.54446782908104,0.430981519784387,0.381880049468691,0.556226538431242,0.403141226419054,0.412131486337078,0.524209269721906,0.41510198680907,0.501275378659702,0.474489676337221,0.466226623599326,0.525156532109538,0.445328063839979,0.349196015391795,0.444893168120317,0.522561821891957,0.478734752865997,0.388938772902624,0.565915372747046,0.601938057073617,0.484362517661297,0.489479824758144,0.495563617552119,0.318893713764463,0.419691556522919,0.51606598411326,0.487609916418718,0.427993334244026,0.520671888975014,0.643589417941736,0.535591309349899,0.474201104743332,0.490941310881522,0.446636718480078,0.444556666231931,0.45230305370136,0.668029008940065,0.376888147900223,0.563933043151672,0.611398317174294,0.550845165794152,0.660583164584126,0.446982754704125,0.601588985916313,0.363750917476518,0.368373424314481,0.640640667742065,0.523497123999761,0.465630530605154,0.421878406533015,0.397201560164642,0.256880025568255,0.34814619243031,0.51782076265996,0.446663990532403,0.699040907021486,0.448108575422278,0.37138221495339,0.462787943593647,0.424312366114817,0.379385562362819,0.447394906801252,0.435951177353214,0.390587101502279,0.443790155407455,0.469276803948771,0.438313165008122,0.490761185365167,0.479131696036469,0.454312302852033,0.681130954657464,0.451463919887147,1,0.39221051088101,0.449106883252973,0.428914436182523,0.312206978066565,0.402413421960605,0.376740848102525,0.369395149019324,0.690201316826822
"C[Ins(T):R2]A",0.300149435365982,0.375188346791658,0.644341519315009,0.635952501089224,0.611926943776562,0.41761651813288,0.661451474739805,0.61565004640186,0.544288401262227,0.607292255009109,0.479376843844947,0.540670987678413,0.606636574645914,0.592113599771689,0.667526954306627,0.419804656765732,0.454213558113264,0.590602638498413,0.503115831139878,0.619351861330888,0.669617110217823,0.540906343777564,0.680208763742568,0.700244605874095,0.605232363515349,0.681612366488844,0.293474699087925,0.499773759645063,0.568149151776782,0.491289171252579,0.57048730793226,0.401051195914459,0.574739297416223,0.662620451195328,0.565250500503675,0.630944283534162,0.337128286365798,0.605782851418436,0.518976162478781,0.565687949650569,0.64412908965572,0.590736645224898,0.339488888818157,0.593536828899021,0.607523384064644,0.573228123288165,0.645273516026447,0.519414578591167,0.750207429707881,0.742048996962612,0.454084754059133,0.497595302452766,0.557569749978152,0.931096515561978,0.815956980592804,0.319531196746809,0.583752203765749,0.650444782064174,0.640258476047562,0.672652601019058,0.196351822104051,0.265556464927591,0.509892326722562,0.622069870590331,0.404994076954465,0.427167392926663,0.513248922823664,0.635075165524959,0.666056569983138,0.706270767138921,0.401744012639317,0.224300749000476,0.858886551905788,0.796949244007624,0.421437067237051,0.385635717960424,0.390128168433767,0.77087112305245,0.827934459615343,0.280966336203054,0.385113270416708,0.39221051088101,1,0.731838395592503,0.318330626053013,0.247898967275475,0.308957983060782,0.547213932513394,0.798818712292209,0.292909782229281
"C[Ins(T):R3]A",0.721374372941629,0.424019075515083,0.585013167471638,0.665038413711164,0.782585138934124,0.807338096263276,0.779082790105294,0.670760588315832,0.760628692980416,0.74656685614512,0.799422940400489,0.815300435193167,0.755725905233779,0.782890812091134,0.76407579972025,0.740056417245035,0.77288159672699,0.757308077793133,0.7975363501321,0.7878270448225,0.718893941866303,0.821185208332431,0.771479596713077,0.725765296859063,0.743713277789649,0.744786861773733,0.750649856508631,0.764193452072909,0.668186546076113,0.753274840104772,0.770853564819512,0.760741864112856,0.816512263495818,0.793141053854319,0.741479912896222,0.76003096905665,0.774418590192447,0.811330198072191,0.654405531254848,0.743346126114964,0.762388325625769,0.607632654098404,0.365695000727774,0.49822523806409,0.547071292244735,0.568491709039019,0.671803889119946,0.526316495221422,0.689718466299297,0.794532530352141,0.648535225066016,0.560812994507705,0.709190516344337,0.774232612711089,0.905229003017978,0.625857063375712,0.741424886584924,0.758720614134844,0.7673519132633,0.744257576732121,0.193673177862783,0.253605657188873,0.437227669296446,0.549186334988299,0.491014689381489,0.787361515407808,0.795086307075323,0.755841164792352,0.751127096816658,0.736625057481548,0.590390637979552,0.236526233727644,0.662710480386557,0.79368347096942,0.824563459880473,0.490714681832372,0.490098265095793,0.695457415900728,0.789281822526697,0.356242344862729,0.418078464780938,0.449106883252973,0.731838395592503,1,0.781197022667028,0.304500334315746,0.307948852860658,0.473434546618605,0.661182625021809,0.335092612339727
"C[Ins(T):R4]A",0.836860703432171,0.242439040995578,0.288633065182552,0.426836784540632,0.805873810730648,0.965623633701393,0.747354031141803,0.672636476247474,0.816043278413322,0.771550943592448,0.912777042449991,0.86763020516253,0.784007590269937,0.77031121920312,0.698471732148558,0.914876275041196,0.895853150456023,0.787733259430475,0.903003835688362,0.790098090318061,0.667609960547263,0.889182948242158,0.672799119069919,0.62593655802956,0.744654372759791,0.678649376635218,0.976379914883296,0.886218989801858,0.709185710363012,0.843936822637622,0.823316301358276,0.943610791537707,0.81467252392254,0.744116228869676,0.774716362389409,0.75197423829751,0.982564215266917,0.841859058312446,0.743298812280645,0.784310269256606,0.736320506021219,0.427901737224874,0.202486871622579,0.204648832458522,0.267693487725636,0.554006367671887,0.521166327379625,0.360340565009105,0.447103779305143,0.610586155498427,0.788420701198958,0.443499187392793,0.578090294272475,0.379346360437801,0.668288869732473,0.856748751934673,0.762229347602322,0.723901980674969,0.713928616809666,0.65736596235811,0.114354308527121,0.101130340522422,0.192037786723243,0.271361663341638,0.602081435284116,0.942901296484664,0.862494449053056,0.733225849711776,0.671695246069457,0.607031399359103,0.560882638656118,0.083936609731322,0.252571807460723,0.49801002892723,0.981194146355948,0.402954449598704,0.339807481166932,0.353373417901519,0.482678728709621,0.521322526872518,0.290623972033758,0.428914436182523,0.318330626053013,0.781197022667028,1,0.255246303389113,0.115996906281571,0.207465891399505,0.309247524218305,0.470374502685821
"G[Ins(T):R0]C",0.304143883063887,0.432688024119259,0.459944897438732,0.453283157450019,0.312661822984072,0.289276216053463,0.281619514096244,0.248997093893304,0.299569713243212,0.276305601946984,0.284924308902715,0.286500419027843,0.272958213996492,0.303540286053674,0.2758636782361,0.270818724153323,0.278402274708495,0.275077834119387,0.298474871222387,0.288867282326141,0.26485902817983,0.315768695301731,0.274616399510297,0.259608198089024,0.294814051885363,0.273954493746926,0.255680010223652,0.272289913303925,0.248427120873263,0.296913131222913,0.285394226245752,0.275446899818198,0.281966686643575,0.277891251554658,0.299593498751202,0.281447026025544,0.264855557549735,0.284772528994401,0.242288027847625,0.295011233385906,0.279634768457312,0.547020631313666,0.630826420158058,0.531275418954457,0.507995584949267,0.267376174369431,0.300934748115167,0.257575443446784,0.279437261977053,0.295296686939738,0.243139068826859,0.414486485118252,0.37199239526225,0.248162003944049,0.290259125192651,0.22652917908348,0.292157352516763,0.278661978923301,0.297347530783284,0.270317985084725,0.436663742632826,0.458942218798919,0.433945408027515,0.415486145764251,0.208294844470468,0.284884883057807,0.280057015466901,0.270389258324785,0.290025265544755,0.264689587786298,0.496752884359481,0.442976787787672,0.355784178316132,0.420279570197067,0.292469105685733,0.577620071097763,0.226483143121808,0.215035637813625,0.251651250315906,0.146231939834502,0.579947882378525,0.312206978066565,0.247898967275475,0.304500334315746,0.255246303389113,1,0.330972050014822,0.483860824867801,0.380665025934429,0.152219340151275
"G[Ins(T):R1]C",0.101816304454092,0.534918273925713,0.31117979564986,0.332864067936214,0.18634119094586,0.125751967857151,0.150889608379848,0.143384139230368,0.140841871081941,0.144750629886055,0.132185067969982,0.132086989134162,0.145756626023115,0.140692498798549,0.142500068096219,0.124864613602495,0.122898132757118,0.140846184953147,0.139580973242255,0.14410122175908,0.148456020848953,0.149034230744164,0.140371275940294,0.145968634806864,0.147498040134001,0.148227694285803,0.103462192124621,0.13695786432593,0.140201380673621,0.132809211440829,0.138905596342751,0.124916385824337,0.129271156097883,0.143845958397064,0.145217143177051,0.145377032142728,0.11032035507406,0.148128455238542,0.136286587445877,0.14472053472024,0.145379725443901,0.248880254695734,0.535205427093032,0.360148175444944,0.36735443894841,0.175548250163167,0.187550944124211,0.526908334073611,0.381224113148199,0.365261312744574,0.145848806072019,0.22913803420606,0.607869448388762,0.332441881705049,0.292545048262419,0.124274198143965,0.14418070480841,0.144357635597983,0.148450152642084,0.142104245146012,0.203635107961253,0.589940646263424,0.656844476390153,0.575288277290888,0.172093518768913,0.13289982178881,0.126707645114502,0.142359477842565,0.146163489898226,0.143039124015967,0.212827254650271,0.357076830638021,0.264702863517185,0.277043457381325,0.145848406545064,0.23953055148224,0.778356237261655,0.55219888155299,0.423965144223835,0.101425841966895,0.251556661867453,0.402413421960605,0.308957983060782,0.307948852860658,0.115996906281571,0.330972050014822,1,0.685853647250399,0.433513502594979,0.138891740938986
"G[Ins(T):R2]C",0.205162662947376,0.459721046718743,0.469824959500316,0.475100531921862,0.380684925355942,0.263000771281189,0.378878946863706,0.350802189518622,0.320752112154553,0.350273574489961,0.294334058897556,0.317743181693242,0.350779807347847,0.338721762623123,0.37303666228187,0.264337668117215,0.277955086144665,0.342091760979504,0.310698152804966,0.358032149076143,0.378550541079826,0.33569479367509,0.376430525881488,0.38709219971913,0.346053213252152,0.383414707663947,0.196181799720215,0.302041060076217,0.33027492153182,0.293910855678923,0.333890351633208,0.255519686075273,0.326648118990204,0.371454087552236,0.329609191811723,0.362366275101822,0.217413733427363,0.349544012416177,0.305988690983351,0.329749822050145,0.366020715802348,0.447160541984788,0.652578753497775,0.560518136127198,0.53701671845819,0.37005788029077,0.3824593295099,0.496541222991269,0.528881857185035,0.515548532245503,0.284159577350083,0.328457881938449,0.540467833167025,0.555987647901414,0.485292050487979,0.212630738877858,0.335160124338673,0.369716468022225,0.361749707851247,0.375333335432905,0.266119408687502,0.668114589466378,0.764630462047321,0.743570303827855,0.287056554859267,0.27537278540823,0.303167487119225,0.360153279677183,0.368604287371804,0.387646108562865,0.319195679871696,0.31153704812506,0.519309132980465,0.50142051926804,0.27098005583299,0.334931401986091,0.538487355383179,0.587096045232387,0.575691961269501,0.181164233483735,0.32387203431318,0.376740848102525,0.547213932513394,0.473434546618605,0.207465891399505,0.483860824867801,0.685853647250399,1,0.709530296897317,0.212094639876176
"G[Ins(T):R3]C",0.299267970663174,0.385841232107534,0.603451440306187,0.599567810892186,0.581500725218286,0.408256642499727,0.620357643471139,0.571435160469619,0.514107684480215,0.570905566008101,0.460539664984478,0.515375365145482,0.567897948244294,0.552791842102498,0.625743431430829,0.40815610641263,0.443426130010769,0.564525084244978,0.480135197561462,0.584400998047893,0.625433417264352,0.523628505596491,0.637373280582564,0.654845462568775,0.561792313597052,0.636659774174978,0.296959800600153,0.479558126550064,0.538980665098849,0.465451716233082,0.544242049382682,0.390104557326101,0.546899287366061,0.621462895798797,0.533480258350813,0.600118525564795,0.332114879422215,0.568879348661363,0.484726094912774,0.53153240185086,0.609101763257165,0.591141080277829,0.481930577461301,0.616855799192421,0.611295873765562,0.545685208101992,0.620359334499409,0.51136366218268,0.704641609860157,0.71097037969676,0.430542074579171,0.472640242296148,0.54975985393153,0.813493522765745,0.716506817985143,0.305786445530233,0.543617171033811,0.612415474119962,0.598278949307789,0.634412795455833,0.227808439148335,0.438646067703448,0.624389989132999,0.699202925455931,0.388212031077519,0.423718019492216,0.495339009037292,0.602221505677356,0.617691513166897,0.658722189417533,0.40653784053904,0.240327877448971,0.755640025201868,0.721061690873651,0.401204163253132,0.404446503944392,0.398513604763657,0.684178494200261,0.767248653447612,0.257987649706455,0.389958330497235,0.369395149019324,0.798818712292209,0.661182625021809,0.309247524218305,0.380665025934429,0.433513502594979,0.709530296897317,1,0.27626105209021
"G[Ins(T):R4]C",0.150573153113772,0.125377959258058,0.176457207617227,0.202327829237273,0.709350803592366,0.438119360385468,0.601885773027389,0.793781007674908,0.586329120114301,0.677667531922986,0.466880963264907,0.390856946655473,0.694918241406321,0.425360294279347,0.463273405994864,0.631951441471342,0.450487123543675,0.604251418853513,0.520342843398453,0.532586348800058,0.654392639333942,0.465920784561801,0.356462321169262,0.527290965304027,0.62961074728307,0.57331393041724,0.41705358937902,0.703989892983218,0.791028277715101,0.558006473447467,0.575741832847792,0.580002067811914,0.295505457031726,0.467942587608845,0.616424198862085,0.578999011928365,0.471144333769107,0.620940458222228,0.859900685534767,0.64981134044964,0.560309458748764,0.322408249107816,0.146001683774398,0.179179677478717,0.181086269424279,0.869953759960839,0.369360550010434,0.373350097347105,0.46427826712236,0.486660342767712,0.869262364553443,0.35009248264174,0.37695303967732,0.27475358616332,0.257258376097745,0.84803259398546,0.632057268537807,0.546411252964921,0.462071523411839,0.444432735556655,0.116366551535948,0.124583390859519,0.279295480597552,0.26816538635789,0.95922713440006,0.496868461353192,0.37902113403938,0.544896508962499,0.474921393455223,0.420586915040243,0.227272174515894,0.0634462077333124,0.221612600261811,0.241066078002255,0.493500803100824,0.241832276861956,0.217534269060298,0.293527023666936,0.334896368470831,0.993041423865156,0.224179339233208,0.690201316826822,0.292909782229281,0.335092612339727,0.470374502685821,0.152219340151275,0.138891740938986,0.212094639876176,0.27626105209021,1
